base_year,series,year,indicator,frequency,revision,industry,subindustry,institutional_sector,quarter,current_price,constant_price,unit
2011-12,Current,2025-26,Gross Value Added,Annual,First Advance Estimates,"Agriculture, Livestock, Forestry and Fishing",,,,5427908,2554071,₹ Crore
2011-12,Current,2025-26,Gross Value Added,Annual,First Advance Estimates,Mining and Quarrying,,,,508554,336550,₹ Crore
2011-12,Current,2025-26,Gross Value Added,Annual,First Advance Estimates,Manufacturing,,,,4554580,3161363,₹ Crore
2011-12,Current,2025-26,Gross Value Added,Annual,First Advance Estimates,"Electricity, Gas, Water Supply & Other Utility Services",,,,817265,413702,₹ Crore
2011-12,Current,2025-26,Gross Value Added,Annual,First Advance Estimates,Construction,,,,2799847,1682792,₹ Crore
2011-12,Current,2025-26,Gross Value Added,Annual,First Advance Estimates,"Trade, Hotels, Transport, Communication & Services Related to Broadcasting",,,,5640741,3415552,₹ Crore
2011-12,Current,2025-26,Gross Value Added,Annual,First Advance Estimates,"Financial, Real Estate & Professional Services",,,,7657155,4494341,₹ Crore
2011-12,Current,2025-26,Gross Value Added,Annual,First Advance Estimates,"Public Administration, Defence & Other Services",,,,4941823,2391454,₹ Crore
2011-12,Current,2025-26,Gross Value Added,Annual,First Advance Estimates,Total Gross Value Added,,,,32347873,18449828,₹ Crore
2011-12,Current,2024-25,Gross Value Added,Annual,First Advance Estimates,"Agriculture, Livestock, Forestry and Fishing",,,,5199546,2391764,₹ Crore
2011-12,Current,2024-25,Gross Value Added,Annual,First Advance Estimates,Mining and Quarrying,,,,539567,347271,₹ Crore
2011-12,Current,2024-25,Gross Value Added,Annual,First Advance Estimates,Manufacturing,,,,4070761,2898161,₹ Crore
2011-12,Current,2024-25,Gross Value Added,Annual,First Advance Estimates,"Electricity, Gas, Water Supply & Other Utility Services",,,,682356,399781,₹ Crore
2011-12,Current,2024-25,Gross Value Added,Annual,First Advance Estimates,Construction,,,,2588257,1559160,₹ Crore
2011-12,Current,2024-25,Gross Value Added,Annual,First Advance Estimates,"Trade, Hotels, Transport, Communication & Services Related to Broadcasting",,,,5057474,3128534,₹ Crore
2011-12,Current,2024-25,Gross Value Added,Annual,First Advance Estimates,"Financial, Real Estate & Professional Services",,,,6686881,3960232,₹ Crore
2011-12,Current,2024-25,Gross Value Added,Annual,First Advance Estimates,"Public Administration, Defence & Other Services",,,,4438763,2206289,₹ Crore
2011-12,Current,2024-25,Gross Value Added,Annual,First Advance Estimates,Total Gross Value Added,,,,29263608,16891195,₹ Crore
2011-12,Current,2024-25,Gross Value Added,Annual,Second Advance Estimates,"Agriculture, Livestock, Forestry and Fishing",,,,5413355,2476032,₹ Crore
2011-12,Current,2024-25,Gross Value Added,Annual,Second Advance Estimates,Mining and Quarrying,,,,543676,339104,₹ Crore
2011-12,Current,2024-25,Gross Value Added,Annual,Second Advance Estimates,Manufacturing,,,,4149054,2947185,₹ Crore
2011-12,Current,2024-25,Gross Value Added,Annual,Second Advance Estimates,"Electricity, Gas, Water Supply & Other Utility Services",,,,796692,405839,₹ Crore
2011-12,Current,2024-25,Gross Value Added,Annual,Second Advance Estimates,Construction,,,,2609255,1561956,₹ Crore
2011-12,Current,2024-25,Gross Value Added,Annual,Second Advance Estimates,"Trade, Hotels, Transport, Communication & Services Related to Broadcasting",,,,5263368,3185439,₹ Crore
2011-12,Current,2024-25,Gross Value Added,Annual,Second Advance Estimates,"Financial, Real Estate & Professional Services",,,,6883779,4089647,₹ Crore
2011-12,Current,2024-25,Gross Value Added,Annual,Second Advance Estimates,"Public Administration, Defence & Other Services",,,,4355711,2174635,₹ Crore
2011-12,Current,2024-25,Gross Value Added,Annual,Second Advance Estimates,Total Gross Value Added,,,,30014893,17179841,₹ Crore
2011-12,Current,2024-25,Gross Value Added,Annual,Provisional Estimates,"Agriculture, Livestock, Forestry and Fishing",,,,5385290,2476804,₹ Crore
2011-12,Current,2024-25,Gross Value Added,Annual,Provisional Estimates,Mining and Quarrying,,,,540787,338883,₹ Crore
2011-12,Current,2024-25,Gross Value Added,Annual,Provisional Estimates,Manufacturing,,,,4169418,2953646,₹ Crore
2011-12,Current,2024-25,Gross Value Added,Annual,Provisional Estimates,"Electricity, Gas, Water Supply & Other Utility Services",,,,806974,405295,₹ Crore
2011-12,Current,2024-25,Gross Value Added,Annual,Provisional Estimates,Construction,,,,2627009,1572285,₹ Crore
2011-12,Current,2024-25,Gross Value Added,Annual,Provisional Estimates,"Trade, Hotels, Transport, Communication & Services Related to Broadcasting",,,,5257396,3176829,₹ Crore
2011-12,Current,2024-25,Gross Value Added,Annual,Provisional Estimates,"Financial, Real Estate & Professional Services",,,,6881866,4088071,₹ Crore
2011-12,Current,2024-25,Gross Value Added,Annual,Provisional Estimates,"Public Administration, Defence & Other Services",,,,4353290,2175627,₹ Crore
2011-12,Current,2024-25,Gross Value Added,Annual,Provisional Estimates,Total Gross Value Added,,,,30022032,17187446,₹ Crore
2011-12,Current,2023-24,Gross Value Added,Annual,First Advance Estimates,"Agriculture, Livestock, Forestry and Fishing",,,,4809250,2274933,₹ Crore
2011-12,Current,2023-24,Gross Value Added,Annual,First Advance Estimates,Mining and Quarrying,,,,617395,350869,₹ Crore
2011-12,Current,2023-24,Gross Value Added,Annual,First Advance Estimates,Manufacturing,,,,3796269,2788055,₹ Crore
2011-12,Current,2023-24,Gross Value Added,Annual,First Advance Estimates,"Electricity, Gas, Water Supply & Other Utility Services",,,,809604,372918,₹ Crore
2011-12,Current,2023-24,Gross Value Added,Annual,First Advance Estimates,Construction,,,,2221363,1375800,₹ Crore
2011-12,Current,2023-24,Gross Value Added,Annual,First Advance Estimates,"Trade, Hotels, Transport, Communication & Services Related to Broadcasting",,,,4707727,2977007,₹ Crore
2011-12,Current,2023-24,Gross Value Added,Annual,First Advance Estimates,"Financial, Real Estate & Professional Services",,,,5826764,3615545,₹ Crore
2011-12,Current,2023-24,Gross Value Added,Annual,First Advance Estimates,"Public Administration, Defence & Other Services",,,,3923818,2027026,₹ Crore
2011-12,Current,2023-24,Gross Value Added,Annual,First Advance Estimates,Total Gross Value Added,,,,26712195,15782156,₹ Crore
2011-12,Current,2023-24,Gross Value Added,Annual,Second Advance Estimates,"Agriculture, Livestock, Forestry and Fishing",,,,4692359,2287328,₹ Crore
2011-12,Current,2023-24,Gross Value Added,Annual,Second Advance Estimates,Mining and Quarrying,,,,527063,340821,₹ Crore
2011-12,Current,2023-24,Gross Value Added,Annual,Second Advance Estimates,Manufacturing,,,,3773279,2717235,₹ Crore
2011-12,Current,2023-24,Gross Value Added,Annual,Second Advance Estimates,"Electricity, Gas, Water Supply & Other Utility Services",,,,651837,374124,₹ Crore
2011-12,Current,2023-24,Gross Value Added,Annual,Second Advance Estimates,Construction,,,,2397798,1445602,₹ Crore
2011-12,Current,2023-24,Gross Value Added,Annual,Second Advance Estimates,"Trade, Hotels, Transport, Communication & Services Related to Broadcasting",,,,4688446,2957057,₹ Crore
2011-12,Current,2023-24,Gross Value Added,Annual,Second Advance Estimates,"Financial, Real Estate & Professional Services",,,,6052948,3684958,₹ Crore
2011-12,Current,2023-24,Gross Value Added,Annual,Second Advance Estimates,"Public Administration, Defence & Other Services",,,,3893944,2020578,₹ Crore
2011-12,Current,2023-24,Gross Value Added,Annual,Second Advance Estimates,Total Gross Value Added,,,,26677678,15827708,₹ Crore
2011-12,Current,2023-24,Gross Value Added,Annual,Provisional Estimates,"Agriculture, Livestock, Forestry and Fishing",,,,4725222,2304981,₹ Crore
2011-12,Current,2023-24,Gross Value Added,Annual,Provisional Estimates,Mining and Quarrying,,,,525881,337623,₹ Crore
2011-12,Current,2023-24,Gross Value Added,Annual,Provisional Estimates,Manufacturing,,,,3819748,2751680,₹ Crore
2011-12,Current,2023-24,Gross Value Added,Annual,Provisional Estimates,"Electricity, Gas, Water Supply & Other Utility Services",,,,663458,374174,₹ Crore
2011-12,Current,2023-24,Gross Value Added,Annual,Provisional Estimates,Construction,,,,2383876,1436080,₹ Crore
2011-12,Current,2023-24,Gross Value Added,Annual,Provisional Estimates,"Trade, Hotels, Transport, Communication & Services Related to Broadcasting",,,,4684542,2955766,₹ Crore
2011-12,Current,2023-24,Gross Value Added,Annual,Provisional Estimates,"Financial, Real Estate & Professional Services",,,,6064250,3691644,₹ Crore
2011-12,Current,2023-24,Gross Value Added,Annual,Provisional Estimates,"Public Administration, Defence & Other Services",,,,3895166,2021798,₹ Crore
2011-12,Current,2023-24,Gross Value Added,Annual,Provisional Estimates,Total Gross Value Added,,,,26762147,15873750,₹ Crore
2011-12,Current,2023-24,Gross Value Added,Annual,First Revised Estimates,,,Public Non-Financial Corporations,,1514828,,₹ Crore
2011-12,Current,2023-24,Gross Value Added,Annual,First Revised Estimates,,,Private Non-Financial Corporations,,9886869,,₹ Crore
2011-12,Current,2023-24,Gross Value Added,Annual,First Revised Estimates,,,Public Financial Corporations,,710855,,₹ Crore
2011-12,Current,2023-24,Gross Value Added,Annual,First Revised Estimates,,,Private Financial Corporations,,887329,,₹ Crore
2011-12,Current,2023-24,Gross Value Added,Annual,First Revised Estimates,,,General Government,,2564516,,₹ Crore
2011-12,Current,2023-24,Gross Value Added,Annual,First Revised Estimates,,,Households Including NPISH,,11848489,,₹ Crore
2011-12,Current,2023-24,Gross Value Added,Annual,First Revised Estimates,,,Total Gross Value Added,,27412888,,₹ Crore
2011-12,Current,2023-24,Gross Value Added,Annual,First Revised Estimates,"Agriculture, Livestock, Forestry and Fishing",Crops,,,2652890,1273457,₹ Crore
2011-12,Current,2023-24,Gross Value Added,Annual,First Revised Estimates,"Agriculture, Livestock, Forestry and Fishing",Livestock,,,1505615,727481,₹ Crore
2011-12,Current,2023-24,Gross Value Added,Annual,First Revised Estimates,"Agriculture, Livestock, Forestry and Fishing",Forestry and Logging,,,351236,190498,₹ Crore
2011-12,Current,2023-24,Gross Value Added,Annual,First Revised Estimates,"Agriculture, Livestock, Forestry and Fishing",Fishing and Aquaculture,,,368124,175849,₹ Crore
2011-12,Current,2023-24,Gross Value Added,Annual,First Revised Estimates,"Agriculture, Livestock, Forestry and Fishing",,,,4877867,2367286,₹ Crore
2011-12,Current,2023-24,Gross Value Added,Annual,First Revised Estimates,Mining and Quarrying,,,,532342,330007,₹ Crore
2011-12,Current,2023-24,Gross Value Added,Annual,First Revised Estimates,Manufacturing,"Food Products, Beverages and Tobacco",,,380224,243667,₹ Crore
2011-12,Current,2023-24,Gross Value Added,Annual,First Revised Estimates,Manufacturing,"Textiles, Apparel and Leather Products",,,417845,307719,₹ Crore
2011-12,Current,2023-24,Gross Value Added,Annual,First Revised Estimates,Manufacturing,Metal Products,,,585857,420272,₹ Crore
2011-12,Current,2023-24,Gross Value Added,Annual,First Revised Estimates,Manufacturing,Machinery and Equipment,,,974722,754849,₹ Crore
2011-12,Current,2023-24,Gross Value Added,Annual,First Revised Estimates,Manufacturing,Other Manufactured Goods,,,1562945,1099426,₹ Crore
2011-12,Current,2023-24,Gross Value Added,Annual,First Revised Estimates,Manufacturing,,,,3921595,2825935,₹ Crore
2011-12,Current,2023-24,Gross Value Added,Annual,First Revised Estimates,"Electricity, Gas, Water Supply & Other Utility Services",,,,766435,382775,₹ Crore
2011-12,Current,2023-24,Gross Value Added,Annual,First Revised Estimates,Construction,,,,2401618,1437788,₹ Crore
2011-12,Current,2023-24,Gross Value Added,Annual,First Revised Estimates,"Trade, Repair, Hotels and Restaurants",Trade & Repair Services,,,2812001,1797187,₹ Crore
2011-12,Current,2023-24,Gross Value Added,Annual,First Revised Estimates,"Trade, Repair, Hotels and Restaurants",Hotels & Restaurants,,,316533,202370,₹ Crore
2011-12,Current,2023-24,Gross Value Added,Annual,First Revised Estimates,"Trade, Repair, Hotels and Restaurants",,,,3128534,1999558,₹ Crore
2011-12,Current,2023-24,Gross Value Added,Annual,First Revised Estimates,"Transport, Storage, Communication & Services Related to Broadcasting",Railways,,,178709,101345,₹ Crore
2011-12,Current,2023-24,Gross Value Added,Annual,First Revised Estimates,"Transport, Storage, Communication & Services Related to Broadcasting",Road Transport,,,773645,462922,₹ Crore
2011-12,Current,2023-24,Gross Value Added,Annual,First Revised Estimates,"Transport, Storage, Communication & Services Related to Broadcasting",Water Transport,,,22496,15166,₹ Crore
2011-12,Current,2023-24,Gross Value Added,Annual,First Revised Estimates,"Transport, Storage, Communication & Services Related to Broadcasting",Air Transport,,,33101,9975,₹ Crore
2011-12,Current,2023-24,Gross Value Added,Annual,First Revised Estimates,"Transport, Storage, Communication & Services Related to Broadcasting",Services Incidental to Transport,,,183436,100118,₹ Crore
2011-12,Current,2023-24,Gross Value Added,Annual,First Revised Estimates,"Transport, Storage, Communication & Services Related to Broadcasting",Storage,,,28210,20112,₹ Crore
2011-12,Current,2023-24,Gross Value Added,Annual,First Revised Estimates,"Transport, Storage, Communication & Services Related to Broadcasting",Communication & Services Related to Broadcasting,,,480370,285337,₹ Crore
2011-12,Current,2023-24,Gross Value Added,Annual,First Revised Estimates,"Transport, Storage, Communication & Services Related to Broadcasting",,,,1699970,994977,₹ Crore
2011-12,Current,2023-24,Gross Value Added,Annual,First Revised Estimates,Financial Services,,,,1598185,972874,₹ Crore
2011-12,Current,2023-24,Gross Value Added,Annual,First Revised Estimates,"Real Estate, Ownership of Dwelling & Professional Services",,,,4645967,2841712,₹ Crore
2011-12,Current,2023-24,Gross Value Added,Annual,First Revised Estimates,Public Administration and Defence,,,,1599733,849380,₹ Crore
2011-12,Current,2023-24,Gross Value Added,Annual,First Revised Estimates,Other Services,,,,2240636,1149180,₹ Crore
2011-12,Current,2023-24,Gross Value Added,Annual,First Revised Estimates,Total Gross Value Added,,,,27412888,16151476,₹ Crore
2011-12,Current,2022-23,Gross Value Added,Annual,First Advance Estimates,"Agriculture, Livestock, Forestry and Fishing",,,,4477171,2182582,₹ Crore
2011-12,Current,2022-23,Gross Value Added,Annual,First Advance Estimates,Mining and Quarrying,,,,705034,335810,₹ Crore
2011-12,Current,2022-23,Gross Value Added,Annual,First Advance Estimates,Manufacturing,,,,3574403,2509365,₹ Crore
2011-12,Current,2022-23,Gross Value Added,Annual,First Advance Estimates,"Electricity, Gas, Water Supply & Other Utility Services",,,,758958,339659,₹ Crore
2011-12,Current,2022-23,Gross Value Added,Annual,First Advance Estimates,Construction,,,,2004177,1171314,₹ Crore
2011-12,Current,2022-23,Gross Value Added,Annual,First Advance Estimates,"Trade, Hotels, Transport, Communication & Services Related to Broadcasting",,,,4388211,2712235,₹ Crore
2011-12,Current,2022-23,Gross Value Added,Annual,First Advance Estimates,"Financial, Real Estate & Professional Services",,,,5198108,3284129,₹ Crore
2011-12,Current,2022-23,Gross Value Added,Annual,First Advance Estimates,"Public Administration, Defence & Other Services",,,,3620148,1983575,₹ Crore
2011-12,Current,2022-23,Gross Value Added,Annual,First Advance Estimates,Total Gross Value Added,,,,24726214,14518673,₹ Crore
2011-12,Current,2022-23,Gross Value Added,Annual,Second Advance Estimates,"Agriculture, Livestock, Forestry and Fishing",,,,4520817,2221092,₹ Crore
2011-12,Current,2022-23,Gross Value Added,Annual,Second Advance Estimates,Mining and Quarrying,,,,584763,320897,₹ Crore
2011-12,Current,2022-23,Gross Value Added,Annual,Second Advance Estimates,Manufacturing,,,,3623283,2596857,₹ Crore
2011-12,Current,2022-23,Gross Value Added,Annual,Second Advance Estimates,"Electricity, Gas, Water Supply & Other Utility Services",,,,740601,345037,₹ Crore
2011-12,Current,2022-23,Gross Value Added,Annual,Second Advance Estimates,Construction,,,,2021175,1232337,₹ Crore
2011-12,Current,2022-23,Gross Value Added,Annual,Second Advance Estimates,"Trade, Hotels, Transport, Communication & Services Related to Broadcasting",,,,4475544,2804869,₹ Crore
2011-12,Current,2022-23,Gross Value Added,Annual,Second Advance Estimates,"Financial, Real Estate & Professional Services",,,,5294692,3311208,₹ Crore
2011-12,Current,2022-23,Gross Value Added,Annual,Second Advance Estimates,"Public Administration, Defence & Other Services",,,,3446122,1880292,₹ Crore
2011-12,Current,2022-23,Gross Value Added,Annual,Second Advance Estimates,Total Gross Value Added,,,,24707001,14712593,₹ Crore
2011-12,Current,2022-23,Gross Value Added,Annual,Provisional Estimates,"Agriculture, Livestock, Forestry and Fishing",,,,4557598,2234268,₹ Crore
2011-12,Current,2022-23,Gross Value Added,Annual,Provisional Estimates,Mining and Quarrying,,,,583535,324707,₹ Crore
2011-12,Current,2022-23,Gross Value Added,Annual,Provisional Estimates,Manufacturing,,,,3636171,2617059,₹ Crore
2011-12,Current,2022-23,Gross Value Added,Annual,Provisional Estimates,"Electricity, Gas, Water Supply & Other Utility Services",,,,741539,344417,₹ Crore
2011-12,Current,2022-23,Gross Value Added,Annual,Provisional Estimates,Construction,,,,2027545,1242354,₹ Crore
2011-12,Current,2022-23,Gross Value Added,Annual,Provisional Estimates,"Trade, Hotels, Transport, Communication & Services Related to Broadcasting",,,,4448155,2800111,₹ Crore
2011-12,Current,2022-23,Gross Value Added,Annual,Provisional Estimates,"Financial, Real Estate & Professional Services",,,,5300146,3320305,₹ Crore
2011-12,Current,2022-23,Gross Value Added,Annual,Provisional Estimates,"Public Administration, Defence & Other Services",,,,3448178,1881614,₹ Crore
2011-12,Current,2022-23,Gross Value Added,Annual,Provisional Estimates,Total Gross Value Added,,,,24742870,14764840,₹ Crore
2011-12,Current,2022-23,Gross Value Added,Annual,First Revised Estimates,,,Public Non-Financial Corporations,,1251180,,₹ Crore
2011-12,Current,2022-23,Gross Value Added,Annual,First Revised Estimates,,,Private Non-Financial Corporations,,8673761,,₹ Crore
2011-12,Current,2022-23,Gross Value Added,Annual,First Revised Estimates,,,Public Financial Corporations,,639972,,₹ Crore
2011-12,Current,2022-23,Gross Value Added,Annual,First Revised Estimates,,,Private Financial Corporations,,802512,,₹ Crore
2011-12,Current,2022-23,Gross Value Added,Annual,First Revised Estimates,,,General Government,,2381170,,₹ Crore
2011-12,Current,2022-23,Gross Value Added,Annual,First Revised Estimates,,,Households Including NPISH,,10910443,,₹ Crore
2011-12,Current,2022-23,Gross Value Added,Annual,First Revised Estimates,,,Total Gross Value Added,,24659041,,₹ Crore
2011-12,Current,2022-23,Gross Value Added,Annual,First Revised Estimates,"Agriculture, Livestock, Forestry and Fishing",Crops,,,2478925,1230082,₹ Crore
2011-12,Current,2022-23,Gross Value Added,Annual,First Revised Estimates,"Agriculture, Livestock, Forestry and Fishing",Livestock,,,1355460,690268,₹ Crore
2011-12,Current,2022-23,Gross Value Added,Annual,First Revised Estimates,"Agriculture, Livestock, Forestry and Fishing",Forestry and Logging,,,324875,186824,₹ Crore
2011-12,Current,2022-23,Gross Value Added,Annual,First Revised Estimates,"Agriculture, Livestock, Forestry and Fishing",Fishing and Aquaculture,,,325006,165075,₹ Crore
2011-12,Current,2022-23,Gross Value Added,Annual,First Revised Estimates,"Agriculture, Livestock, Forestry and Fishing",,,,4484267,2272250,₹ Crore
2011-12,Current,2022-23,Gross Value Added,Annual,First Revised Estimates,Mining and Quarrying,,,,494601,315256,₹ Crore
2011-12,Current,2022-23,Gross Value Added,Annual,First Revised Estimates,Manufacturing,"Food Products, Beverages and Tobacco",,,325540,209630,₹ Crore
2011-12,Current,2022-23,Gross Value Added,Annual,First Revised Estimates,Manufacturing,"Textiles, Apparel and Leather Products",,,395520,280435,₹ Crore
2011-12,Current,2022-23,Gross Value Added,Annual,First Revised Estimates,Manufacturing,Metal Products,,,641298,438862,₹ Crore
2011-12,Current,2022-23,Gross Value Added,Annual,First Revised Estimates,Manufacturing,Machinery and Equipment,,,742263,585207,₹ Crore
2011-12,Current,2022-23,Gross Value Added,Annual,First Revised Estimates,Manufacturing,Other Manufactured Goods,,,1431837,990526,₹ Crore
2011-12,Current,2022-23,Gross Value Added,Annual,First Revised Estimates,Manufacturing,,,,3536461,2504663,₹ Crore
2011-12,Current,2022-23,Gross Value Added,Annual,First Revised Estimates,"Electricity, Gas, Water Supply & Other Utility Services",,,,604208,347973,₹ Crore
2011-12,Current,2022-23,Gross Value Added,Annual,First Revised Estimates,Construction,,,,2178693,1306255,₹ Crore
2011-12,Current,2022-23,Gross Value Added,Annual,First Revised Estimates,"Trade, Repair, Hotels and Restaurants",Trade & Repair Services,,,2615145,1684541,₹ Crore
2011-12,Current,2022-23,Gross Value Added,Annual,First Revised Estimates,"Trade, Repair, Hotels and Restaurants",Hotels & Restaurants,,,239330,154176,₹ Crore
2011-12,Current,2022-23,Gross Value Added,Annual,First Revised Estimates,"Trade, Repair, Hotels and Restaurants",,,,2854476,1838718,₹ Crore
2011-12,Current,2022-23,Gross Value Added,Annual,First Revised Estimates,"Transport, Storage, Communication & Services Related to Broadcasting",Railways,,,163878,94504,₹ Crore
2011-12,Current,2022-23,Gross Value Added,Annual,First Revised Estimates,"Transport, Storage, Communication & Services Related to Broadcasting",Road Transport,,,735479,446246,₹ Crore
2011-12,Current,2022-23,Gross Value Added,Annual,First Revised Estimates,"Transport, Storage, Communication & Services Related to Broadcasting",Water Transport,,,25198,14134,₹ Crore
2011-12,Current,2022-23,Gross Value Added,Annual,First Revised Estimates,"Transport, Storage, Communication & Services Related to Broadcasting",Air Transport,,,16640,8749,₹ Crore
2011-12,Current,2022-23,Gross Value Added,Annual,First Revised Estimates,"Transport, Storage, Communication & Services Related to Broadcasting",Services Incidental to Transport,,,153735,95280,₹ Crore
2011-12,Current,2022-23,Gross Value Added,Annual,First Revised Estimates,"Transport, Storage, Communication & Services Related to Broadcasting",Storage,,,23935,17380,₹ Crore
2011-12,Current,2022-23,Gross Value Added,Annual,First Revised Estimates,"Transport, Storage, Communication & Services Related to Broadcasting",Communication & Services Related to Broadcasting,,,436804,262710,₹ Crore
2011-12,Current,2022-23,Gross Value Added,Annual,First Revised Estimates,"Transport, Storage, Communication & Services Related to Broadcasting",,,,1555672,939005,₹ Crore
2011-12,Current,2022-23,Gross Value Added,Annual,First Revised Estimates,Financial Services,,,,1442484,894602,₹ Crore
2011-12,Current,2022-23,Gross Value Added,Annual,First Revised Estimates,"Real Estate, Ownership of Dwelling & Professional Services",,,,4077678,2510871,₹ Crore
2011-12,Current,2022-23,Gross Value Added,Annual,First Revised Estimates,Public Administration and Defence,,,,1489173,828313,₹ Crore
2011-12,Current,2022-23,Gross Value Added,Annual,First Revised Estimates,Other Services,,,,1941322,1046990,₹ Crore
2011-12,Current,2022-23,Gross Value Added,Annual,First Revised Estimates,Total Gross Value Added,,,,24659041,14804900,₹ Crore
2011-12,Current,2022-23,Gross Value Added,Annual,Final Estimates,,,Public Non-Financial Corporations,,1256277,,₹ Crore
2011-12,Current,2022-23,Gross Value Added,Annual,Final Estimates,,,Private Non-Financial Corporations,,8714930,,₹ Crore
2011-12,Current,2022-23,Gross Value Added,Annual,Final Estimates,,,Public Financial Corporations,,642010,,₹ Crore
2011-12,Current,2022-23,Gross Value Added,Annual,Final Estimates,,,Private Financial Corporations,,810668,,₹ Crore
2011-12,Current,2022-23,Gross Value Added,Annual,Final Estimates,,,General Government,,2311397,,₹ Crore
2011-12,Current,2022-23,Gross Value Added,Annual,Final Estimates,,,Households Including NPISH,,10911413,,₹ Crore
2011-12,Current,2022-23,Gross Value Added,Annual,Final Estimates,,,Total Gross Value Added,,24646697,,₹ Crore
2011-12,Current,2022-23,Gross Value Added,Annual,Final Estimates,"Agriculture, Livestock, Forestry and Fishing",Crops,,,2414289,1262418,₹ Crore
2011-12,Current,2022-23,Gross Value Added,Annual,Final Estimates,"Agriculture, Livestock, Forestry and Fishing",Livestock,,,1364762,690067,₹ Crore
2011-12,Current,2022-23,Gross Value Added,Annual,Final Estimates,"Agriculture, Livestock, Forestry and Fishing",Forestry and Logging,,,344682,187516,₹ Crore
2011-12,Current,2022-23,Gross Value Added,Annual,Final Estimates,"Agriculture, Livestock, Forestry and Fishing",Fishing and Aquaculture,,,325597,165975,₹ Crore
2011-12,Current,2022-23,Gross Value Added,Annual,Final Estimates,"Agriculture, Livestock, Forestry and Fishing",,,,4449332,2305977,₹ Crore
2011-12,Current,2022-23,Gross Value Added,Annual,Final Estimates,Mining and Quarrying,,,,510682,319733,₹ Crore
2011-12,Current,2022-23,Gross Value Added,Annual,Final Estimates,Manufacturing,"Food Products, Beverages and Tobacco",,,352090,228437,₹ Crore
2011-12,Current,2022-23,Gross Value Added,Annual,Final Estimates,Manufacturing,"Textiles, Apparel and Leather Products",,,435441,308401,₹ Crore
2011-12,Current,2022-23,Gross Value Added,Annual,Final Estimates,Manufacturing,Metal Products,,,523640,360485,₹ Crore
2011-12,Current,2022-23,Gross Value Added,Annual,Final Estimates,Manufacturing,Machinery and Equipment,,,832857,657131,₹ Crore
2011-12,Current,2022-23,Gross Value Added,Annual,Final Estimates,Manufacturing,Other Manufactured Goods,,,1390836,961906,₹ Crore
2011-12,Current,2022-23,Gross Value Added,Annual,Final Estimates,Manufacturing,,,,3534866,2516363,₹ Crore
2011-12,Current,2022-23,Gross Value Added,Annual,Final Estimates,"Electricity, Gas, Water Supply & Other Utility Services",,,,609067,352331,₹ Crore
2011-12,Current,2022-23,Gross Value Added,Annual,Final Estimates,Construction,,,,2171401,1302245,₹ Crore
2011-12,Current,2022-23,Gross Value Added,Annual,Final Estimates,"Trade, Repair, Hotels and Restaurants",Trade & Repair Services,,,2604952,1677829,₹ Crore
2011-12,Current,2022-23,Gross Value Added,Annual,Final Estimates,"Trade, Repair, Hotels and Restaurants",Hotels & Restaurants,,,264593,170447,₹ Crore
2011-12,Current,2022-23,Gross Value Added,Annual,Final Estimates,"Trade, Repair, Hotels and Restaurants",,,,2869545,1848277,₹ Crore
2011-12,Current,2022-23,Gross Value Added,Annual,Final Estimates,"Transport, Storage, Communication & Services Related to Broadcasting",Railways,,,162479,93648,₹ Crore
2011-12,Current,2022-23,Gross Value Added,Annual,Final Estimates,"Transport, Storage, Communication & Services Related to Broadcasting",Road Transport,,,727638,446220,₹ Crore
2011-12,Current,2022-23,Gross Value Added,Annual,Final Estimates,"Transport, Storage, Communication & Services Related to Broadcasting",Water Transport,,,22143,14133,₹ Crore
2011-12,Current,2022-23,Gross Value Added,Annual,Final Estimates,"Transport, Storage, Communication & Services Related to Broadcasting",Air Transport,,,18140,8748,₹ Crore
2011-12,Current,2022-23,Gross Value Added,Annual,Final Estimates,"Transport, Storage, Communication & Services Related to Broadcasting",Services Incidental to Transport,,,151928,95274,₹ Crore
2011-12,Current,2022-23,Gross Value Added,Annual,Final Estimates,"Transport, Storage, Communication & Services Related to Broadcasting",Storage,,,24222,17247,₹ Crore
2011-12,Current,2022-23,Gross Value Added,Annual,Final Estimates,"Transport, Storage, Communication & Services Related to Broadcasting",Communication & Services Related to Broadcasting,,,435909,262188,₹ Crore
2011-12,Current,2022-23,Gross Value Added,Annual,Final Estimates,"Transport, Storage, Communication & Services Related to Broadcasting",,,,1542461,937462,₹ Crore
2011-12,Current,2022-23,Gross Value Added,Annual,Final Estimates,Financial Services,,,,1452678,903367,₹ Crore
2011-12,Current,2022-23,Gross Value Added,Annual,Final Estimates,"Real Estate, Ownership of Dwelling & Professional Services",,,,4147760,2555908,₹ Crore
2011-12,Current,2022-23,Gross Value Added,Annual,Final Estimates,Public Administration and Defence,,,,1443484,803342,₹ Crore
2011-12,Current,2022-23,Gross Value Added,Annual,Final Estimates,Other Services,,,,1915416,1033017,₹ Crore
2011-12,Current,2022-23,Gross Value Added,Annual,Final Estimates,Total Gross Value Added,,,,24646697,14878028,₹ Crore
2011-12,Current,2021-22,Gross Value Added,Annual,First Advance Estimates,"Agriculture, Livestock, Forestry and Fishing",,,,3945411,2119449,₹ Crore
2011-12,Current,2021-22,Gross Value Added,Annual,First Advance Estimates,Mining and Quarrying,,,,475201,336859,₹ Crore
2011-12,Current,2021-22,Gross Value Added,Annual,First Advance Estimates,Manufacturing,,,,3237995,2370288,₹ Crore
2011-12,Current,2021-22,Gross Value Added,Annual,First Advance Estimates,"Electricity, Gas, Water Supply & Other Utility Services",,,,533371,332234,₹ Crore
2011-12,Current,2021-22,Gross Value Added,Annual,First Advance Estimates,Construction,,,,1686586,1047448,₹ Crore
2011-12,Current,2021-22,Gross Value Added,Annual,First Advance Estimates,"Trade, Hotels, Transport, Communication & Services Related to Broadcasting",,,,3560864,2470320,₹ Crore
2011-12,Current,2021-22,Gross Value Added,Annual,First Advance Estimates,"Financial, Real Estate & Professional Services",,,,4404086,2988130,₹ Crore
2011-12,Current,2021-22,Gross Value Added,Annual,First Advance Estimates,"Public Administration, Defence & Other Services",,,,3193023,1857730,₹ Crore
2011-12,Current,2021-22,Gross Value Added,Annual,First Advance Estimates,Total Gross Value Added,,,,21036540,13522460,₹ Crore
2011-12,Current,2021-22,Gross Value Added,Annual,Second Advance Estimates,"Agriculture, Livestock, Forestry and Fishing",,,,3964312,2115040,₹ Crore
2011-12,Current,2021-22,Gross Value Added,Annual,Second Advance Estimates,Mining and Quarrying,,,,518169,330945,₹ Crore
2011-12,Current,2021-22,Gross Value Added,Annual,Second Advance Estimates,Manufacturing,,,,3326746,2483142,₹ Crore
2011-12,Current,2021-22,Gross Value Added,Annual,Second Advance Estimates,"Electricity, Gas, Water Supply & Other Utility Services",,,,570124,312264,₹ Crore
2011-12,Current,2021-22,Gross Value Added,Annual,Second Advance Estimates,Construction,,,,1702055,1058642,₹ Crore
2011-12,Current,2021-22,Gross Value Added,Annual,Second Advance Estimates,"Trade, Hotels, Transport, Communication & Services Related to Broadcasting",,,,3543623,2397524,₹ Crore
2011-12,Current,2021-22,Gross Value Added,Annual,Second Advance Estimates,"Financial, Real Estate & Professional Services",,,,4567241,3089768,₹ Crore
2011-12,Current,2021-22,Gross Value Added,Annual,Second Advance Estimates,"Public Administration, Defence & Other Services",,,,3164999,1837371,₹ Crore
2011-12,Current,2021-22,Gross Value Added,Annual,Second Advance Estimates,Total Gross Value Added,,,,21357273,13624699,₹ Crore
2011-12,Current,2021-22,Gross Value Added,Annual,Provisional Estimates,"Agriculture, Livestock, Forestry and Fishing",,,,3980067,2109696,₹ Crore
2011-12,Current,2021-22,Gross Value Added,Annual,Provisional Estimates,Mining and Quarrying,,,,513075,327983,₹ Crore
2011-12,Current,2021-22,Gross Value Added,Annual,Provisional Estimates,Manufacturing,,,,3307314,2470822,₹ Crore
2011-12,Current,2021-22,Gross Value Added,Annual,Provisional Estimates,"Electricity, Gas, Water Supply & Other Utility Services",,,,586679,311598,₹ Crore
2011-12,Current,2021-22,Gross Value Added,Annual,Provisional Estimates,Construction,,,,1719097,1073594,₹ Crore
2011-12,Current,2021-22,Gross Value Added,Annual,Provisional Estimates,"Trade, Hotels, Transport, Communication & Services Related to Broadcasting",,,,3528895,2385604,₹ Crore
2011-12,Current,2021-22,Gross Value Added,Annual,Provisional Estimates,"Financial, Real Estate & Professional Services",,,,4543303,3087359,₹ Crore
2011-12,Current,2021-22,Gross Value Added,Annual,Provisional Estimates,"Public Administration, Defence & Other Services",,,,3170965,1838813,₹ Crore
2011-12,Current,2021-22,Gross Value Added,Annual,Provisional Estimates,Total Gross Value Added,,,,21349399,13605474,₹ Crore
2011-12,Current,2021-22,Gross Value Added,Annual,First Revised Estimates,,,Public Non-Financial Corporations,,1186535,,₹ Crore
2011-12,Current,2021-22,Gross Value Added,Annual,First Revised Estimates,,,Private Non-Financial Corporations,,7469466,,₹ Crore
2011-12,Current,2021-22,Gross Value Added,Annual,First Revised Estimates,,,Public Financial Corporations,,501964,,₹ Crore
2011-12,Current,2021-22,Gross Value Added,Annual,First Revised Estimates,,,Private Financial Corporations,,673288,,₹ Crore
2011-12,Current,2021-22,Gross Value Added,Annual,First Revised Estimates,,,General Government,,2171967,,₹ Crore
2011-12,Current,2021-22,Gross Value Added,Annual,First Revised Estimates,,,Households Including NPISH,,9435660,,₹ Crore
2011-12,Current,2021-22,Gross Value Added,Annual,First Revised Estimates,,,Total Gross Value Added,,21438883,,₹ Crore
2011-12,Current,2021-22,Gross Value Added,Annual,First Revised Estimates,"Agriculture, Livestock, Forestry and Fishing",Crops,,,2230454,1158250,₹ Crore
2011-12,Current,2021-22,Gross Value Added,Annual,First Revised Estimates,"Agriculture, Livestock, Forestry and Fishing",Livestock,,,1227765,654936,₹ Crore
2011-12,Current,2021-22,Gross Value Added,Annual,First Revised Estimates,"Agriculture, Livestock, Forestry and Fishing",Forestry and Logging,,,319902,188416,₹ Crore
2011-12,Current,2021-22,Gross Value Added,Annual,First Revised Estimates,"Agriculture, Livestock, Forestry and Fishing",Fishing and Aquaculture,,,288526,147518,₹ Crore
2011-12,Current,2021-22,Gross Value Added,Annual,First Revised Estimates,"Agriculture, Livestock, Forestry and Fishing",,,,4066649,2149122,₹ Crore
2011-12,Current,2021-22,Gross Value Added,Annual,First Revised Estimates,Mining and Quarrying,,,,429364,310415,₹ Crore
2011-12,Current,2021-22,Gross Value Added,Annual,First Revised Estimates,Manufacturing,"Food Products, Beverages and Tobacco",,,338699,230869,₹ Crore
2011-12,Current,2021-22,Gross Value Added,Annual,First Revised Estimates,Manufacturing,"Textiles, Apparel and Leather Products",,,443463,348195,₹ Crore
2011-12,Current,2021-22,Gross Value Added,Annual,First Revised Estimates,Manufacturing,Metal Products,,,566452,420771,₹ Crore
2011-12,Current,2021-22,Gross Value Added,Annual,First Revised Estimates,Manufacturing,Machinery and Equipment,,,689790,569359,₹ Crore
2011-12,Current,2021-22,Gross Value Added,Annual,First Revised Estimates,Manufacturing,Other Manufactured Goods,,,1358329,1013276,₹ Crore
2011-12,Current,2021-22,Gross Value Added,Annual,First Revised Estimates,Manufacturing,,,,3396735,2582473,₹ Crore
2011-12,Current,2021-22,Gross Value Added,Annual,First Revised Estimates,"Electricity, Gas, Water Supply & Other Utility Services",,,,555604,316110,₹ Crore
2011-12,Current,2021-22,Gross Value Added,Annual,First Revised Estimates,Construction,,,,1737505,1129367,₹ Crore
2011-12,Current,2021-22,Gross Value Added,Annual,First Revised Estimates,"Trade, Repair, Hotels and Restaurants",Trade & Repair Services,,,2100858,1469373,₹ Crore
2011-12,Current,2021-22,Gross Value Added,Annual,First Revised Estimates,"Trade, Repair, Hotels and Restaurants",Hotels & Restaurants,,,145837,101981,₹ Crore
2011-12,Current,2021-22,Gross Value Added,Annual,First Revised Estimates,"Trade, Repair, Hotels and Restaurants",,,,2246696,1571355,₹ Crore
2011-12,Current,2021-22,Gross Value Added,Annual,First Revised Estimates,"Transport, Storage, Communication & Services Related to Broadcasting",Railways,,,146600,83107,₹ Crore
2011-12,Current,2021-22,Gross Value Added,Annual,First Revised Estimates,"Transport, Storage, Communication & Services Related to Broadcasting",Road Transport,,,669697,435534,₹ Crore
2011-12,Current,2021-22,Gross Value Added,Annual,First Revised Estimates,"Transport, Storage, Communication & Services Related to Broadcasting",Water Transport,,,18226,12770,₹ Crore
2011-12,Current,2021-22,Gross Value Added,Annual,First Revised Estimates,"Transport, Storage, Communication & Services Related to Broadcasting",Air Transport,,,12293,5446,₹ Crore
2011-12,Current,2021-22,Gross Value Added,Annual,First Revised Estimates,"Transport, Storage, Communication & Services Related to Broadcasting",Services Incidental to Transport,,,115051,87916,₹ Crore
2011-12,Current,2021-22,Gross Value Added,Annual,First Revised Estimates,"Transport, Storage, Communication & Services Related to Broadcasting",Storage,,,21590,18114,₹ Crore
2011-12,Current,2021-22,Gross Value Added,Annual,First Revised Estimates,"Transport, Storage, Communication & Services Related to Broadcasting",Communication & Services Related to Broadcasting,,,381835,242203,₹ Crore
2011-12,Current,2021-22,Gross Value Added,Annual,First Revised Estimates,"Transport, Storage, Communication & Services Related to Broadcasting",,,,1365296,885092,₹ Crore
2011-12,Current,2021-22,Gross Value Added,Annual,First Revised Estimates,Financial Services,,,,1175252,830391,₹ Crore
2011-12,Current,2021-22,Gross Value Added,Annual,First Revised Estimates,"Real Estate, Ownership of Dwelling & Professional Services",,,,3437033,2268434,₹ Crore
2011-12,Current,2021-22,Gross Value Added,Annual,First Revised Estimates,Public Administration and Defence,,,,1336427,792700,₹ Crore
2011-12,Current,2021-22,Gross Value Added,Annual,First Revised Estimates,Other Services,,,,1692317,962562,₹ Crore
2011-12,Current,2021-22,Gross Value Added,Annual,First Revised Estimates,Total Gross Value Added,,,,21438883,13798024,₹ Crore
2011-12,Current,2021-22,Gross Value Added,Annual,Second Revised Estimates,,,Public Non-Financial Corporations,,1204360,,₹ Crore
2011-12,Current,2021-22,Gross Value Added,Annual,Second Revised Estimates,,,Private Non-Financial Corporations,,7487541,,₹ Crore
2011-12,Current,2021-22,Gross Value Added,Annual,Second Revised Estimates,,,Public Financial Corporations,,502711,,₹ Crore
2011-12,Current,2021-22,Gross Value Added,Annual,Second Revised Estimates,,,Private Financial Corporations,,670528,,₹ Crore
2011-12,Current,2021-22,Gross Value Added,Annual,Second Revised Estimates,,,General Government,,2108376,,₹ Crore
2011-12,Current,2021-22,Gross Value Added,Annual,Second Revised Estimates,,,Households Including NPISH,,9662065,,₹ Crore
2011-12,Current,2021-22,Gross Value Added,Annual,Second Revised Estimates,,,Total Gross Value Added,,21635583,,₹ Crore
2011-12,Current,2021-22,Gross Value Added,Annual,Second Revised Estimates,"Agriculture, Livestock, Forestry and Fishing",Crops,,,2280311,1174358,₹ Crore
2011-12,Current,2021-22,Gross Value Added,Annual,Second Revised Estimates,"Agriculture, Livestock, Forestry and Fishing",Livestock,,,1238401,657269,₹ Crore
2011-12,Current,2021-22,Gross Value Added,Annual,Second Revised Estimates,"Agriculture, Livestock, Forestry and Fishing",Forestry and Logging,,,297336,185030,₹ Crore
2011-12,Current,2021-22,Gross Value Added,Annual,Second Revised Estimates,"Agriculture, Livestock, Forestry and Fishing",Fishing and Aquaculture,,,283422,153447,₹ Crore
2011-12,Current,2021-22,Gross Value Added,Annual,Second Revised Estimates,"Agriculture, Livestock, Forestry and Fishing",,,,4099472,2170106,₹ Crore
2011-12,Current,2021-22,Gross Value Added,Annual,Second Revised Estimates,Mining and Quarrying,,,,439339,309276,₹ Crore
2011-12,Current,2021-22,Gross Value Added,Annual,Second Revised Estimates,Manufacturing,"Food Products, Beverages and Tobacco",,,308263,208076,₹ Crore
2011-12,Current,2021-22,Gross Value Added,Annual,Second Revised Estimates,Manufacturing,"Textiles, Apparel and Leather Products",,,421585,312949,₹ Crore
2011-12,Current,2021-22,Gross Value Added,Annual,Second Revised Estimates,Manufacturing,Metal Products,,,620147,450144,₹ Crore
2011-12,Current,2021-22,Gross Value Added,Annual,Second Revised Estimates,Manufacturing,Machinery and Equipment,,,678764,558573,₹ Crore
2011-12,Current,2021-22,Gross Value Added,Annual,Second Revised Estimates,Manufacturing,Other Manufactured Goods,,,1363843,1031289,₹ Crore
2011-12,Current,2021-22,Gross Value Added,Annual,Second Revised Estimates,Manufacturing,,,,3392604,2561033,₹ Crore
2011-12,Current,2021-22,Gross Value Added,Annual,Second Revised Estimates,"Electricity, Gas, Water Supply & Other Utility Services",,,,577792,317966,₹ Crore
2011-12,Current,2021-22,Gross Value Added,Annual,Second Revised Estimates,Construction,,,,1835674,1193532,₹ Crore
2011-12,Current,2021-22,Gross Value Added,Annual,Second Revised Estimates,"Trade, Repair, Hotels and Restaurants",Trade & Repair Services,,,2170391,1517811,₹ Crore
2011-12,Current,2021-22,Gross Value Added,Annual,Second Revised Estimates,"Trade, Repair, Hotels and Restaurants",Hotels & Restaurants,,,138704,96968,₹ Crore
2011-12,Current,2021-22,Gross Value Added,Annual,Second Revised Estimates,"Trade, Repair, Hotels and Restaurants",,,,2309096,1614779,₹ Crore
2011-12,Current,2021-22,Gross Value Added,Annual,Second Revised Estimates,"Transport, Storage, Communication & Services Related to Broadcasting",Railways,,,145499,79827,₹ Crore
2011-12,Current,2021-22,Gross Value Added,Annual,Second Revised Estimates,"Transport, Storage, Communication & Services Related to Broadcasting",Road Transport,,,667974,426709,₹ Crore
2011-12,Current,2021-22,Gross Value Added,Annual,Second Revised Estimates,"Transport, Storage, Communication & Services Related to Broadcasting",Water Transport,,,19210,13052,₹ Crore
2011-12,Current,2021-22,Gross Value Added,Annual,Second Revised Estimates,"Transport, Storage, Communication & Services Related to Broadcasting",Air Transport,,,11114,5442,₹ Crore
2011-12,Current,2021-22,Gross Value Added,Annual,Second Revised Estimates,"Transport, Storage, Communication & Services Related to Broadcasting",Services Incidental to Transport,,,125990,84530,₹ Crore
2011-12,Current,2021-22,Gross Value Added,Annual,Second Revised Estimates,"Transport, Storage, Communication & Services Related to Broadcasting",Storage,,,21585,18127,₹ Crore
2011-12,Current,2021-22,Gross Value Added,Annual,Second Revised Estimates,"Transport, Storage, Communication & Services Related to Broadcasting",Communication & Services Related to Broadcasting,,,374447,237908,₹ Crore
2011-12,Current,2021-22,Gross Value Added,Annual,Second Revised Estimates,"Transport, Storage, Communication & Services Related to Broadcasting",,,,1365821,865600,₹ Crore
2011-12,Current,2021-22,Gross Value Added,Annual,Second Revised Estimates,Financial Services,,,,1173239,831305,₹ Crore
2011-12,Current,2021-22,Gross Value Added,Annual,Second Revised Estimates,"Real Estate, Ownership of Dwelling & Professional Services",,,,3472633,2291541,₹ Crore
2011-12,Current,2021-22,Gross Value Added,Annual,Second Revised Estimates,Public Administration and Defence,,,,1315856,780845,₹ Crore
2011-12,Current,2021-22,Gross Value Added,Annual,Second Revised Estimates,Other Services,,,,1654052,940852,₹ Crore
2011-12,Current,2021-22,Gross Value Added,Annual,Second Revised Estimates,Total Gross Value Added,,,,21635583,13876840,₹ Crore
2011-12,Current,2020-21,Gross Value Added,Annual,First Advance Estimates,"Agriculture, Livestock, Forestry and Fishing",,,,3494823,2013927,₹ Crore
2011-12,Current,2020-21,Gross Value Added,Annual,First Advance Estimates,Mining and Quarrying,,,,294249,311621,₹ Crore
2011-12,Current,2020-21,Gross Value Added,Annual,First Advance Estimates,Manufacturing,,,,2553708,2098912,₹ Crore
2011-12,Current,2020-21,Gross Value Added,Annual,First Advance Estimates,"Electricity, Gas, Water Supply & Other Utility Services",,,,477111,317125,₹ Crore
2011-12,Current,2020-21,Gross Value Added,Annual,First Advance Estimates,Construction,,,,1213717,903243,₹ Crore
2011-12,Current,2020-21,Gross Value Added,Annual,First Advance Estimates,"Trade, Hotels, Transport, Communication & Services Related to Broadcasting",,,,2711124,2026128,₹ Crore
2011-12,Current,2020-21,Gross Value Added,Annual,First Advance Estimates,"Financial, Real Estate & Professional Services",,,,3896395,2891811,₹ Crore
2011-12,Current,2020-21,Gross Value Added,Annual,First Advance Estimates,"Public Administration, Defence & Other Services",,,,2935715,1776408,₹ Crore
2011-12,Current,2020-21,Gross Value Added,Annual,First Advance Estimates,Total Gross Value Added,,,,17576842,12339175,₹ Crore
2011-12,Current,2020-21,Gross Value Added,Annual,Second Advance Estimates,"Agriculture, Livestock, Forestry and Fishing",,,,3587986,2028288,₹ Crore
2011-12,Current,2020-21,Gross Value Added,Annual,Second Advance Estimates,Mining and Quarrying,,,,279223,292336,₹ Crore
2011-12,Current,2020-21,Gross Value Added,Annual,Second Advance Estimates,Manufacturing,,,,2538696,2079538,₹ Crore
2011-12,Current,2020-21,Gross Value Added,Annual,Second Advance Estimates,"Electricity, Gas, Water Supply & Other Utility Services",,,,476906,306048,₹ Crore
2011-12,Current,2020-21,Gross Value Added,Annual,Second Advance Estimates,Construction,,,,1248917,928988,₹ Crore
2011-12,Current,2020-21,Gross Value Added,Annual,Second Advance Estimates,"Trade, Hotels, Transport, Communication & Services Related to Broadcasting",,,,2941995,2213570,₹ Crore
2011-12,Current,2020-21,Gross Value Added,Annual,Second Advance Estimates,"Financial, Real Estate & Professional Services",,,,3937137,2875751,₹ Crore
2011-12,Current,2020-21,Gross Value Added,Annual,Second Advance Estimates,"Public Administration, Defence & Other Services",,,,2770260,1686977,₹ Crore
2011-12,Current,2020-21,Gross Value Added,Annual,Second Advance Estimates,Total Gross Value Added,,,,17781120,12411495,₹ Crore
2011-12,Current,2020-21,Gross Value Added,Annual,Provisional Estimates,"Agriculture, Livestock, Forestry and Fishing",,,,3616523,2040079,₹ Crore
2011-12,Current,2020-21,Gross Value Added,Annual,Provisional Estimates,Mining and Quarrying,,,,292120,294644,₹ Crore
2011-12,Current,2020-21,Gross Value Added,Annual,Provisional Estimates,Manufacturing,,,,2585740,2107067,₹ Crore
2011-12,Current,2020-21,Gross Value Added,Annual,Provisional Estimates,"Electricity, Gas, Water Supply & Other Utility Services",,,,484476,306253,₹ Crore
2011-12,Current,2020-21,Gross Value Added,Annual,Provisional Estimates,Construction,,,,1282048,946396,₹ Crore
2011-12,Current,2020-21,Gross Value Added,Annual,Provisional Estimates,"Trade, Hotels, Transport, Communication & Services Related to Broadcasting",,,,2941476,2208387,₹ Crore
2011-12,Current,2020-21,Gross Value Added,Annual,Provisional Estimates,"Financial, Real Estate & Professional Services",,,,3950785,2872815,₹ Crore
2011-12,Current,2020-21,Gross Value Added,Annual,Provisional Estimates,"Public Administration, Defence & Other Services",,,,2761995,1677785,₹ Crore
2011-12,Current,2020-21,Gross Value Added,Annual,Provisional Estimates,Total Gross Value Added,,,,17915166,12453429,₹ Crore
2011-12,Current,2020-21,Gross Value Added,Annual,First Revised Estimates,,,Public Non-Financial Corporations,,1070538,,₹ Crore
2011-12,Current,2020-21,Gross Value Added,Annual,First Revised Estimates,,,Private Non-Financial Corporations,,6050660,,₹ Crore
2011-12,Current,2020-21,Gross Value Added,Annual,First Revised Estimates,,,Public Financial Corporations,,492869,,₹ Crore
2011-12,Current,2020-21,Gross Value Added,Annual,First Revised Estimates,,,Private Financial Corporations,,595352,,₹ Crore
2011-12,Current,2020-21,Gross Value Added,Annual,First Revised Estimates,,,General Government,,1994021,,₹ Crore
2011-12,Current,2020-21,Gross Value Added,Annual,First Revised Estimates,,,Households Including NPISH,,7854368,,₹ Crore
2011-12,Current,2020-21,Gross Value Added,Annual,First Revised Estimates,,,Total Gross Value Added,,18057809,,₹ Crore
2011-12,Current,2020-21,Gross Value Added,Annual,First Revised Estimates,"Agriculture, Livestock, Forestry and Fishing",Crops,,,1997146,1127574,₹ Crore
2011-12,Current,2020-21,Gross Value Added,Annual,First Revised Estimates,"Agriculture, Livestock, Forestry and Fishing",Livestock,,,1114248,617117,₹ Crore
2011-12,Current,2020-21,Gross Value Added,Annual,First Revised Estimates,"Agriculture, Livestock, Forestry and Fishing",Forestry and Logging,,,265479,165623,₹ Crore
2011-12,Current,2020-21,Gross Value Added,Annual,First Revised Estimates,"Agriculture, Livestock, Forestry and Fishing",Fishing and Aquaculture,,,232619,137715,₹ Crore
2011-12,Current,2020-21,Gross Value Added,Annual,First Revised Estimates,"Agriculture, Livestock, Forestry and Fishing",,,,3609494,2048031,₹ Crore
2011-12,Current,2020-21,Gross Value Added,Annual,First Revised Estimates,Mining and Quarrying,,,,324979,294024,₹ Crore
2011-12,Current,2020-21,Gross Value Added,Annual,First Revised Estimates,Manufacturing,"Food Products, Beverages and Tobacco",,,354722,257363,₹ Crore
2011-12,Current,2020-21,Gross Value Added,Annual,First Revised Estimates,Manufacturing,"Textiles, Apparel and Leather Products",,,289304,239573,₹ Crore
2011-12,Current,2020-21,Gross Value Added,Annual,First Revised Estimates,Manufacturing,Metal Products,,,368897,329138,₹ Crore
2011-12,Current,2020-21,Gross Value Added,Annual,First Revised Estimates,Manufacturing,Machinery and Equipment,,,602031,519452,₹ Crore
2011-12,Current,2020-21,Gross Value Added,Annual,First Revised Estimates,Manufacturing,Other Manufactured Goods,,,1094479,902212,₹ Crore
2011-12,Current,2020-21,Gross Value Added,Annual,First Revised Estimates,Manufacturing,,,,2709435,2247740,₹ Crore
2011-12,Current,2020-21,Gross Value Added,Annual,First Revised Estimates,"Electricity, Gas, Water Supply & Other Utility Services",,,,507352,289771,₹ Crore
2011-12,Current,2020-21,Gross Value Added,Annual,First Revised Estimates,Construction,,,,1315607,962835,₹ Crore
2011-12,Current,2020-21,Gross Value Added,Annual,First Revised Estimates,"Trade, Repair, Hotels and Restaurants",Trade & Repair Services,,,1732820,1350823,₹ Crore
2011-12,Current,2020-21,Gross Value Added,Annual,First Revised Estimates,"Trade, Repair, Hotels and Restaurants",Hotels & Restaurants,,,86160,67221,₹ Crore
2011-12,Current,2020-21,Gross Value Added,Annual,First Revised Estimates,"Trade, Repair, Hotels and Restaurants",,,,1818981,1418045,₹ Crore
2011-12,Current,2020-21,Gross Value Added,Annual,First Revised Estimates,"Transport, Storage, Communication & Services Related to Broadcasting",Railways,,,136806,67154,₹ Crore
2011-12,Current,2020-21,Gross Value Added,Annual,First Revised Estimates,"Transport, Storage, Communication & Services Related to Broadcasting",Road Transport,,,447164,328137,₹ Crore
2011-12,Current,2020-21,Gross Value Added,Annual,First Revised Estimates,"Transport, Storage, Communication & Services Related to Broadcasting",Water Transport,,,13417,12293,₹ Crore
2011-12,Current,2020-21,Gross Value Added,Annual,First Revised Estimates,"Transport, Storage, Communication & Services Related to Broadcasting",Air Transport,,,10323,3176,₹ Crore
2011-12,Current,2020-21,Gross Value Added,Annual,First Revised Estimates,"Transport, Storage, Communication & Services Related to Broadcasting",Services Incidental to Transport,,,98169,81385,₹ Crore
2011-12,Current,2020-21,Gross Value Added,Annual,First Revised Estimates,"Transport, Storage, Communication & Services Related to Broadcasting",Storage,,,19628,14329,₹ Crore
2011-12,Current,2020-21,Gross Value Added,Annual,First Revised Estimates,"Transport, Storage, Communication & Services Related to Broadcasting",Communication & Services Related to Broadcasting,,,321901,223157,₹ Crore
2011-12,Current,2020-21,Gross Value Added,Annual,First Revised Estimates,"Transport, Storage, Communication & Services Related to Broadcasting",,,,1047411,729634,₹ Crore
2011-12,Current,2020-21,Gross Value Added,Annual,First Revised Estimates,Financial Services,,,,1088221,824734,₹ Crore
2011-12,Current,2020-21,Gross Value Added,Annual,First Revised Estimates,"Real Estate, Ownership of Dwelling & Professional Services",,,,2957537,2137176,₹ Crore
2011-12,Current,2020-21,Gross Value Added,Annual,First Revised Estimates,Public Administration and Defence,,,,1238383,777125,₹ Crore
2011-12,Current,2020-21,Gross Value Added,Annual,First Revised Estimates,Other Services,,,,1440404,855955,₹ Crore
2011-12,Current,2020-21,Gross Value Added,Annual,First Revised Estimates,Total Gross Value Added,,,,18057809,12585073,₹ Crore
2011-12,Current,2020-21,Gross Value Added,Annual,Second Revised Estimates,,,Public Non-Financial Corporations,,1041890,,₹ Crore
2011-12,Current,2020-21,Gross Value Added,Annual,Second Revised Estimates,,,Private Non-Financial Corporations,,6113037,,₹ Crore
2011-12,Current,2020-21,Gross Value Added,Annual,Second Revised Estimates,,,Public Financial Corporations,,489197,,₹ Crore
2011-12,Current,2020-21,Gross Value Added,Annual,Second Revised Estimates,,,Private Financial Corporations,,596733,,₹ Crore
2011-12,Current,2020-21,Gross Value Added,Annual,Second Revised Estimates,,,General Government,,1942382,,₹ Crore
2011-12,Current,2020-21,Gross Value Added,Annual,Second Revised Estimates,,,Households Including NPISH,,8005538,,₹ Crore
2011-12,Current,2020-21,Gross Value Added,Annual,Second Revised Estimates,,,Total Gross Value Added,,18188780,,₹ Crore
2011-12,Current,2020-21,Gross Value Added,Annual,Second Revised Estimates,"Agriculture, Livestock, Forestry and Fishing",Crops,,,2039409,1139447,₹ Crore
2011-12,Current,2020-21,Gross Value Added,Annual,Second Revised Estimates,"Agriculture, Livestock, Forestry and Fishing",Livestock,,,1108485,617851,₹ Crore
2011-12,Current,2020-21,Gross Value Added,Annual,Second Revised Estimates,"Agriculture, Livestock, Forestry and Fishing",Forestry and Logging,,,295006,184015,₹ Crore
2011-12,Current,2020-21,Gross Value Added,Annual,Second Revised Estimates,"Agriculture, Livestock, Forestry and Fishing",Fishing and Aquaculture,,,252511,135012,₹ Crore
2011-12,Current,2020-21,Gross Value Added,Annual,Second Revised Estimates,"Agriculture, Livestock, Forestry and Fishing",,,,3695412,2076327,₹ Crore
2011-12,Current,2020-21,Gross Value Added,Annual,Second Revised Estimates,Mining and Quarrying,,,,316267,289904,₹ Crore
2011-12,Current,2020-21,Gross Value Added,Annual,Second Revised Estimates,Manufacturing,"Food Products, Beverages and Tobacco",,,298782,215636,₹ Crore
2011-12,Current,2020-21,Gross Value Added,Annual,Second Revised Estimates,Manufacturing,"Textiles, Apparel and Leather Products",,,331144,274216,₹ Crore
2011-12,Current,2020-21,Gross Value Added,Annual,Second Revised Estimates,Manufacturing,Metal Products,,,421990,376413,₹ Crore
2011-12,Current,2020-21,Gross Value Added,Annual,Second Revised Estimates,Manufacturing,Machinery and Equipment,,,586127,506856,₹ Crore
2011-12,Current,2020-21,Gross Value Added,Annual,Second Revised Estimates,Manufacturing,Other Manufactured Goods,,,1162850,952316,₹ Crore
2011-12,Current,2020-21,Gross Value Added,Annual,Second Revised Estimates,Manufacturing,,,,2800895,2325438,₹ Crore
2011-12,Current,2020-21,Gross Value Added,Annual,Second Revised Estimates,"Electricity, Gas, Water Supply & Other Utility Services",,,,500804,287756,₹ Crore
2011-12,Current,2020-21,Gross Value Added,Annual,Second Revised Estimates,Construction,,,,1343530,983618,₹ Crore
2011-12,Current,2020-21,Gross Value Added,Annual,Second Revised Estimates,"Trade, Repair, Hotels and Restaurants",Trade & Repair Services,,,1756940,1369374,₹ Crore
2011-12,Current,2020-21,Gross Value Added,Annual,Second Revised Estimates,"Trade, Repair, Hotels and Restaurants",Hotels & Restaurants,,,90956,70937,₹ Crore
2011-12,Current,2020-21,Gross Value Added,Annual,Second Revised Estimates,"Trade, Repair, Hotels and Restaurants",,,,1847896,1440312,₹ Crore
2011-12,Current,2020-21,Gross Value Added,Annual,Second Revised Estimates,"Transport, Storage, Communication & Services Related to Broadcasting",Railways,,,129708,65754,₹ Crore
2011-12,Current,2020-21,Gross Value Added,Annual,Second Revised Estimates,"Transport, Storage, Communication & Services Related to Broadcasting",Road Transport,,,435726,321732,₹ Crore
2011-12,Current,2020-21,Gross Value Added,Annual,Second Revised Estimates,"Transport, Storage, Communication & Services Related to Broadcasting",Water Transport,,,14097,12283,₹ Crore
2011-12,Current,2020-21,Gross Value Added,Annual,Second Revised Estimates,"Transport, Storage, Communication & Services Related to Broadcasting",Air Transport,,,10844,3434,₹ Crore
2011-12,Current,2020-21,Gross Value Added,Annual,Second Revised Estimates,"Transport, Storage, Communication & Services Related to Broadcasting",Services Incidental to Transport,,,93184,81389,₹ Crore
2011-12,Current,2020-21,Gross Value Added,Annual,Second Revised Estimates,"Transport, Storage, Communication & Services Related to Broadcasting",Storage,,,20555,13687,₹ Crore
2011-12,Current,2020-21,Gross Value Added,Annual,Second Revised Estimates,"Transport, Storage, Communication & Services Related to Broadcasting",Communication & Services Related to Broadcasting,,,318652,220901,₹ Crore
2011-12,Current,2020-21,Gross Value Added,Annual,Second Revised Estimates,"Transport, Storage, Communication & Services Related to Broadcasting",,,,1022769,719182,₹ Crore
2011-12,Current,2020-21,Gross Value Added,Annual,Second Revised Estimates,Financial Services,,,,1085931,824562,₹ Crore
2011-12,Current,2020-21,Gross Value Added,Annual,Second Revised Estimates,"Real Estate, Ownership of Dwelling & Professional Services",,,,2950834,2134289,₹ Crore
2011-12,Current,2020-21,Gross Value Added,Annual,Second Revised Estimates,Public Administration and Defence,,,,1206396,757615,₹ Crore
2011-12,Current,2020-21,Gross Value Added,Annual,Second Revised Estimates,Other Services,,,,1418040,842474,₹ Crore
2011-12,Current,2020-21,Gross Value Added,Annual,Second Revised Estimates,Total Gross Value Added,,,,18188780,12681482,₹ Crore
2011-12,Current,2020-21,Gross Value Added,Annual,Third Revised Estimates,,,Public Non-Financial Corporations,,1035752,,₹ Crore
2011-12,Current,2020-21,Gross Value Added,Annual,Third Revised Estimates,,,Private Non-Financial Corporations,,6113805,,₹ Crore
2011-12,Current,2020-21,Gross Value Added,Annual,Third Revised Estimates,,,Public Financial Corporations,,489636,,₹ Crore
2011-12,Current,2020-21,Gross Value Added,Annual,Third Revised Estimates,,,Private Financial Corporations,,596733,,₹ Crore
2011-12,Current,2020-21,Gross Value Added,Annual,Third Revised Estimates,,,General Government,,1943867,,₹ Crore
2011-12,Current,2020-21,Gross Value Added,Annual,Third Revised Estimates,,,Households Including NPISH,,8031200,,₹ Crore
2011-12,Current,2020-21,Gross Value Added,Annual,Third Revised Estimates,,,Total Gross Value Added,,18210997,,₹ Crore
2011-12,Current,2020-21,Gross Value Added,Annual,Third Revised Estimates,"Agriculture, Livestock, Forestry and Fishing",Crops,,,2063990,1137473,₹ Crore
2011-12,Current,2020-21,Gross Value Added,Annual,Third Revised Estimates,"Agriculture, Livestock, Forestry and Fishing",Livestock,,,1113089,617798,₹ Crore
2011-12,Current,2020-21,Gross Value Added,Annual,Third Revised Estimates,"Agriculture, Livestock, Forestry and Fishing",Forestry and Logging,,,284445,183992,₹ Crore
2011-12,Current,2020-21,Gross Value Added,Annual,Third Revised Estimates,"Agriculture, Livestock, Forestry and Fishing",Fishing and Aquaculture,,,244944,134946,₹ Crore
2011-12,Current,2020-21,Gross Value Added,Annual,Third Revised Estimates,"Agriculture, Livestock, Forestry and Fishing",,,,3706469,2074212,₹ Crore
2011-12,Current,2020-21,Gross Value Added,Annual,Third Revised Estimates,Mining and Quarrying,,,,324140,291075,₹ Crore
2011-12,Current,2020-21,Gross Value Added,Annual,Third Revised Estimates,Manufacturing,"Food Products, Beverages and Tobacco",,,301068,217309,₹ Crore
2011-12,Current,2020-21,Gross Value Added,Annual,Third Revised Estimates,Manufacturing,"Textiles, Apparel and Leather Products",,,318679,263592,₹ Crore
2011-12,Current,2020-21,Gross Value Added,Annual,Third Revised Estimates,Manufacturing,Metal Products,,,425305,379471,₹ Crore
2011-12,Current,2020-21,Gross Value Added,Annual,Third Revised Estimates,Manufacturing,Machinery and Equipment,,,591723,511679,₹ Crore
2011-12,Current,2020-21,Gross Value Added,Annual,Third Revised Estimates,Manufacturing,Other Manufactured Goods,,,1166718,957107,₹ Crore
2011-12,Current,2020-21,Gross Value Added,Annual,Third Revised Estimates,Manufacturing,,,,2803494,2329160,₹ Crore
2011-12,Current,2020-21,Gross Value Added,Annual,Third Revised Estimates,"Electricity, Gas, Water Supply & Other Utility Services",,,,500779,288213,₹ Crore
2011-12,Current,2020-21,Gross Value Added,Annual,Third Revised Estimates,Construction,,,,1359511,995370,₹ Crore
2011-12,Current,2020-21,Gross Value Added,Annual,Third Revised Estimates,"Trade, Repair, Hotels and Restaurants",Trade & Repair Services,,,1754566,1367599,₹ Crore
2011-12,Current,2020-21,Gross Value Added,Annual,Third Revised Estimates,"Trade, Repair, Hotels and Restaurants",Hotels & Restaurants,,,90872,70877,₹ Crore
2011-12,Current,2020-21,Gross Value Added,Annual,Third Revised Estimates,"Trade, Repair, Hotels and Restaurants",,,,1845439,1438477,₹ Crore
2011-12,Current,2020-21,Gross Value Added,Annual,Third Revised Estimates,"Transport, Storage, Communication & Services Related to Broadcasting",Railways,,,129708,65754,₹ Crore
2011-12,Current,2020-21,Gross Value Added,Annual,Third Revised Estimates,"Transport, Storage, Communication & Services Related to Broadcasting",Road Transport,,,429311,317897,₹ Crore
2011-12,Current,2020-21,Gross Value Added,Annual,Third Revised Estimates,"Transport, Storage, Communication & Services Related to Broadcasting",Water Transport,,,14087,12264,₹ Crore
2011-12,Current,2020-21,Gross Value Added,Annual,Third Revised Estimates,"Transport, Storage, Communication & Services Related to Broadcasting",Air Transport,,,10839,3433,₹ Crore
2011-12,Current,2020-21,Gross Value Added,Annual,Third Revised Estimates,"Transport, Storage, Communication & Services Related to Broadcasting",Services Incidental to Transport,,,93071,81237,₹ Crore
2011-12,Current,2020-21,Gross Value Added,Annual,Third Revised Estimates,"Transport, Storage, Communication & Services Related to Broadcasting",Storage,,,20962,13857,₹ Crore
2011-12,Current,2020-21,Gross Value Added,Annual,Third Revised Estimates,"Transport, Storage, Communication & Services Related to Broadcasting",Communication & Services Related to Broadcasting,,,318733,220966,₹ Crore
2011-12,Current,2020-21,Gross Value Added,Annual,Third Revised Estimates,"Transport, Storage, Communication & Services Related to Broadcasting",,,,1016715,715411,₹ Crore
2011-12,Current,2020-21,Gross Value Added,Annual,Third Revised Estimates,Financial Services,,,,1086370,824293,₹ Crore
2011-12,Current,2020-21,Gross Value Added,Annual,Third Revised Estimates,"Real Estate, Ownership of Dwelling & Professional Services",,,,2941808,2129836,₹ Crore
2011-12,Current,2020-21,Gross Value Added,Annual,Third Revised Estimates,Public Administration and Defence,,,,1206853,757886,₹ Crore
2011-12,Current,2020-21,Gross Value Added,Annual,Third Revised Estimates,Other Services,,,,1419414,843408,₹ Crore
2011-12,Current,2020-21,Gross Value Added,Annual,Third Revised Estimates,Total Gross Value Added,,,,18210997,12687344,₹ Crore
2011-12,Current,2019-20,Gross Value Added,Annual,First Advance Estimates,"Agriculture, Livestock, Forestry and Fishing",,,,3047187,1907605,₹ Crore
2011-12,Current,2019-20,Gross Value Added,Annual,First Advance Estimates,Mining and Quarrying,,,,403436,376119,₹ Crore
2011-12,Current,2019-20,Gross Value Added,Annual,First Advance Estimates,Manufacturing,,,,2882958,2374176,₹ Crore
2011-12,Current,2019-20,Gross Value Added,Annual,First Advance Estimates,"Electricity, Gas, Water Supply & Other Utility Services",,,,502917,301966,₹ Crore
2011-12,Current,2019-20,Gross Value Added,Annual,First Advance Estimates,Construction,,,,1439892,1087210,₹ Crore
2011-12,Current,2019-20,Gross Value Added,Annual,First Advance Estimates,"Trade, Hotels, Transport, Communication & Services Related to Broadcasting",,,,3391278,2616095,₹ Crore
2011-12,Current,2019-20,Gross Value Added,Annual,First Advance Estimates,"Financial, Real Estate & Professional Services",,,,3944979,3027407,₹ Crore
2011-12,Current,2019-20,Gross Value Added,Annual,First Advance Estimates,"Public Administration, Defence & Other Services",,,,2889546,1849803,₹ Crore
2011-12,Current,2019-20,Gross Value Added,Annual,First Advance Estimates,Total Gross Value Added,,,,18502193,13540380,₹ Crore
2011-12,Current,2019-20,Gross Value Added,Annual,Second Advance Estimates,"Agriculture, Livestock, Forestry and Fishing",,,,3254345,1940811,₹ Crore
2011-12,Current,2019-20,Gross Value Added,Annual,Second Advance Estimates,Mining and Quarrying,,,,391553,354748,₹ Crore
2011-12,Current,2019-20,Gross Value Added,Annual,Second Advance Estimates,Manufacturing,,,,2797232,2336365,₹ Crore
2011-12,Current,2019-20,Gross Value Added,Annual,Second Advance Estimates,"Electricity, Gas, Water Supply & Other Utility Services",,,,475658,310275,₹ Crore
2011-12,Current,2019-20,Gross Value Added,Annual,Second Advance Estimates,Construction,,,,1407491,1050533,₹ Crore
2011-12,Current,2019-20,Gross Value Added,Annual,Second Advance Estimates,"Trade, Hotels, Transport, Communication & Services Related to Broadcasting",,,,3381927,2627439,₹ Crore
2011-12,Current,2019-20,Gross Value Added,Annual,Second Advance Estimates,"Financial, Real Estate & Professional Services",,,,3930234,2989960,₹ Crore
2011-12,Current,2019-20,Gross Value Added,Annual,Second Advance Estimates,"Public Administration, Defence & Other Services",,,,2855246,1824473,₹ Crore
2011-12,Current,2019-20,Gross Value Added,Annual,Second Advance Estimates,Total Gross Value Added,,,,18493686,13434606,₹ Crore
2011-12,Current,2019-20,Gross Value Added,Annual,Provisional Estimates,"Agriculture, Livestock, Forestry and Fishing",,,,3257443,1948110,₹ Crore
2011-12,Current,2019-20,Gross Value Added,Annual,Provisional Estimates,Mining and Quarrying,,,,393102,355680,₹ Crore
2011-12,Current,2019-20,Gross Value Added,Annual,Provisional Estimates,Manufacturing,,,,2775587,2317280,₹ Crore
2011-12,Current,2019-20,Gross Value Added,Annual,Provisional Estimates,"Electricity, Gas, Water Supply & Other Utility Services",,,,486516,308832,₹ Crore
2011-12,Current,2019-20,Gross Value Added,Annual,Provisional Estimates,Construction,,,,1384895,1033276,₹ Crore
2011-12,Current,2019-20,Gross Value Added,Annual,Provisional Estimates,"Trade, Hotels, Transport, Communication & Services Related to Broadcasting",,,,3316653,2577945,₹ Crore
2011-12,Current,2019-20,Gross Value Added,Annual,Provisional Estimates,"Financial, Real Estate & Professional Services",,,,3842524,2915680,₹ Crore
2011-12,Current,2019-20,Gross Value Added,Annual,Provisional Estimates,"Public Administration, Defence & Other Services",,,,2886517,1844316,₹ Crore
2011-12,Current,2019-20,Gross Value Added,Annual,Provisional Estimates,Total Gross Value Added,,,,18343237,13301120,₹ Crore
2011-12,Current,2019-20,Gross Value Added,Annual,First Revised Estimates,,,Public Non-Financial Corporations,,1051887,,₹ Crore
2011-12,Current,2019-20,Gross Value Added,Annual,First Revised Estimates,,,Private Non-Financial Corporations,,6271828,,₹ Crore
2011-12,Current,2019-20,Gross Value Added,Annual,First Revised Estimates,,,Public Financial Corporations,,450596,,₹ Crore
2011-12,Current,2019-20,Gross Value Added,Annual,First Revised Estimates,,,Private Financial Corporations,,602230,,₹ Crore
2011-12,Current,2019-20,Gross Value Added,Annual,First Revised Estimates,,,General Government,,1906891,,₹ Crore
2011-12,Current,2019-20,Gross Value Added,Annual,First Revised Estimates,,,Households Including NPISH,,8177908,,₹ Crore
2011-12,Current,2019-20,Gross Value Added,Annual,First Revised Estimates,,,Total Gross Value Added,,18461343,,₹ Crore
2011-12,Current,2019-20,Gross Value Added,Annual,First Revised Estimates,"Agriculture, Livestock, Forestry and Fishing",Crops,,,1972394,1099586,₹ Crore
2011-12,Current,2019-20,Gross Value Added,Annual,First Revised Estimates,"Agriculture, Livestock, Forestry and Fishing",Livestock,,,962682,577720,₹ Crore
2011-12,Current,2019-20,Gross Value Added,Annual,First Revised Estimates,"Agriculture, Livestock, Forestry and Fishing",Forestry and Logging,,,236345,164894,₹ Crore
2011-12,Current,2019-20,Gross Value Added,Annual,First Revised Estimates,"Agriculture, Livestock, Forestry and Fishing",Fishing and Aquaculture,,,222610,126370,₹ Crore
2011-12,Current,2019-20,Gross Value Added,Annual,First Revised Estimates,"Agriculture, Livestock, Forestry and Fishing",,,,3394032,1968570,₹ Crore
2011-12,Current,2019-20,Gross Value Added,Annual,First Revised Estimates,Mining and Quarrying,,,,355833,322116,₹ Crore
2011-12,Current,2019-20,Gross Value Added,Annual,First Revised Estimates,Manufacturing,"Food Products, Beverages and Tobacco",,,327913,245757,₹ Crore
2011-12,Current,2019-20,Gross Value Added,Annual,First Revised Estimates,Manufacturing,"Textiles, Apparel and Leather Products",,,351595,290101,₹ Crore
2011-12,Current,2019-20,Gross Value Added,Annual,First Revised Estimates,Manufacturing,Metal Products,,,355205,328068,₹ Crore
2011-12,Current,2019-20,Gross Value Added,Annual,First Revised Estimates,Manufacturing,Machinery and Equipment,,,657731,579215,₹ Crore
2011-12,Current,2019-20,Gross Value Added,Annual,First Revised Estimates,Manufacturing,Other Manufactured Goods,,,1019823,826281,₹ Crore
2011-12,Current,2019-20,Gross Value Added,Annual,First Revised Estimates,Manufacturing,,,,2712269,2269424,₹ Crore
2011-12,Current,2019-20,Gross Value Added,Annual,First Revised Estimates,"Electricity, Gas, Water Supply & Other Utility Services",,,,483644,300531,₹ Crore
2011-12,Current,2019-20,Gross Value Added,Annual,First Revised Estimates,Construction,,,,1368638,1035533,₹ Crore
2011-12,Current,2019-20,Gross Value Added,Annual,First Revised Estimates,"Trade, Repair, Hotels and Restaurants",Trade & Repair Services,,,2124428,1670775,₹ Crore
2011-12,Current,2019-20,Gross Value Added,Annual,First Revised Estimates,"Trade, Repair, Hotels and Restaurants",Hotels & Restaurants,,,199202,156732,₹ Crore
2011-12,Current,2019-20,Gross Value Added,Annual,First Revised Estimates,"Trade, Repair, Hotels and Restaurants",,,,2323631,1827508,₹ Crore
2011-12,Current,2019-20,Gross Value Added,Annual,First Revised Estimates,"Transport, Storage, Communication & Services Related to Broadcasting",Railways,,,136648,94523,₹ Crore
2011-12,Current,2019-20,Gross Value Added,Annual,First Revised Estimates,"Transport, Storage, Communication & Services Related to Broadcasting",Road Transport,,,564658,431819,₹ Crore
2011-12,Current,2019-20,Gross Value Added,Annual,First Revised Estimates,"Transport, Storage, Communication & Services Related to Broadcasting",Water Transport,,,15265,13006,₹ Crore
2011-12,Current,2019-20,Gross Value Added,Annual,First Revised Estimates,"Transport, Storage, Communication & Services Related to Broadcasting",Air Transport,,,21473,9151,₹ Crore
2011-12,Current,2019-20,Gross Value Added,Annual,First Revised Estimates,"Transport, Storage, Communication & Services Related to Broadcasting",Services Incidental to Transport,,,108041,91277,₹ Crore
2011-12,Current,2019-20,Gross Value Added,Annual,First Revised Estimates,"Transport, Storage, Communication & Services Related to Broadcasting",Storage,,,19587,14052,₹ Crore
2011-12,Current,2019-20,Gross Value Added,Annual,First Revised Estimates,"Transport, Storage, Communication & Services Related to Broadcasting",Communication & Services Related to Broadcasting,,,290933,218458,₹ Crore
2011-12,Current,2019-20,Gross Value Added,Annual,First Revised Estimates,"Transport, Storage, Communication & Services Related to Broadcasting",,,,1156608,872289,₹ Crore
2011-12,Current,2019-20,Gross Value Added,Annual,First Revised Estimates,Financial Services,,,,1052827,794743,₹ Crore
2011-12,Current,2019-20,Gross Value Added,Annual,First Revised Estimates,"Real Estate, Ownership of Dwelling & Professional Services",,,,2863021,2121765,₹ Crore
2011-12,Current,2019-20,Gross Value Added,Annual,First Revised Estimates,Public Administration and Defence,,,,1169948,774358,₹ Crore
2011-12,Current,2019-20,Gross Value Added,Annual,First Revised Estimates,Other Services,,,,1580888,984628,₹ Crore
2011-12,Current,2019-20,Gross Value Added,Annual,First Revised Estimates,Total Gross Value Added,,,,18461343,13271470,₹ Crore
2011-12,Current,2019-20,Gross Value Added,Annual,Second Revised Estimates,,,Public Non-Financial Corporations,,1056048,,₹ Crore
2011-12,Current,2019-20,Gross Value Added,Annual,Second Revised Estimates,,,Private Non-Financial Corporations,,6241333,,₹ Crore
2011-12,Current,2019-20,Gross Value Added,Annual,Second Revised Estimates,,,Public Financial Corporations,,457003,,₹ Crore
2011-12,Current,2019-20,Gross Value Added,Annual,Second Revised Estimates,,,Private Financial Corporations,,570355,,₹ Crore
2011-12,Current,2019-20,Gross Value Added,Annual,Second Revised Estimates,,,General Government,,1859534,,₹ Crore
2011-12,Current,2019-20,Gross Value Added,Annual,Second Revised Estimates,,,Households Including NPISH,,8170833,,₹ Crore
2011-12,Current,2019-20,Gross Value Added,Annual,Second Revised Estimates,,,Total Gross Value Added,,18355109,,₹ Crore
2011-12,Current,2019-20,Gross Value Added,Annual,Second Revised Estimates,"Agriculture, Livestock, Forestry and Fishing",Crops,,,1891965,1106544,₹ Crore
2011-12,Current,2019-20,Gross Value Added,Annual,Second Revised Estimates,"Agriculture, Livestock, Forestry and Fishing",Livestock,,,977730,581449,₹ Crore
2011-12,Current,2019-20,Gross Value Added,Annual,Second Revised Estimates,"Agriculture, Livestock, Forestry and Fishing",Forestry and Logging,,,260602,164415,₹ Crore
2011-12,Current,2019-20,Gross Value Added,Annual,Second Revised Estimates,"Agriculture, Livestock, Forestry and Fishing",Fishing and Aquaculture,,,228065,129893,₹ Crore
2011-12,Current,2019-20,Gross Value Added,Annual,Second Revised Estimates,"Agriculture, Livestock, Forestry and Fishing",,,,3358363,1982302,₹ Crore
2011-12,Current,2019-20,Gross Value Added,Annual,Second Revised Estimates,Mining and Quarrying,,,,358517,321766,₹ Crore
2011-12,Current,2019-20,Gross Value Added,Annual,Second Revised Estimates,Manufacturing,"Food Products, Beverages and Tobacco",,,331335,248140,₹ Crore
2011-12,Current,2019-20,Gross Value Added,Annual,Second Revised Estimates,Manufacturing,"Textiles, Apparel and Leather Products",,,356180,293770,₹ Crore
2011-12,Current,2019-20,Gross Value Added,Annual,Second Revised Estimates,Manufacturing,Metal Products,,,350459,323404,₹ Crore
2011-12,Current,2019-20,Gross Value Added,Annual,Second Revised Estimates,Manufacturing,Machinery and Equipment,,,628777,554515,₹ Crore
2011-12,Current,2019-20,Gross Value Added,Annual,Second Revised Estimates,Manufacturing,Other Manufactured Goods,,,1038056,841462,₹ Crore
2011-12,Current,2019-20,Gross Value Added,Annual,Second Revised Estimates,Manufacturing,,,,2704809,2261293,₹ Crore
2011-12,Current,2019-20,Gross Value Added,Annual,Second Revised Estimates,"Electricity, Gas, Water Supply & Other Utility Services",,,,501617,300674,₹ Crore
2011-12,Current,2019-20,Gross Value Added,Annual,Second Revised Estimates,Construction,,,,1372759,1038679,₹ Crore
2011-12,Current,2019-20,Gross Value Added,Annual,Second Revised Estimates,"Trade, Repair, Hotels and Restaurants",Trade & Repair Services,,,2129685,1674209,₹ Crore
2011-12,Current,2019-20,Gross Value Added,Annual,Second Revised Estimates,"Trade, Repair, Hotels and Restaurants",Hotels & Restaurants,,,196126,154215,₹ Crore
2011-12,Current,2019-20,Gross Value Added,Annual,Second Revised Estimates,"Trade, Repair, Hotels and Restaurants",,,,2325812,1828424,₹ Crore
2011-12,Current,2019-20,Gross Value Added,Annual,Second Revised Estimates,"Transport, Storage, Communication & Services Related to Broadcasting",Railways,,,135477,82302,₹ Crore
2011-12,Current,2019-20,Gross Value Added,Annual,Second Revised Estimates,"Transport, Storage, Communication & Services Related to Broadcasting",Road Transport,,,565438,432222,₹ Crore
2011-12,Current,2019-20,Gross Value Added,Annual,Second Revised Estimates,"Transport, Storage, Communication & Services Related to Broadcasting",Water Transport,,,13349,13018,₹ Crore
2011-12,Current,2019-20,Gross Value Added,Annual,Second Revised Estimates,"Transport, Storage, Communication & Services Related to Broadcasting",Air Transport,,,22508,9158,₹ Crore
2011-12,Current,2019-20,Gross Value Added,Annual,Second Revised Estimates,"Transport, Storage, Communication & Services Related to Broadcasting",Services Incidental to Transport,,,103300,91369,₹ Crore
2011-12,Current,2019-20,Gross Value Added,Annual,Second Revised Estimates,"Transport, Storage, Communication & Services Related to Broadcasting",Storage,,,19512,13916,₹ Crore
2011-12,Current,2019-20,Gross Value Added,Annual,Second Revised Estimates,"Transport, Storage, Communication & Services Related to Broadcasting",Communication & Services Related to Broadcasting,,,293093,219312,₹ Crore
2011-12,Current,2019-20,Gross Value Added,Annual,Second Revised Estimates,"Transport, Storage, Communication & Services Related to Broadcasting",,,,1152680,861300,₹ Crore
2011-12,Current,2019-20,Gross Value Added,Annual,Second Revised Estimates,Financial Services,,,,1027358,784671,₹ Crore
2011-12,Current,2019-20,Gross Value Added,Annual,Second Revised Estimates,"Real Estate, Ownership of Dwelling & Professional Services",,,,2851979,2112721,₹ Crore
2011-12,Current,2019-20,Gross Value Added,Annual,Second Revised Estimates,Public Administration and Defence,,,,1147740,759976,₹ Crore
2011-12,Current,2019-20,Gross Value Added,Annual,Second Revised Estimates,Other Services,,,,1553471,967662,₹ Crore
2011-12,Current,2019-20,Gross Value Added,Annual,Second Revised Estimates,Total Gross Value Added,,,,18355109,13219475,₹ Crore
2011-12,Current,2019-20,Gross Value Added,Annual,Third Revised Estimates,,,Public Non-Financial Corporations,,1058874,,₹ Crore
2011-12,Current,2019-20,Gross Value Added,Annual,Third Revised Estimates,,,Private Non-Financial Corporations,,6248828,,₹ Crore
2011-12,Current,2019-20,Gross Value Added,Annual,Third Revised Estimates,,,Public Financial Corporations,,461230,,₹ Crore
2011-12,Current,2019-20,Gross Value Added,Annual,Third Revised Estimates,,,Private Financial Corporations,,566404,,₹ Crore
2011-12,Current,2019-20,Gross Value Added,Annual,Third Revised Estimates,,,General Government,,1868580,,₹ Crore
2011-12,Current,2019-20,Gross Value Added,Annual,Third Revised Estimates,,,Households Including NPISH,,8177198,,₹ Crore
2011-12,Current,2019-20,Gross Value Added,Annual,Third Revised Estimates,,,Total Gross Value Added,,18381117,,₹ Crore
2011-12,Current,2019-20,Gross Value Added,Annual,Third Revised Estimates,"Agriculture, Livestock, Forestry and Fishing",Crops,,,1885276,1108602,₹ Crore
2011-12,Current,2019-20,Gross Value Added,Annual,Third Revised Estimates,"Agriculture, Livestock, Forestry and Fishing",Livestock,,,977917,581714,₹ Crore
2011-12,Current,2019-20,Gross Value Added,Annual,Third Revised Estimates,"Agriculture, Livestock, Forestry and Fishing",Forestry and Logging,,,269726,173971,₹ Crore
2011-12,Current,2019-20,Gross Value Added,Annual,Third Revised Estimates,"Agriculture, Livestock, Forestry and Fishing",Fishing and Aquaculture,,,235550,130037,₹ Crore
2011-12,Current,2019-20,Gross Value Added,Annual,Third Revised Estimates,"Agriculture, Livestock, Forestry and Fishing",,,,3368471,1994325,₹ Crore
2011-12,Current,2019-20,Gross Value Added,Annual,Third Revised Estimates,Mining and Quarrying,,,,357000,317134,₹ Crore
2011-12,Current,2019-20,Gross Value Added,Annual,Third Revised Estimates,Manufacturing,"Food Products, Beverages and Tobacco",,,290151,217690,₹ Crore
2011-12,Current,2019-20,Gross Value Added,Annual,Third Revised Estimates,Manufacturing,"Textiles, Apparel and Leather Products",,,353727,290913,₹ Crore
2011-12,Current,2019-20,Gross Value Added,Annual,Third Revised Estimates,Manufacturing,Metal Products,,,357527,329198,₹ Crore
2011-12,Current,2019-20,Gross Value Added,Annual,Third Revised Estimates,Manufacturing,Machinery and Equipment,,,608260,535783,₹ Crore
2011-12,Current,2019-20,Gross Value Added,Annual,Third Revised Estimates,Manufacturing,Other Manufactured Goods,,,1095433,886119,₹ Crore
2011-12,Current,2019-20,Gross Value Added,Annual,Third Revised Estimates,Manufacturing,,,,2705100,2259705,₹ Crore
2011-12,Current,2019-20,Gross Value Added,Annual,Third Revised Estimates,"Electricity, Gas, Water Supply & Other Utility Services",,,,502999,300797,₹ Crore
2011-12,Current,2019-20,Gross Value Added,Annual,Third Revised Estimates,Construction,,,,1378669,1043429,₹ Crore
2011-12,Current,2019-20,Gross Value Added,Annual,Third Revised Estimates,"Trade, Repair, Hotels and Restaurants",Trade & Repair Services,,,2131423,1675606,₹ Crore
2011-12,Current,2019-20,Gross Value Added,Annual,Third Revised Estimates,"Trade, Repair, Hotels and Restaurants",Hotels & Restaurants,,,194907,153260,₹ Crore
2011-12,Current,2019-20,Gross Value Added,Annual,Third Revised Estimates,"Trade, Repair, Hotels and Restaurants",,,,2326330,1828867,₹ Crore
2011-12,Current,2019-20,Gross Value Added,Annual,Third Revised Estimates,"Transport, Storage, Communication & Services Related to Broadcasting",Railways,,,135376,82302,₹ Crore
2011-12,Current,2019-20,Gross Value Added,Annual,Third Revised Estimates,"Transport, Storage, Communication & Services Related to Broadcasting",Road Transport,,,565161,432159,₹ Crore
2011-12,Current,2019-20,Gross Value Added,Annual,Third Revised Estimates,"Transport, Storage, Communication & Services Related to Broadcasting",Water Transport,,,13227,13016,₹ Crore
2011-12,Current,2019-20,Gross Value Added,Annual,Third Revised Estimates,"Transport, Storage, Communication & Services Related to Broadcasting",Air Transport,,,22496,9157,₹ Crore
2011-12,Current,2019-20,Gross Value Added,Annual,Third Revised Estimates,"Transport, Storage, Communication & Services Related to Broadcasting",Services Incidental to Transport,,,103581,91355,₹ Crore
2011-12,Current,2019-20,Gross Value Added,Annual,Third Revised Estimates,"Transport, Storage, Communication & Services Related to Broadcasting",Storage,,,19796,14021,₹ Crore
2011-12,Current,2019-20,Gross Value Added,Annual,Third Revised Estimates,"Transport, Storage, Communication & Services Related to Broadcasting",Communication & Services Related to Broadcasting,,,292917,219178,₹ Crore
2011-12,Current,2019-20,Gross Value Added,Annual,Third Revised Estimates,"Transport, Storage, Communication & Services Related to Broadcasting",,,,1152557,861191,₹ Crore
2011-12,Current,2019-20,Gross Value Added,Annual,Third Revised Estimates,Financial Services,,,,1027635,784535,₹ Crore
2011-12,Current,2019-20,Gross Value Added,Annual,Third Revised Estimates,"Real Estate, Ownership of Dwelling & Professional Services",,,,2853477,2113707,₹ Crore
2011-12,Current,2019-20,Gross Value Added,Annual,Third Revised Estimates,Public Administration and Defence,,,,1151735,762531,₹ Crore
2011-12,Current,2019-20,Gross Value Added,Annual,Third Revised Estimates,Other Services,,,,1557138,969872,₹ Crore
2011-12,Current,2019-20,Gross Value Added,Annual,Third Revised Estimates,Total Gross Value Added,,,,18381117,13236100,₹ Crore
2011-12,Current,2018-19,Gross Value Added,Annual,First Advance Estimates,"Agriculture, Livestock, Forestry and Fishing",,,,2692433,1842873,₹ Crore
2011-12,Current,2018-19,Gross Value Added,Annual,First Advance Estimates,Mining and Quarrying,,,,457301,385135,₹ Crore
2011-12,Current,2018-19,Gross Value Added,Annual,First Advance Estimates,Manufacturing,,,,2853986,2346216,₹ Crore
2011-12,Current,2018-19,Gross Value Added,Annual,First Advance Estimates,"Electricity, Gas, Water Supply & Other Utility Services",,,,452683,287109,₹ Crore
2011-12,Current,2018-19,Gross Value Added,Annual,First Advance Estimates,Construction,,,,1278617,1011322,₹ Crore
2011-12,Current,2018-19,Gross Value Added,Annual,First Advance Estimates,"Trade, Hotels, Transport, Communication & Services Related to Broadcasting",,,,3157709,2467622,₹ Crore
2011-12,Current,2018-19,Gross Value Added,Annual,First Advance Estimates,"Financial, Real Estate & Professional Services",,,,3555780,2775970,₹ Crore
2011-12,Current,2018-19,Gross Value Added,Annual,First Advance Estimates,"Public Administration, Defence & Other Services",,,,2512857,1692530,₹ Crore
2011-12,Current,2018-19,Gross Value Added,Annual,First Advance Estimates,Total Gross Value Added,,,,16961365,12808778,₹ Crore
2011-12,Current,2018-19,Gross Value Added,Annual,Second Advance Estimates,"Agriculture, Livestock, Forestry and Fishing",,,,2755992,1852580,₹ Crore
2011-12,Current,2018-19,Gross Value Added,Annual,Second Advance Estimates,Mining and Quarrying,,,,418517,370237,₹ Crore
2011-12,Current,2018-19,Gross Value Added,Annual,Second Advance Estimates,Manufacturing,,,,2856313,2353618,₹ Crore
2011-12,Current,2018-19,Gross Value Added,Annual,Second Advance Estimates,"Electricity, Gas, Water Supply & Other Utility Services",,,,488633,289193,₹ Crore
2011-12,Current,2018-19,Gross Value Added,Annual,Second Advance Estimates,Construction,,,,1382558,1055917,₹ Crore
2011-12,Current,2018-19,Gross Value Added,Annual,Second Advance Estimates,"Trade, Hotels, Transport, Communication & Services Related to Broadcasting",,,,3155424,2469571,₹ Crore
2011-12,Current,2018-19,Gross Value Added,Annual,Second Advance Estimates,"Financial, Real Estate & Professional Services",,,,3666728,2841805,₹ Crore
2011-12,Current,2018-19,Gross Value Added,Annual,Second Advance Estimates,"Public Administration, Defence & Other Services",,,,2516989,1692866,₹ Crore
2011-12,Current,2018-19,Gross Value Added,Annual,Second Advance Estimates,Total Gross Value Added,,,,17241154,12925787,₹ Crore
2011-12,Current,2018-19,Gross Value Added,Annual,Provisional Estimates,"Agriculture, Livestock, Forestry and Fishing",,,,2775852,1855632,₹ Crore
2011-12,Current,2018-19,Gross Value Added,Annual,Provisional Estimates,Mining and Quarrying,,,,410151,370564,₹ Crore
2011-12,Current,2018-19,Gross Value Added,Annual,Provisional Estimates,Manufacturing,,,,2818218,2328040,₹ Crore
2011-12,Current,2018-19,Gross Value Added,Annual,Provisional Estimates,"Electricity, Gas, Water Supply & Other Utility Services",,,,479871,286427,₹ Crore
2011-12,Current,2018-19,Gross Value Added,Annual,Provisional Estimates,Construction,,,,1376293,1053901,₹ Crore
2011-12,Current,2018-19,Gross Value Added,Annual,Provisional Estimates,"Trade, Hotels, Transport, Communication & Services Related to Broadcasting",,,,3151709,2471128,₹ Crore
2011-12,Current,2018-19,Gross Value Added,Annual,Provisional Estimates,"Financial, Real Estate & Professional Services",,,,3666326,2846393,₹ Crore
2011-12,Current,2018-19,Gross Value Added,Annual,Provisional Estimates,"Public Administration, Defence & Other Services",,,,2521395,1694851,₹ Crore
2011-12,Current,2018-19,Gross Value Added,Annual,Provisional Estimates,Total Gross Value Added,,,,17199815,12906936,₹ Crore
2011-12,Current,2018-19,Gross Value Added,Annual,First Revised Estimates,,,Public Non-Financial Corporations,,1038158,,₹ Crore
2011-12,Current,2018-19,Gross Value Added,Annual,First Revised Estimates,,,Private Non-Financial Corporations,,5948656,,₹ Crore
2011-12,Current,2018-19,Gross Value Added,Annual,First Revised Estimates,,,Public Financial Corporations,,428749,,₹ Crore
2011-12,Current,2018-19,Gross Value Added,Annual,First Revised Estimates,,,Private Financial Corporations,,523557,,₹ Crore
2011-12,Current,2018-19,Gross Value Added,Annual,First Revised Estimates,,,General Government,,1765181,,₹ Crore
2011-12,Current,2018-19,Gross Value Added,Annual,First Revised Estimates,,,Households Including NPISH,,7435659,,₹ Crore
2011-12,Current,2018-19,Gross Value Added,Annual,First Revised Estimates,,,Total Gross Value Added,,17139960,,₹ Crore
2011-12,Current,2018-19,Gross Value Added,Annual,First Revised Estimates,"Agriculture, Livestock, Forestry and Fishing",Crops,,,1614938,1054179,₹ Crore
2011-12,Current,2018-19,Gross Value Added,Annual,First Revised Estimates,"Agriculture, Livestock, Forestry and Fishing",Livestock,,,871884,536035,₹ Crore
2011-12,Current,2018-19,Gross Value Added,Annual,First Revised Estimates,"Agriculture, Livestock, Forestry and Fishing",Forestry and Logging,,,223109,154115,₹ Crore
2011-12,Current,2018-19,Gross Value Added,Annual,First Revised Estimates,"Agriculture, Livestock, Forestry and Fishing",Fishing and Aquaculture,,,212915,128011,₹ Crore
2011-12,Current,2018-19,Gross Value Added,Annual,First Revised Estimates,"Agriculture, Livestock, Forestry and Fishing",,,,2922846,1872339,₹ Crore
2011-12,Current,2018-19,Gross Value Added,Annual,First Revised Estimates,Mining and Quarrying,,,,389322,345069,₹ Crore
2011-12,Current,2018-19,Gross Value Added,Annual,First Revised Estimates,Manufacturing,"Food Products, Beverages and Tobacco",,,296968,230622,₹ Crore
2011-12,Current,2018-19,Gross Value Added,Annual,First Revised Estimates,Manufacturing,"Textiles, Apparel and Leather Products",,,350472,286905,₹ Crore
2011-12,Current,2018-19,Gross Value Added,Annual,First Revised Estimates,Manufacturing,Metal Products,,,364145,322370,₹ Crore
2011-12,Current,2018-19,Gross Value Added,Annual,First Revised Estimates,Manufacturing,Machinery and Equipment,,,637000,568571,₹ Crore
2011-12,Current,2018-19,Gross Value Added,Annual,First Revised Estimates,Manufacturing,Other Manufactured Goods,,,1118182,908175,₹ Crore
2011-12,Current,2018-19,Gross Value Added,Annual,First Revised Estimates,Manufacturing,,,,2766767,2316643,₹ Crore
2011-12,Current,2018-19,Gross Value Added,Annual,First Revised Estimates,"Electricity, Gas, Water Supply & Other Utility Services",,,,456413,296560,₹ Crore
2011-12,Current,2018-19,Gross Value Added,Annual,First Revised Estimates,Construction,,,,1344279,1020314,₹ Crore
2011-12,Current,2018-19,Gross Value Added,Annual,First Revised Estimates,"Trade, Repair, Hotels and Restaurants",Trade & Repair Services,,,1900837,1519499,₹ Crore
2011-12,Current,2018-19,Gross Value Added,Annual,First Revised Estimates,"Trade, Repair, Hotels and Restaurants",Hotels & Restaurants,,,172493,137845,₹ Crore
2011-12,Current,2018-19,Gross Value Added,Annual,First Revised Estimates,"Trade, Repair, Hotels and Restaurants",,,,2073330,1657344,₹ Crore
2011-12,Current,2018-19,Gross Value Added,Annual,First Revised Estimates,"Transport, Storage, Communication & Services Related to Broadcasting",Railways,,,124309,92291,₹ Crore
2011-12,Current,2018-19,Gross Value Added,Annual,First Revised Estimates,"Transport, Storage, Communication & Services Related to Broadcasting",Road Transport,,,530652,409980,₹ Crore
2011-12,Current,2018-19,Gross Value Added,Annual,First Revised Estimates,"Transport, Storage, Communication & Services Related to Broadcasting",Water Transport,,,11233,9659,₹ Crore
2011-12,Current,2018-19,Gross Value Added,Annual,First Revised Estimates,"Transport, Storage, Communication & Services Related to Broadcasting",Air Transport,,,17037,9463,₹ Crore
2011-12,Current,2018-19,Gross Value Added,Annual,First Revised Estimates,"Transport, Storage, Communication & Services Related to Broadcasting",Services Incidental to Transport,,,108519,99966,₹ Crore
2011-12,Current,2018-19,Gross Value Added,Annual,First Revised Estimates,"Transport, Storage, Communication & Services Related to Broadcasting",Storage,,,9070,6892,₹ Crore
2011-12,Current,2018-19,Gross Value Added,Annual,First Revised Estimates,"Transport, Storage, Communication & Services Related to Broadcasting",Communication & Services Related to Broadcasting,,,268468,202453,₹ Crore
2011-12,Current,2018-19,Gross Value Added,Annual,First Revised Estimates,"Transport, Storage, Communication & Services Related to Broadcasting",,,,1069290,830705,₹ Crore
2011-12,Current,2018-19,Gross Value Added,Annual,First Revised Estimates,Financial Services,,,,952306,763576,₹ Crore
2011-12,Current,2018-19,Gross Value Added,Annual,First Revised Estimates,"Real Estate, Ownership of Dwelling & Professional Services",,,,2669824,2023280,₹ Crore
2011-12,Current,2018-19,Gross Value Added,Annual,First Revised Estimates,Public Administration and Defence,,,,1067949,737893,₹ Crore
2011-12,Current,2018-19,Gross Value Added,Annual,First Revised Estimates,Other Services,,,,1427635,939405,₹ Crore
2011-12,Current,2018-19,Gross Value Added,Annual,First Revised Estimates,Total Gross Value Added,,,,17139962,12803128,₹ Crore
2011-12,Current,2018-19,Gross Value Added,Annual,Second Revised Estimates,,,Public Non-Financial Corporations,,1036673,,₹ Crore
2011-12,Current,2018-19,Gross Value Added,Annual,Second Revised Estimates,,,Private Non-Financial Corporations,,5913331,,₹ Crore
2011-12,Current,2018-19,Gross Value Added,Annual,Second Revised Estimates,,,Public Financial Corporations,,428924,,₹ Crore
2011-12,Current,2018-19,Gross Value Added,Annual,Second Revised Estimates,,,Private Financial Corporations,,526419,,₹ Crore
2011-12,Current,2018-19,Gross Value Added,Annual,Second Revised Estimates,,,General Government,,1713907,,₹ Crore
2011-12,Current,2018-19,Gross Value Added,Annual,Second Revised Estimates,,,Households Including NPISH,,7541957,,₹ Crore
2011-12,Current,2018-19,Gross Value Added,Annual,Second Revised Estimates,,,Total Gross Value Added,,17161212,,₹ Crore
2011-12,Current,2018-19,Gross Value Added,Annual,Second Revised Estimates,"Agriculture, Livestock, Forestry and Fishing",Crops,,,1668832,1057785,₹ Crore
2011-12,Current,2018-19,Gross Value Added,Annual,Second Revised Estimates,"Agriculture, Livestock, Forestry and Fishing",Livestock,,,880623,539945,₹ Crore
2011-12,Current,2018-19,Gross Value Added,Annual,Second Revised Estimates,"Agriculture, Livestock, Forestry and Fishing",Forestry and Logging,,,253970,164330,₹ Crore
2011-12,Current,2018-19,Gross Value Added,Annual,Second Revised Estimates,"Agriculture, Livestock, Forestry and Fishing",Fishing and Aquaculture,,,212850,125084,₹ Crore
2011-12,Current,2018-19,Gross Value Added,Annual,Second Revised Estimates,"Agriculture, Livestock, Forestry and Fishing",,,,3016276,1887144,₹ Crore
2011-12,Current,2018-19,Gross Value Added,Annual,Second Revised Estimates,Mining and Quarrying,,,,377170,330521,₹ Crore
2011-12,Current,2018-19,Gross Value Added,Annual,Second Revised Estimates,Manufacturing,"Food Products, Beverages and Tobacco",,,330529,254880,₹ Crore
2011-12,Current,2018-19,Gross Value Added,Annual,Second Revised Estimates,Manufacturing,"Textiles, Apparel and Leather Products",,,360669,295439,₹ Crore
2011-12,Current,2018-19,Gross Value Added,Annual,Second Revised Estimates,Manufacturing,Metal Products,,,366096,324133,₹ Crore
2011-12,Current,2018-19,Gross Value Added,Annual,Second Revised Estimates,Manufacturing,Machinery and Equipment,,,671559,599027,₹ Crore
2011-12,Current,2018-19,Gross Value Added,Annual,Second Revised Estimates,Manufacturing,Other Manufactured Goods,,,1076474,852586,₹ Crore
2011-12,Current,2018-19,Gross Value Added,Annual,Second Revised Estimates,Manufacturing,,,,2805329,2326067,₹ Crore
2011-12,Current,2018-19,Gross Value Added,Annual,Second Revised Estimates,"Electricity, Gas, Water Supply & Other Utility Services",,,,450631,294488,₹ Crore
2011-12,Current,2018-19,Gross Value Added,Annual,Second Revised Estimates,Construction,,,,1349795,1025446,₹ Crore
2011-12,Current,2018-19,Gross Value Added,Annual,Second Revised Estimates,"Trade, Repair, Hotels and Restaurants",Trade & Repair Services,,,1954298,1562426,₹ Crore
2011-12,Current,2018-19,Gross Value Added,Annual,Second Revised Estimates,"Trade, Repair, Hotels and Restaurants",Hotels & Restaurants,,,180689,144422,₹ Crore
2011-12,Current,2018-19,Gross Value Added,Annual,Second Revised Estimates,"Trade, Repair, Hotels and Restaurants",,,,2134987,1706848,₹ Crore
2011-12,Current,2018-19,Gross Value Added,Annual,Second Revised Estimates,"Transport, Storage, Communication & Services Related to Broadcasting",Railways,,,123497,91349,₹ Crore
2011-12,Current,2018-19,Gross Value Added,Annual,Second Revised Estimates,"Transport, Storage, Communication & Services Related to Broadcasting",Road Transport,,,536202,417333,₹ Crore
2011-12,Current,2018-19,Gross Value Added,Annual,Second Revised Estimates,"Transport, Storage, Communication & Services Related to Broadcasting",Water Transport,,,13051,12622,₹ Crore
2011-12,Current,2018-19,Gross Value Added,Annual,Second Revised Estimates,"Transport, Storage, Communication & Services Related to Broadcasting",Air Transport,,,12722,9396,₹ Crore
2011-12,Current,2018-19,Gross Value Added,Annual,Second Revised Estimates,"Transport, Storage, Communication & Services Related to Broadcasting",Services Incidental to Transport,,,103402,89016,₹ Crore
2011-12,Current,2018-19,Gross Value Added,Annual,Second Revised Estimates,"Transport, Storage, Communication & Services Related to Broadcasting",Storage,,,18368,13701,₹ Crore
2011-12,Current,2018-19,Gross Value Added,Annual,Second Revised Estimates,"Transport, Storage, Communication & Services Related to Broadcasting",Communication & Services Related to Broadcasting,,,258052,197150,₹ Crore
2011-12,Current,2018-19,Gross Value Added,Annual,Second Revised Estimates,"Transport, Storage, Communication & Services Related to Broadcasting",,,,1065297,830570,₹ Crore
2011-12,Current,2018-19,Gross Value Added,Annual,Second Revised Estimates,Financial Services,,,,955343,763152,₹ Crore
2011-12,Current,2018-19,Gross Value Added,Annual,Second Revised Estimates,"Real Estate, Ownership of Dwelling & Professional Services",,,,2587114,1955631,₹ Crore
2011-12,Current,2018-19,Gross Value Added,Annual,Second Revised Estimates,Public Administration and Defence,,,,1044717,722247,₹ Crore
2011-12,Current,2018-19,Gross Value Added,Annual,Second Revised Estimates,Other Services,,,,1374547,902083,₹ Crore
2011-12,Current,2018-19,Gross Value Added,Annual,Second Revised Estimates,Total Gross Value Added,,,,17161212,12744202,₹ Crore
2011-12,Current,2018-19,Gross Value Added,Annual,Third Revised Estimates,,,Public Non-Financial Corporations,,1035882,,₹ Crore
2011-12,Current,2018-19,Gross Value Added,Annual,Third Revised Estimates,,,Private Non-Financial Corporations,,5917421,,₹ Crore
2011-12,Current,2018-19,Gross Value Added,Annual,Third Revised Estimates,,,Public Financial Corporations,,433615,,₹ Crore
2011-12,Current,2018-19,Gross Value Added,Annual,Third Revised Estimates,,,Private Financial Corporations,,508162,,₹ Crore
2011-12,Current,2018-19,Gross Value Added,Annual,Third Revised Estimates,,,General Government,,1715333,,₹ Crore
2011-12,Current,2018-19,Gross Value Added,Annual,Third Revised Estimates,,,Households Including NPISH,,7564713,,₹ Crore
2011-12,Current,2018-19,Gross Value Added,Annual,Third Revised Estimates,,,Total Gross Value Added,,17175128,,₹ Crore
2011-12,Current,2018-19,Gross Value Added,Annual,Third Revised Estimates,"Agriculture, Livestock, Forestry and Fishing",Crops,,,1680776,1049211,₹ Crore
2011-12,Current,2018-19,Gross Value Added,Annual,Third Revised Estimates,"Agriculture, Livestock, Forestry and Fishing",Livestock,,,882008,540970,₹ Crore
2011-12,Current,2018-19,Gross Value Added,Annual,Third Revised Estimates,"Agriculture, Livestock, Forestry and Fishing",Forestry and Logging,,,255052,163949,₹ Crore
2011-12,Current,2018-19,Gross Value Added,Annual,Third Revised Estimates,"Agriculture, Livestock, Forestry and Fishing",Fishing and Aquaculture,,,212086,124467,₹ Crore
2011-12,Current,2018-19,Gross Value Added,Annual,Third Revised Estimates,"Agriculture, Livestock, Forestry and Fishing",,,,3029925,1878598,₹ Crore
2011-12,Current,2018-19,Gross Value Added,Annual,Third Revised Estimates,Mining and Quarrying,,,,377661,326814,₹ Crore
2011-12,Current,2018-19,Gross Value Added,Annual,Third Revised Estimates,Manufacturing,"Food Products, Beverages and Tobacco",,,335678,258682,₹ Crore
2011-12,Current,2018-19,Gross Value Added,Annual,Third Revised Estimates,Manufacturing,"Textiles, Apparel and Leather Products",,,366299,300013,₹ Crore
2011-12,Current,2018-19,Gross Value Added,Annual,Third Revised Estimates,Manufacturing,Metal Products,,,368760,326297,₹ Crore
2011-12,Current,2018-19,Gross Value Added,Annual,Third Revised Estimates,Manufacturing,Machinery and Equipment,,,650441,580846,₹ Crore
2011-12,Current,2018-19,Gross Value Added,Annual,Third Revised Estimates,Manufacturing,Other Manufactured Goods,,,1091379,863151,₹ Crore
2011-12,Current,2018-19,Gross Value Added,Annual,Third Revised Estimates,Manufacturing,,,,2812559,2328992,₹ Crore
2011-12,Current,2018-19,Gross Value Added,Annual,Third Revised Estimates,"Electricity, Gas, Water Supply & Other Utility Services",,,,449458,294147,₹ Crore
2011-12,Current,2018-19,Gross Value Added,Annual,Third Revised Estimates,Construction,,,,1352117,1026789,₹ Crore
2011-12,Current,2018-19,Gross Value Added,Annual,Third Revised Estimates,"Trade, Repair, Hotels and Restaurants",Trade & Repair Services,,,1955798,1563236,₹ Crore
2011-12,Current,2018-19,Gross Value Added,Annual,Third Revised Estimates,"Trade, Repair, Hotels and Restaurants",Hotels & Restaurants,,,180908,144543,₹ Crore
2011-12,Current,2018-19,Gross Value Added,Annual,Third Revised Estimates,"Trade, Repair, Hotels and Restaurants",,,,2136707,1707780,₹ Crore
2011-12,Current,2018-19,Gross Value Added,Annual,Third Revised Estimates,"Transport, Storage, Communication & Services Related to Broadcasting",Railways,,,123595,91349,₹ Crore
2011-12,Current,2018-19,Gross Value Added,Annual,Third Revised Estimates,"Transport, Storage, Communication & Services Related to Broadcasting",Road Transport,,,536552,417538,₹ Crore
2011-12,Current,2018-19,Gross Value Added,Annual,Third Revised Estimates,"Transport, Storage, Communication & Services Related to Broadcasting",Water Transport,,,13058,12628,₹ Crore
2011-12,Current,2018-19,Gross Value Added,Annual,Third Revised Estimates,"Transport, Storage, Communication & Services Related to Broadcasting",Air Transport,,,12730,9401,₹ Crore
2011-12,Current,2018-19,Gross Value Added,Annual,Third Revised Estimates,"Transport, Storage, Communication & Services Related to Broadcasting",Services Incidental to Transport,,,103341,89060,₹ Crore
2011-12,Current,2018-19,Gross Value Added,Annual,Third Revised Estimates,"Transport, Storage, Communication & Services Related to Broadcasting",Storage,,,18597,13783,₹ Crore
2011-12,Current,2018-19,Gross Value Added,Annual,Third Revised Estimates,"Transport, Storage, Communication & Services Related to Broadcasting",Communication & Services Related to Broadcasting,,,258179,197214,₹ Crore
2011-12,Current,2018-19,Gross Value Added,Annual,Third Revised Estimates,"Transport, Storage, Communication & Services Related to Broadcasting",,,,1066054,830976,₹ Crore
2011-12,Current,2018-19,Gross Value Added,Annual,Third Revised Estimates,Financial Services,,,,941777,758170,₹ Crore
2011-12,Current,2018-19,Gross Value Added,Annual,Third Revised Estimates,"Real Estate, Ownership of Dwelling & Professional Services",,,,2587720,1956051,₹ Crore
2011-12,Current,2018-19,Gross Value Added,Annual,Third Revised Estimates,Public Administration and Defence,,,,1045487,722772,₹ Crore
2011-12,Current,2018-19,Gross Value Added,Annual,Third Revised Estimates,Other Services,,,,1375657,902704,₹ Crore
2011-12,Current,2018-19,Gross Value Added,Annual,Third Revised Estimates,Total Gross Value Added,,,,17175128,12733797,₹ Crore
2011-12,Current,2017-18,Gross Value Added,Annual,First Advance Estimates,"Agriculture, Livestock, Forestry and Fishing",,,,2438546,1732371,₹ Crore
2011-12,Current,2017-18,Gross Value Added,Annual,First Advance Estimates,Mining and Quarrying,,,,341843,339972,₹ Crore
2011-12,Current,2017-18,Gross Value Added,Annual,First Advance Estimates,Manufacturing,,,,2422101,2112345,₹ Crore
2011-12,Current,2017-18,Gross Value Added,Annual,First Advance Estimates,"Electricity, Gas, Water Supply & Other Utility Services",,,,368269,258672,₹ Crore
2011-12,Current,2017-18,Gross Value Added,Annual,First Advance Estimates,Construction,,,,1109608,927085,₹ Crore
2011-12,Current,2017-18,Gross Value Added,Annual,First Advance Estimates,"Trade, Hotels, Transport, Communication & Services Related to Broadcasting",,,,2825708,2329801,₹ Crore
2011-12,Current,2017-18,Gross Value Added,Annual,First Advance Estimates,"Financial, Real Estate & Professional Services",,,,3186115,2606602,₹ Crore
2011-12,Current,2017-18,Gross Value Added,Annual,First Advance Estimates,"Public Administration, Defence & Other Services",,,,2205463,1564473,₹ Crore
2011-12,Current,2017-18,Gross Value Added,Annual,First Advance Estimates,Total Gross Value Added,,,,14897653,11871320,₹ Crore
2011-12,Current,2017-18,Gross Value Added,Annual,Second Advance Estimates,"Agriculture, Livestock, Forestry and Fishing",,,,2588180,1767397,₹ Crore
2011-12,Current,2017-18,Gross Value Added,Annual,Second Advance Estimates,Mining and Quarrying,,,,377197,382204,₹ Crore
2011-12,Current,2017-18,Gross Value Added,Annual,Second Advance Estimates,Manufacturing,,,,2512008,2153147,₹ Crore
2011-12,Current,2017-18,Gross Value Added,Annual,Second Advance Estimates,"Electricity, Gas, Water Supply & Other Utility Services",,,,388080,262923,₹ Crore
2011-12,Current,2017-18,Gross Value Added,Annual,Second Advance Estimates,Construction,,,,1104185,915878,₹ Crore
2011-12,Current,2017-18,Gross Value Added,Annual,Second Advance Estimates,"Trade, Hotels, Transport, Communication & Services Related to Broadcasting",,,,2821490,2313932,₹ Crore
2011-12,Current,2017-18,Gross Value Added,Annual,Second Advance Estimates,"Financial, Real Estate & Professional Services",,,,3173667,2612670,₹ Crore
2011-12,Current,2017-18,Gross Value Added,Annual,Second Advance Estimates,"Public Administration, Defence & Other Services",,,,2201573,1556327,₹ Crore
2011-12,Current,2017-18,Gross Value Added,Annual,Second Advance Estimates,Total Gross Value Added,,,,15166379,11964479,₹ Crore
2011-12,Current,2017-18,Gross Value Added,Annual,Provisional Estimates,"Agriculture, Livestock, Forestry and Fishing",,,,2594729,1774573,₹ Crore
2011-12,Current,2017-18,Gross Value Added,Annual,Provisional Estimates,Mining and Quarrying,,,,374689,381965,₹ Crore
2011-12,Current,2017-18,Gross Value Added,Annual,Provisional Estimates,Manufacturing,,,,2530311,2166267,₹ Crore
2011-12,Current,2017-18,Gross Value Added,Annual,Provisional Estimates,"Electricity, Gas, Water Supply & Other Utility Services",,,,387694,262496,₹ Crore
2011-12,Current,2017-18,Gross Value Added,Annual,Provisional Estimates,Construction,,,,1118946,928484,₹ Crore
2011-12,Current,2017-18,Gross Value Added,Annual,Provisional Estimates,"Trade, Hotels, Transport, Communication & Services Related to Broadcasting",,,,2809748,2307684,₹ Crore
2011-12,Current,2017-18,Gross Value Added,Annual,Provisional Estimates,"Financial, Real Estate & Professional Services",,,,3164547,2599927,₹ Crore
2011-12,Current,2017-18,Gross Value Added,Annual,Provisional Estimates,"Public Administration, Defence & Other Services",,,,2201707,1554759,₹ Crore
2011-12,Current,2017-18,Gross Value Added,Annual,Provisional Estimates,Total Gross Value Added,,,,15182371,11976155,₹ Crore
2011-12,Current,2017-18,Gross Value Added,Annual,First Revised Estimates,,,Public Non-Financial Corporations,,968065,,₹ Crore
2011-12,Current,2017-18,Gross Value Added,Annual,First Revised Estimates,,,Private Non-Financial Corporations,,5421035,,₹ Crore
2011-12,Current,2017-18,Gross Value Added,Annual,First Revised Estimates,,,Public Financial Corporations,,381599,,₹ Crore
2011-12,Current,2017-18,Gross Value Added,Annual,First Revised Estimates,,,Private Financial Corporations,,460377,,₹ Crore
2011-12,Current,2017-18,Gross Value Added,Annual,First Revised Estimates,,,General Government,,1571536,,₹ Crore
2011-12,Current,2017-18,Gross Value Added,Annual,First Revised Estimates,,,Households Including NPISH,,6680099,,₹ Crore
2011-12,Current,2017-18,Gross Value Added,Annual,First Revised Estimates,,,Total Gross Value Added,,15482714,,₹ Crore
2011-12,Current,2017-18,Gross Value Added,Annual,First Revised Estimates,"Agriculture, Livestock, Forestry and Fishing",Crops,,,1546807,1056559,₹ Crore
2011-12,Current,2017-18,Gross Value Added,Annual,First Revised Estimates,"Agriculture, Livestock, Forestry and Fishing",Livestock,,,758417,493676,₹ Crore
2011-12,Current,2017-18,Gross Value Added,Annual,First Revised Estimates,"Agriculture, Livestock, Forestry and Fishing",Forestry and Logging,,,189348,141785,₹ Crore
2011-12,Current,2017-18,Gross Value Added,Annual,First Revised Estimates,"Agriculture, Livestock, Forestry and Fishing",Fishing and Aquaculture,,,175573,111017,₹ Crore
2011-12,Current,2017-18,Gross Value Added,Annual,First Revised Estimates,"Agriculture, Livestock, Forestry and Fishing",,,,2670146,1803038,₹ Crore
2011-12,Current,2017-18,Gross Value Added,Annual,First Revised Estimates,Mining and Quarrying,,,,351057,365677,₹ Crore
2011-12,Current,2017-18,Gross Value Added,Annual,First Revised Estimates,Manufacturing,"Food Products, Beverages and Tobacco",,,283433,211629,₹ Crore
2011-12,Current,2017-18,Gross Value Added,Annual,First Revised Estimates,Manufacturing,"Textiles, Apparel and Leather Products",,,321570,261180,₹ Crore
2011-12,Current,2017-18,Gross Value Added,Annual,First Revised Estimates,Manufacturing,Metal Products,,,306324,291175,₹ Crore
2011-12,Current,2017-18,Gross Value Added,Annual,First Revised Estimates,Manufacturing,Machinery and Equipment,,,595800,501172,₹ Crore
2011-12,Current,2017-18,Gross Value Added,Annual,First Revised Estimates,Manufacturing,Other Manufactured Goods,,,1034960,911764,₹ Crore
2011-12,Current,2017-18,Gross Value Added,Annual,First Revised Estimates,Manufacturing,,,,2542089,2176922,₹ Crore
2011-12,Current,2017-18,Gross Value Added,Annual,First Revised Estimates,"Electricity, Gas, Water Supply & Other Utility Services",,,,423089,267720,₹ Crore
2011-12,Current,2017-18,Gross Value Added,Annual,First Revised Estimates,Construction,,,,1213627,969194,₹ Crore
2011-12,Current,2017-18,Gross Value Added,Annual,First Revised Estimates,"Trade, Repair, Hotels and Restaurants",Trade & Repair Services,,,1679832,1400264,₹ Crore
2011-12,Current,2017-18,Gross Value Added,Annual,First Revised Estimates,"Trade, Repair, Hotels and Restaurants",Hotels & Restaurants,,,153887,128156,₹ Crore
2011-12,Current,2017-18,Gross Value Added,Annual,First Revised Estimates,"Trade, Repair, Hotels and Restaurants",,,,1833719,1528420,₹ Crore
2011-12,Current,2017-18,Gross Value Added,Annual,First Revised Estimates,"Transport, Storage, Communication & Services Related to Broadcasting",Railways,,,116023,88533,₹ Crore
2011-12,Current,2017-18,Gross Value Added,Annual,First Revised Estimates,"Transport, Storage, Communication & Services Related to Broadcasting",Road Transport,,,473611,384265,₹ Crore
2011-12,Current,2017-18,Gross Value Added,Annual,First Revised Estimates,"Transport, Storage, Communication & Services Related to Broadcasting",Water Transport,,,8906,9130,₹ Crore
2011-12,Current,2017-18,Gross Value Added,Annual,First Revised Estimates,"Transport, Storage, Communication & Services Related to Broadcasting",Air Transport,,,23048,8430,₹ Crore
2011-12,Current,2017-18,Gross Value Added,Annual,First Revised Estimates,"Transport, Storage, Communication & Services Related to Broadcasting",Services Incidental to Transport,,,117415,93354,₹ Crore
2011-12,Current,2017-18,Gross Value Added,Annual,First Revised Estimates,"Transport, Storage, Communication & Services Related to Broadcasting",Storage,,,8376,6661,₹ Crore
2011-12,Current,2017-18,Gross Value Added,Annual,First Revised Estimates,"Transport, Storage, Communication & Services Related to Broadcasting",Communication & Services Related to Broadcasting,,,242160,193417,₹ Crore
2011-12,Current,2017-18,Gross Value Added,Annual,First Revised Estimates,"Transport, Storage, Communication & Services Related to Broadcasting",,,,989542,783793,₹ Crore
2011-12,Current,2017-18,Gross Value Added,Annual,First Revised Estimates,Financial Services,,,,841976,726708,₹ Crore
2011-12,Current,2017-18,Gross Value Added,Annual,First Revised Estimates,"Real Estate, Ownership of Dwelling & Professional Services",,,,2410812,1922436,₹ Crore
2011-12,Current,2017-18,Gross Value Added,Annual,First Revised Estimates,Public Administration and Defence,,,,955205,683628,₹ Crore
2011-12,Current,2017-18,Gross Value Added,Annual,First Revised Estimates,Other Services,,,,1251446,876624,₹ Crore
2011-12,Current,2017-18,Gross Value Added,Annual,First Revised Estimates,Total Gross Value Added,,,,15482714,12104164,₹ Crore
2011-12,Current,2017-18,Gross Value Added,Annual,Second Revised Estimates,,,Public Non-Financial Corporations,,974583,,₹ Crore
2011-12,Current,2017-18,Gross Value Added,Annual,Second Revised Estimates,,,Private Non-Financial Corporations,,5329225,,₹ Crore
2011-12,Current,2017-18,Gross Value Added,Annual,Second Revised Estimates,,,Public Financial Corporations,,382604,,₹ Crore
2011-12,Current,2017-18,Gross Value Added,Annual,Second Revised Estimates,,,Private Financial Corporations,,461319,,₹ Crore
2011-12,Current,2017-18,Gross Value Added,Annual,Second Revised Estimates,,,General Government,,1554277,,₹ Crore
2011-12,Current,2017-18,Gross Value Added,Annual,Second Revised Estimates,,,Households Including NPISH,,6811115,,₹ Crore
2011-12,Current,2017-18,Gross Value Added,Annual,Second Revised Estimates,,,Total Gross Value Added,,15513123,,₹ Crore
2011-12,Current,2017-18,Gross Value Added,Annual,Second Revised Estimates,"Agriculture, Livestock, Forestry and Fishing",Crops,,,1606057,1064796,₹ Crore
2011-12,Current,2017-18,Gross Value Added,Annual,Second Revised Estimates,"Agriculture, Livestock, Forestry and Fishing",Livestock,,,785180,495834,₹ Crore
2011-12,Current,2017-18,Gross Value Added,Annual,Second Revised Estimates,"Agriculture, Livestock, Forestry and Fishing",Forestry and Logging,,,219109,153451,₹ Crore
2011-12,Current,2017-18,Gross Value Added,Annual,Second Revised Estimates,"Agriculture, Livestock, Forestry and Fishing",Fishing and Aquaculture,,,186561,114248,₹ Crore
2011-12,Current,2017-18,Gross Value Added,Annual,Second Revised Estimates,"Agriculture, Livestock, Forestry and Fishing",,,,2796908,1828329,₹ Crore
2011-12,Current,2017-18,Gross Value Added,Annual,Second Revised Estimates,Mining and Quarrying,,,,357788,366496,₹ Crore
2011-12,Current,2017-18,Gross Value Added,Annual,Second Revised Estimates,Manufacturing,"Food Products, Beverages and Tobacco",,,275415,212224,₹ Crore
2011-12,Current,2017-18,Gross Value Added,Annual,Second Revised Estimates,Manufacturing,"Textiles, Apparel and Leather Products",,,325117,274425,₹ Crore
2011-12,Current,2017-18,Gross Value Added,Annual,Second Revised Estimates,Manufacturing,Metal Products,,,329754,315602,₹ Crore
2011-12,Current,2017-18,Gross Value Added,Annual,Second Revised Estimates,Manufacturing,Machinery and Equipment,,,584168,530434,₹ Crore
2011-12,Current,2017-18,Gross Value Added,Annual,Second Revised Estimates,Manufacturing,Other Manufactured Goods,,,1032152,858106,₹ Crore
2011-12,Current,2017-18,Gross Value Added,Annual,Second Revised Estimates,Manufacturing,,,,2546608,2190791,₹ Crore
2011-12,Current,2017-18,Gross Value Added,Annual,Second Revised Estimates,"Electricity, Gas, Water Supply & Other Utility Services",,,,425101,274104,₹ Crore
2011-12,Current,2017-18,Gross Value Added,Annual,Second Revised Estimates,Construction,,,,1197931,962009,₹ Crore
2011-12,Current,2017-18,Gross Value Added,Annual,Second Revised Estimates,"Trade, Repair, Hotels and Restaurants",Trade & Repair Services,,,1679572,1399843,₹ Crore
2011-12,Current,2017-18,Gross Value Added,Annual,Second Revised Estimates,"Trade, Repair, Hotels and Restaurants",Hotels & Restaurants,,,153695,127974,₹ Crore
2011-12,Current,2017-18,Gross Value Added,Annual,Second Revised Estimates,"Trade, Repair, Hotels and Restaurants",,,,1833267,1527818,₹ Crore
2011-12,Current,2017-18,Gross Value Added,Annual,Second Revised Estimates,"Transport, Storage, Communication & Services Related to Broadcasting",Railways,,,116252,87886,₹ Crore
2011-12,Current,2017-18,Gross Value Added,Annual,Second Revised Estimates,"Transport, Storage, Communication & Services Related to Broadcasting",Road Transport,,,473245,383908,₹ Crore
2011-12,Current,2017-18,Gross Value Added,Annual,Second Revised Estimates,"Transport, Storage, Communication & Services Related to Broadcasting",Water Transport,,,10181,9127,₹ Crore
2011-12,Current,2017-18,Gross Value Added,Annual,Second Revised Estimates,"Transport, Storage, Communication & Services Related to Broadcasting",Air Transport,,,22602,8430,₹ Crore
2011-12,Current,2017-18,Gross Value Added,Annual,Second Revised Estimates,"Transport, Storage, Communication & Services Related to Broadcasting",Services Incidental to Transport,,,106795,93205,₹ Crore
2011-12,Current,2017-18,Gross Value Added,Annual,Second Revised Estimates,"Transport, Storage, Communication & Services Related to Broadcasting",Storage,,,8384,6660,₹ Crore
2011-12,Current,2017-18,Gross Value Added,Annual,Second Revised Estimates,"Transport, Storage, Communication & Services Related to Broadcasting",Communication & Services Related to Broadcasting,,,241980,192827,₹ Crore
2011-12,Current,2017-18,Gross Value Added,Annual,Second Revised Estimates,"Transport, Storage, Communication & Services Related to Broadcasting",,,,979440,782042,₹ Crore
2011-12,Current,2017-18,Gross Value Added,Annual,Second Revised Estimates,Financial Services,,,,843923,729265,₹ Crore
2011-12,Current,2017-18,Gross Value Added,Annual,Second Revised Estimates,"Real Estate, Ownership of Dwelling & Professional Services",,,,2362636,1879751,₹ Crore
2011-12,Current,2017-18,Gross Value Added,Annual,Second Revised Estimates,Public Administration and Defence,,,,944085,675821,₹ Crore
2011-12,Current,2017-18,Gross Value Added,Annual,Second Revised Estimates,Other Services,,,,1225437,857988,₹ Crore
2011-12,Current,2017-18,Gross Value Added,Annual,Second Revised Estimates,Total Gross Value Added,,,,15513122,12074413,₹ Crore
2011-12,Current,2017-18,Gross Value Added,Annual,Third Revised Estimates,,,Public Non-Financial Corporations,,977992,,₹ Crore
2011-12,Current,2017-18,Gross Value Added,Annual,Third Revised Estimates,,,Private Non-Financial Corporations,,5300632,,₹ Crore
2011-12,Current,2017-18,Gross Value Added,Annual,Third Revised Estimates,,,Public Financial Corporations,,382494,,₹ Crore
2011-12,Current,2017-18,Gross Value Added,Annual,Third Revised Estimates,,,Private Financial Corporations,,463699,,₹ Crore
2011-12,Current,2017-18,Gross Value Added,Annual,Third Revised Estimates,,,General Government,,1547925,,₹ Crore
2011-12,Current,2017-18,Gross Value Added,Annual,Third Revised Estimates,,,Households Including NPISH,,6832920,,₹ Crore
2011-12,Current,2017-18,Gross Value Added,Annual,Third Revised Estimates,,,Total Gross Value Added,,15505665,,₹ Crore
2011-12,Current,2017-18,Gross Value Added,Annual,Third Revised Estimates,"Agriculture, Livestock, Forestry and Fishing",Crops,,,1633264,1075111,₹ Crore
2011-12,Current,2017-18,Gross Value Added,Annual,Third Revised Estimates,"Agriculture, Livestock, Forestry and Fishing",Livestock,,,785683,497830,₹ Crore
2011-12,Current,2017-18,Gross Value Added,Annual,Third Revised Estimates,"Agriculture, Livestock, Forestry and Fishing",Forestry and Logging,,,217603,152350,₹ Crore
2011-12,Current,2017-18,Gross Value Added,Annual,Third Revised Estimates,"Agriculture, Livestock, Forestry and Fishing",Fishing and Aquaculture,,,193275,114730,₹ Crore
2011-12,Current,2017-18,Gross Value Added,Annual,Third Revised Estimates,"Agriculture, Livestock, Forestry and Fishing",,,,2829825,1840022,₹ Crore
2011-12,Current,2017-18,Gross Value Added,Annual,Third Revised Estimates,Mining and Quarrying,,,,336109,329612,₹ Crore
2011-12,Current,2017-18,Gross Value Added,Annual,Third Revised Estimates,Manufacturing,"Food Products, Beverages and Tobacco",,,278088,214366,₹ Crore
2011-12,Current,2017-18,Gross Value Added,Annual,Third Revised Estimates,Manufacturing,"Textiles, Apparel and Leather Products",,,332469,280872,₹ Crore
2011-12,Current,2017-18,Gross Value Added,Annual,Third Revised Estimates,Manufacturing,Metal Products,,,333177,319554,₹ Crore
2011-12,Current,2017-18,Gross Value Added,Annual,Third Revised Estimates,Manufacturing,Machinery and Equipment,,,587161,533307,₹ Crore
2011-12,Current,2017-18,Gross Value Added,Annual,Third Revised Estimates,Manufacturing,Other Manufactured Goods,,,1035726,861327,₹ Crore
2011-12,Current,2017-18,Gross Value Added,Annual,Third Revised Estimates,Manufacturing,,,,2566623,2209427,₹ Crore
2011-12,Current,2017-18,Gross Value Added,Annual,Third Revised Estimates,"Electricity, Gas, Water Supply & Other Utility Services",,,,425717,272650,₹ Crore
2011-12,Current,2017-18,Gross Value Added,Annual,Third Revised Estimates,Construction,,,,1200413,964305,₹ Crore
2011-12,Current,2017-18,Gross Value Added,Annual,Third Revised Estimates,"Trade, Repair, Hotels and Restaurants",Trade & Repair Services,,,1722671,1435983,₹ Crore
2011-12,Current,2017-18,Gross Value Added,Annual,Third Revised Estimates,"Trade, Repair, Hotels and Restaurants",Hotels & Restaurants,,,158723,132190,₹ Crore
2011-12,Current,2017-18,Gross Value Added,Annual,Third Revised Estimates,"Trade, Repair, Hotels and Restaurants",,,,1881394,1568174,₹ Crore
2011-12,Current,2017-18,Gross Value Added,Annual,Third Revised Estimates,"Transport, Storage, Communication & Services Related to Broadcasting",Railways,,,116583,87885,₹ Crore
2011-12,Current,2017-18,Gross Value Added,Annual,Third Revised Estimates,"Transport, Storage, Communication & Services Related to Broadcasting",Road Transport,,,484133,396401,₹ Crore
2011-12,Current,2017-18,Gross Value Added,Annual,Third Revised Estimates,"Transport, Storage, Communication & Services Related to Broadcasting",Water Transport,,,13020,11914,₹ Crore
2011-12,Current,2017-18,Gross Value Added,Annual,Third Revised Estimates,"Transport, Storage, Communication & Services Related to Broadcasting",Air Transport,,,22443,8372,₹ Crore
2011-12,Current,2017-18,Gross Value Added,Annual,Third Revised Estimates,"Transport, Storage, Communication & Services Related to Broadcasting",Services Incidental to Transport,,,97602,84350,₹ Crore
2011-12,Current,2017-18,Gross Value Added,Annual,Third Revised Estimates,"Transport, Storage, Communication & Services Related to Broadcasting",Storage,,,16193,12975,₹ Crore
2011-12,Current,2017-18,Gross Value Added,Annual,Third Revised Estimates,"Transport, Storage, Communication & Services Related to Broadcasting",Communication & Services Related to Broadcasting,,,247549,198344,₹ Crore
2011-12,Current,2017-18,Gross Value Added,Annual,Third Revised Estimates,"Transport, Storage, Communication & Services Related to Broadcasting",,,,997527,800244,₹ Crore
2011-12,Current,2017-18,Gross Value Added,Annual,Third Revised Estimates,Financial Services,,,,846194,728669,₹ Crore
2011-12,Current,2017-18,Gross Value Added,Annual,Third Revised Estimates,"Real Estate, Ownership of Dwelling & Professional Services",,,,2281017,1808520,₹ Crore
2011-12,Current,2017-18,Gross Value Added,Annual,Third Revised Estimates,Public Administration and Defence,,,,945082,676507,₹ Crore
2011-12,Current,2017-18,Gross Value Added,Annual,Third Revised Estimates,Other Services,,,,1195759,836035,₹ Crore
2011-12,Current,2017-18,Gross Value Added,Annual,Third Revised Estimates,Total Gross Value Added,,,,15505665,12034170,₹ Crore
2011-12,Current,2016-17,Gross Value Added,Annual,First Advance Estimates,"Agriculture, Livestock, Forestry and Fishing",,,,2318239,1669833,₹ Crore
2011-12,Current,2016-17,Gross Value Added,Annual,First Advance Estimates,Mining and Quarrying,,,,321701,312663,₹ Crore
2011-12,Current,2016-17,Gross Value Added,Annual,First Advance Estimates,Manufacturing,,,,2186573,1957026,₹ Crore
2011-12,Current,2016-17,Gross Value Added,Annual,First Advance Estimates,"Electricity, Gas, Water Supply & Other Utility Services",,,,335457,246188,₹ Crore
2011-12,Current,2016-17,Gross Value Added,Annual,First Advance Estimates,Construction,,,,1075632,913918,₹ Crore
2011-12,Current,2016-17,Gross Value Added,Annual,First Advance Estimates,"Trade, Hotels, Transport, Communication & Services Related to Broadcasting",,,,2482019,2117867,₹ Crore
2011-12,Current,2016-17,Gross Value Added,Annual,First Advance Estimates,"Financial, Real Estate & Professional Services",,,,2845239,2450391,₹ Crore
2011-12,Current,2016-17,Gross Value Added,Annual,First Advance Estimates,"Public Administration, Defence & Other Services",,,,2037315,1485151,₹ Crore
2011-12,Current,2016-17,Gross Value Added,Annual,First Advance Estimates,Total Gross Value Added,,,,13602175,11153038,₹ Crore
2011-12,Current,2016-17,Gross Value Added,Annual,Second Advance Estimates,"Agriculture, Livestock, Forestry and Fishing",,,,2382289,1687064,₹ Crore
2011-12,Current,2016-17,Gross Value Added,Annual,Second Advance Estimates,Mining and Quarrying,,,,309178,349351,₹ Crore
2011-12,Current,2016-17,Gross Value Added,Annual,Second Advance Estimates,Manufacturing,,,,2278149,2007564,₹ Crore
2011-12,Current,2016-17,Gross Value Added,Annual,Second Advance Estimates,"Electricity, Gas, Water Supply & Other Utility Services",,,,338396,239203,₹ Crore
2011-12,Current,2016-17,Gross Value Added,Annual,Second Advance Estimates,Construction,,,,1064068,879525,₹ Crore
2011-12,Current,2016-17,Gross Value Added,Annual,Second Advance Estimates,"Trade, Hotels, Transport, Communication & Services Related to Broadcasting",,,,2538162,2133851,₹ Crore
2011-12,Current,2016-17,Gross Value Added,Annual,Second Advance Estimates,"Financial, Real Estate & Professional Services",,,,2896300,2443633,₹ Crore
2011-12,Current,2016-17,Gross Value Added,Annual,Second Advance Estimates,"Public Administration, Defence & Other Services",,,,1944243,1428124,₹ Crore
2011-12,Current,2016-17,Gross Value Added,Annual,Second Advance Estimates,Total Gross Value Added,,,,13750786,11168315,₹ Crore
2011-12,Current,2016-17,Gross Value Added,Annual,Provisional Estimates,"Agriculture, Livestock, Forestry and Fishing",,,,2372085,1696175,₹ Crore
2011-12,Current,2016-17,Gross Value Added,Annual,Provisional Estimates,Mining and Quarrying,,,,301921,330485,₹ Crore
2011-12,Current,2016-17,Gross Value Added,Annual,Provisional Estimates,Manufacturing,,,,2257413,2019927,₹ Crore
2011-12,Current,2016-17,Gross Value Added,Annual,Provisional Estimates,"Electricity, Gas, Water Supply & Other Utility Services",,,,342422,240590,₹ Crore
2011-12,Current,2016-17,Gross Value Added,Annual,Provisional Estimates,Construction,,,,1041343,894668,₹ Crore
2011-12,Current,2016-17,Gross Value Added,Annual,Provisional Estimates,"Trade, Hotels, Transport, Communication & Services Related to Broadcasting",,,,2519999,2143956,₹ Crore
2011-12,Current,2016-17,Gross Value Added,Annual,Provisional Estimates,"Financial, Real Estate & Professional Services",,,,2889048,2429638,₹ Crore
2011-12,Current,2016-17,Gross Value Added,Annual,Provisional Estimates,"Public Administration, Defence & Other Services",,,,1945683,1430002,₹ Crore
2011-12,Current,2016-17,Gross Value Added,Annual,Provisional Estimates,Total Gross Value Added,,,,13669914,11185440,₹ Crore
2011-12,Current,2016-17,Gross Value Added,Annual,First Revised Estimates,,,Public Non-Financial Corporations,,884411,,₹ Crore
2011-12,Current,2016-17,Gross Value Added,Annual,First Revised Estimates,,,Private Non-Financial Corporations,,4836708,,₹ Crore
2011-12,Current,2016-17,Gross Value Added,Annual,First Revised Estimates,,,Public Financial Corporations,,358141,,₹ Crore
2011-12,Current,2016-17,Gross Value Added,Annual,First Revised Estimates,,,Private Financial Corporations,,384794,,₹ Crore
2011-12,Current,2016-17,Gross Value Added,Annual,First Revised Estimates,,,General Government,,1403309,,₹ Crore
2011-12,Current,2016-17,Gross Value Added,Annual,First Revised Estimates,,,Households Including NPISH,,5974225,,₹ Crore
2011-12,Current,2016-17,Gross Value Added,Annual,First Revised Estimates,,,Total Gross Value Added,,13841591,,₹ Crore
2011-12,Current,2016-17,Gross Value Added,Annual,First Revised Estimates,"Agriculture, Livestock, Forestry and Fishing",Crops,,,1530137,1033007,₹ Crore
2011-12,Current,2016-17,Gross Value Added,Annual,First Revised Estimates,"Agriculture, Livestock, Forestry and Fishing",Livestock,,,639911,448963,₹ Crore
2011-12,Current,2016-17,Gross Value Added,Annual,First Revised Estimates,"Agriculture, Livestock, Forestry and Fishing",Forestry and Logging,,,180464,138778,₹ Crore
2011-12,Current,2016-17,Gross Value Added,Annual,First Revised Estimates,"Agriculture, Livestock, Forestry and Fishing",Fishing and Aquaculture,,,133492,95995,₹ Crore
2011-12,Current,2016-17,Gross Value Added,Annual,First Revised Estimates,"Agriculture, Livestock, Forestry and Fishing",,,,2484005,1716745,₹ Crore
2011-12,Current,2016-17,Gross Value Added,Annual,First Revised Estimates,Mining and Quarrying,,,,332946,371065,₹ Crore
2011-12,Current,2016-17,Gross Value Added,Annual,First Revised Estimates,Manufacturing,"Food Products, Beverages and Tobacco",,,212347,174619,₹ Crore
2011-12,Current,2016-17,Gross Value Added,Annual,First Revised Estimates,Manufacturing,"Textiles, Apparel and Leather Products",,,315236,274256,₹ Crore
2011-12,Current,2016-17,Gross Value Added,Annual,First Revised Estimates,Manufacturing,Metal Products,,,251747,263186,₹ Crore
2011-12,Current,2016-17,Gross Value Added,Annual,First Revised Estimates,Manufacturing,Machinery and Equipment,,,548807,442381,₹ Crore
2011-12,Current,2016-17,Gross Value Added,Annual,First Revised Estimates,Manufacturing,Other Manufactured Goods,,,1001081,894267,₹ Crore
2011-12,Current,2016-17,Gross Value Added,Annual,First Revised Estimates,Manufacturing,,,,2329219,2048710,₹ Crore
2011-12,Current,2016-17,Gross Value Added,Annual,First Revised Estimates,"Electricity, Gas, Water Supply & Other Utility Services",,,,363481,244934,₹ Crore
2011-12,Current,2016-17,Gross Value Added,Annual,First Revised Estimates,Construction,,,,1028463,878110,₹ Crore
2011-12,Current,2016-17,Gross Value Added,Annual,First Revised Estimates,"Trade, Repair, Hotels and Restaurants",Trade & Repair Services,,,1446832,1250502,₹ Crore
2011-12,Current,2016-17,Gross Value Added,Annual,First Revised Estimates,"Trade, Repair, Hotels and Restaurants",Hotels & Restaurants,,,139406,120406,₹ Crore
2011-12,Current,2016-17,Gross Value Added,Annual,First Revised Estimates,"Trade, Repair, Hotels and Restaurants",,,,1586238,1370909,₹ Crore
2011-12,Current,2016-17,Gross Value Added,Annual,First Revised Estimates,"Transport, Storage, Communication & Services Related to Broadcasting",Railways,,,106582,84594,₹ Crore
2011-12,Current,2016-17,Gross Value Added,Annual,First Revised Estimates,"Transport, Storage, Communication & Services Related to Broadcasting",Road Transport,,,434587,362077,₹ Crore
2011-12,Current,2016-17,Gross Value Added,Annual,First Revised Estimates,"Transport, Storage, Communication & Services Related to Broadcasting",Water Transport,,,6847,8578,₹ Crore
2011-12,Current,2016-17,Gross Value Added,Annual,First Revised Estimates,"Transport, Storage, Communication & Services Related to Broadcasting",Air Transport,,,20654,7184,₹ Crore
2011-12,Current,2016-17,Gross Value Added,Annual,First Revised Estimates,"Transport, Storage, Communication & Services Related to Broadcasting",Services Incidental to Transport,,,103496,86616,₹ Crore
2011-12,Current,2016-17,Gross Value Added,Annual,First Revised Estimates,"Transport, Storage, Communication & Services Related to Broadcasting",Storage,,,6887,5868,₹ Crore
2011-12,Current,2016-17,Gross Value Added,Annual,First Revised Estimates,"Transport, Storage, Communication & Services Related to Broadcasting",Communication & Services Related to Broadcasting,,,256518,211274,₹ Crore
2011-12,Current,2016-17,Gross Value Added,Annual,First Revised Estimates,"Transport, Storage, Communication & Services Related to Broadcasting",,,,935574,766193,₹ Crore
2011-12,Current,2016-17,Gross Value Added,Annual,First Revised Estimates,Financial Services,,,,742936,682553,₹ Crore
2011-12,Current,2016-17,Gross Value Added,Annual,First Revised Estimates,"Real Estate, Ownership of Dwelling & Professional Services",,,,2114386,1755304,₹ Crore
2011-12,Current,2016-17,Gross Value Added,Annual,First Revised Estimates,Public Administration and Defence,,,,859615,637056,₹ Crore
2011-12,Current,2016-17,Gross Value Added,Annual,First Revised Estimates,Other Services,,,,1064723,776046,₹ Crore
2011-12,Current,2016-17,Gross Value Added,Annual,First Revised Estimates,Total Gross Value Added,,,,13841591,11247629,₹ Crore
2011-12,Current,2016-17,Gross Value Added,Annual,Second Revised Estimates,,,Public Non-Financial Corporations,,877489,,₹ Crore
2011-12,Current,2016-17,Gross Value Added,Annual,Second Revised Estimates,,,Private Non-Financial Corporations,,4871073,,₹ Crore
2011-12,Current,2016-17,Gross Value Added,Annual,Second Revised Estimates,,,Public Financial Corporations,,361155,,₹ Crore
2011-12,Current,2016-17,Gross Value Added,Annual,Second Revised Estimates,,,Private Financial Corporations,,389068,,₹ Crore
2011-12,Current,2016-17,Gross Value Added,Annual,Second Revised Estimates,,,General Government,,1358378,,₹ Crore
2011-12,Current,2016-17,Gross Value Added,Annual,Second Revised Estimates,,,Households Including NPISH,,6078750,,₹ Crore
2011-12,Current,2016-17,Gross Value Added,Annual,Second Revised Estimates,,,Total Gross Value Added,,13935917,,₹ Crore
2011-12,Current,2016-17,Gross Value Added,Annual,Second Revised Estimates,"Agriculture, Livestock, Forestry and Fishing",Crops,,,1476268,1018167,₹ Crore
2011-12,Current,2016-17,Gross Value Added,Annual,Second Revised Estimates,"Agriculture, Livestock, Forestry and Fishing",Livestock,,,672829,461170,₹ Crore
2011-12,Current,2016-17,Gross Value Added,Annual,Second Revised Estimates,"Agriculture, Livestock, Forestry and Fishing",Forestry and Logging,,,192839,138904,₹ Crore
2011-12,Current,2016-17,Gross Value Added,Annual,Second Revised Estimates,"Agriculture, Livestock, Forestry and Fishing",Fishing and Aquaculture,,,154421,99223,₹ Crore
2011-12,Current,2016-17,Gross Value Added,Annual,Second Revised Estimates,"Agriculture, Livestock, Forestry and Fishing",,,,2496358,1717466,₹ Crore
2011-12,Current,2016-17,Gross Value Added,Annual,Second Revised Estimates,Mining and Quarrying,,,,321871,348088,₹ Crore
2011-12,Current,2016-17,Gross Value Added,Annual,Second Revised Estimates,Manufacturing,"Food Products, Beverages and Tobacco",,,258641,202127,₹ Crore
2011-12,Current,2016-17,Gross Value Added,Annual,Second Revised Estimates,Manufacturing,"Textiles, Apparel and Leather Products",,,306219,263790,₹ Crore
2011-12,Current,2016-17,Gross Value Added,Annual,Second Revised Estimates,Manufacturing,Metal Products,,,274477,284800,₹ Crore
2011-12,Current,2016-17,Gross Value Added,Annual,Second Revised Estimates,Manufacturing,Machinery and Equipment,,,540632,470362,₹ Crore
2011-12,Current,2016-17,Gross Value Added,Annual,Second Revised Estimates,Manufacturing,Other Manufactured Goods,,,955096,833962,₹ Crore
2011-12,Current,2016-17,Gross Value Added,Annual,Second Revised Estimates,Manufacturing,,,,2335067,2055042,₹ Crore
2011-12,Current,2016-17,Gross Value Added,Annual,Second Revised Estimates,"Electricity, Gas, Water Supply & Other Utility Services",,,,353467,246491,₹ Crore
2011-12,Current,2016-17,Gross Value Added,Annual,Second Revised Estimates,Construction,,,,1082465,917754,₹ Crore
2011-12,Current,2016-17,Gross Value Added,Annual,Second Revised Estimates,"Trade, Repair, Hotels and Restaurants",Trade & Repair Services,,,1468581,1268165,₹ Crore
2011-12,Current,2016-17,Gross Value Added,Annual,Second Revised Estimates,"Trade, Repair, Hotels and Restaurants",Hotels & Restaurants,,,140334,121010,₹ Crore
2011-12,Current,2016-17,Gross Value Added,Annual,Second Revised Estimates,"Trade, Repair, Hotels and Restaurants",,,,1608916,1389175,₹ Crore
2011-12,Current,2016-17,Gross Value Added,Annual,Second Revised Estimates,"Transport, Storage, Communication & Services Related to Broadcasting",Railways,,,106834,82161,₹ Crore
2011-12,Current,2016-17,Gross Value Added,Annual,Second Revised Estimates,"Transport, Storage, Communication & Services Related to Broadcasting",Road Transport,,,434493,362251,₹ Crore
2011-12,Current,2016-17,Gross Value Added,Annual,Second Revised Estimates,"Transport, Storage, Communication & Services Related to Broadcasting",Water Transport,,,9203,8567,₹ Crore
2011-12,Current,2016-17,Gross Value Added,Annual,Second Revised Estimates,"Transport, Storage, Communication & Services Related to Broadcasting",Air Transport,,,22229,7170,₹ Crore
2011-12,Current,2016-17,Gross Value Added,Annual,Second Revised Estimates,"Transport, Storage, Communication & Services Related to Broadcasting",Services Incidental to Transport,,,102488,86817,₹ Crore
2011-12,Current,2016-17,Gross Value Added,Annual,Second Revised Estimates,"Transport, Storage, Communication & Services Related to Broadcasting",Storage,,,7377,6062,₹ Crore
2011-12,Current,2016-17,Gross Value Added,Annual,Second Revised Estimates,"Transport, Storage, Communication & Services Related to Broadcasting",Communication & Services Related to Broadcasting,,,246725,203208,₹ Crore
2011-12,Current,2016-17,Gross Value Added,Annual,Second Revised Estimates,"Transport, Storage, Communication & Services Related to Broadcasting",,,,929352,756239,₹ Crore
2011-12,Current,2016-17,Gross Value Added,Annual,Second Revised Estimates,Financial Services,,,,750224,697102,₹ Crore
2011-12,Current,2016-17,Gross Value Added,Annual,Second Revised Estimates,"Real Estate, Ownership of Dwelling & Professional Services",,,,2161677,1797341,₹ Crore
2011-12,Current,2016-17,Gross Value Added,Annual,Second Revised Estimates,Public Administration and Defence,,,,826961,613896,₹ Crore
2011-12,Current,2016-17,Gross Value Added,Annual,Second Revised Estimates,Other Services,,,,1069554,780372,₹ Crore
2011-12,Current,2016-17,Gross Value Added,Annual,Second Revised Estimates,Total Gross Value Added,,,,13935917,11318971,₹ Crore
2011-12,Current,2016-17,Gross Value Added,Annual,Third Revised Estimates,,,Public Non-Financial Corporations,,880245,,₹ Crore
2011-12,Current,2016-17,Gross Value Added,Annual,Third Revised Estimates,,,Private Non-Financial Corporations,,4870797,,₹ Crore
2011-12,Current,2016-17,Gross Value Added,Annual,Third Revised Estimates,,,Public Financial Corporations,,361133,,₹ Crore
2011-12,Current,2016-17,Gross Value Added,Annual,Third Revised Estimates,,,Private Financial Corporations,,389068,,₹ Crore
2011-12,Current,2016-17,Gross Value Added,Annual,Third Revised Estimates,,,General Government,,1360349,,₹ Crore
2011-12,Current,2016-17,Gross Value Added,Annual,Third Revised Estimates,,,Households Including NPISH,,6103607,,₹ Crore
2011-12,Current,2016-17,Gross Value Added,Annual,Third Revised Estimates,,,Total Gross Value Added,,13965199,,₹ Crore
2011-12,Current,2016-17,Gross Value Added,Annual,Third Revised Estimates,"Agriculture, Livestock, Forestry and Fishing",Crops,,,1486044,1020258,₹ Crore
2011-12,Current,2016-17,Gross Value Added,Annual,Third Revised Estimates,"Agriculture, Livestock, Forestry and Fishing",Livestock,,,672611,461572,₹ Crore
2011-12,Current,2016-17,Gross Value Added,Annual,Third Revised Estimates,"Agriculture, Livestock, Forestry and Fishing",Forestry and Logging,,,205364,144547,₹ Crore
2011-12,Current,2016-17,Gross Value Added,Annual,Third Revised Estimates,"Agriculture, Livestock, Forestry and Fishing",Fishing and Aquaculture,,,154643,99627,₹ Crore
2011-12,Current,2016-17,Gross Value Added,Annual,Third Revised Estimates,"Agriculture, Livestock, Forestry and Fishing",,,,2518662,1726004,₹ Crore
2011-12,Current,2016-17,Gross Value Added,Annual,Third Revised Estimates,Mining and Quarrying,,,,326808,349248,₹ Crore
2011-12,Current,2016-17,Gross Value Added,Annual,Third Revised Estimates,Manufacturing,"Food Products, Beverages and Tobacco",,,259668,202964,₹ Crore
2011-12,Current,2016-17,Gross Value Added,Annual,Third Revised Estimates,Manufacturing,"Textiles, Apparel and Leather Products",,,303155,261079,₹ Crore
2011-12,Current,2016-17,Gross Value Added,Annual,Third Revised Estimates,Manufacturing,Metal Products,,,273963,285206,₹ Crore
2011-12,Current,2016-17,Gross Value Added,Annual,Third Revised Estimates,Manufacturing,Machinery and Equipment,,,541055,474418,₹ Crore
2011-12,Current,2016-17,Gross Value Added,Annual,Third Revised Estimates,Manufacturing,Other Manufactured Goods,,,955881,831097,₹ Crore
2011-12,Current,2016-17,Gross Value Added,Annual,Third Revised Estimates,Manufacturing,,,,2333721,2054764,₹ Crore
2011-12,Current,2016-17,Gross Value Added,Annual,Third Revised Estimates,"Electricity, Gas, Water Supply & Other Utility Services",,,,355709,246496,₹ Crore
2011-12,Current,2016-17,Gross Value Added,Annual,Third Revised Estimates,Construction,,,,1080870,916445,₹ Crore
2011-12,Current,2016-17,Gross Value Added,Annual,Third Revised Estimates,"Trade, Repair, Hotels and Restaurants",Trade & Repair Services,,,1468583,1268230,₹ Crore
2011-12,Current,2016-17,Gross Value Added,Annual,Third Revised Estimates,"Trade, Repair, Hotels and Restaurants",Hotels & Restaurants,,,140418,121092,₹ Crore
2011-12,Current,2016-17,Gross Value Added,Annual,Third Revised Estimates,"Trade, Repair, Hotels and Restaurants",,,,1609001,1389322,₹ Crore
2011-12,Current,2016-17,Gross Value Added,Annual,Third Revised Estimates,"Transport, Storage, Communication & Services Related to Broadcasting",Railways,,,106786,82161,₹ Crore
2011-12,Current,2016-17,Gross Value Added,Annual,Third Revised Estimates,"Transport, Storage, Communication & Services Related to Broadcasting",Road Transport,,,434947,362324,₹ Crore
2011-12,Current,2016-17,Gross Value Added,Annual,Third Revised Estimates,"Transport, Storage, Communication & Services Related to Broadcasting",Water Transport,,,9206,8569,₹ Crore
2011-12,Current,2016-17,Gross Value Added,Annual,Third Revised Estimates,"Transport, Storage, Communication & Services Related to Broadcasting",Air Transport,,,21496,7172,₹ Crore
2011-12,Current,2016-17,Gross Value Added,Annual,Third Revised Estimates,"Transport, Storage, Communication & Services Related to Broadcasting",Services Incidental to Transport,,,102468,86835,₹ Crore
2011-12,Current,2016-17,Gross Value Added,Annual,Third Revised Estimates,"Transport, Storage, Communication & Services Related to Broadcasting",Storage,,,7442,6100,₹ Crore
2011-12,Current,2016-17,Gross Value Added,Annual,Third Revised Estimates,"Transport, Storage, Communication & Services Related to Broadcasting",Communication & Services Related to Broadcasting,,,247809,203896,₹ Crore
2011-12,Current,2016-17,Gross Value Added,Annual,Third Revised Estimates,"Transport, Storage, Communication & Services Related to Broadcasting",,,,930155,757056,₹ Crore
2011-12,Current,2016-17,Gross Value Added,Annual,Third Revised Estimates,Financial Services,,,,750201,695983,₹ Crore
2011-12,Current,2016-17,Gross Value Added,Annual,Third Revised Estimates,"Real Estate, Ownership of Dwelling & Professional Services",,,,2161236,1796983,₹ Crore
2011-12,Current,2016-17,Gross Value Added,Annual,Third Revised Estimates,Public Administration and Defence,,,,827438,614238,₹ Crore
2011-12,Current,2016-17,Gross Value Added,Annual,Third Revised Estimates,Other Services,,,,1071399,781744,₹ Crore
2011-12,Current,2016-17,Gross Value Added,Annual,Third Revised Estimates,Total Gross Value Added,,,,13965200,11328285,₹ Crore
2011-12,Current,2015-16,Gross Value Added,Annual,First Advance Estimates,"Agriculture, Livestock, Forestry and Fishing",,,,2082692,1602036,₹ Crore
2011-12,Current,2015-16,Gross Value Added,Annual,First Advance Estimates,Mining and Quarrying,,,,315585,316811,₹ Crore
2011-12,Current,2015-16,Gross Value Added,Annual,First Advance Estimates,Manufacturing,,,,1995079,1825371,₹ Crore
2011-12,Current,2015-16,Gross Value Added,Annual,First Advance Estimates,"Electricity, Gas, Water Supply & Other Utility Services",,,,319390,229681,₹ Crore
2011-12,Current,2015-16,Gross Value Added,Annual,First Advance Estimates,Construction,,,,1009764,886179,₹ Crore
2011-12,Current,2015-16,Gross Value Added,Annual,First Advance Estimates,"Trade, Hotels, Transport, Communication & Services Related to Broadcasting",,,,2277734,2007866,₹ Crore
2011-12,Current,2015-16,Gross Value Added,Annual,First Advance Estimates,"Financial, Real Estate & Professional Services",,,,2525532,2249243,₹ Crore
2011-12,Current,2015-16,Gross Value Added,Annual,First Advance Estimates,"Public Administration, Defence & Other Services",,,,1726530,1320393,₹ Crore
2011-12,Current,2015-16,Gross Value Added,Annual,First Advance Estimates,Total Gross Value Added,,,,12252306,10437579,₹ Crore
2011-12,Current,2015-16,Gross Value Added,Annual,Provisional Estimates,"Agriculture, Livestock, Forestry and Fishing",,,,2093081,1604044,₹ Crore
2011-12,Current,2015-16,Gross Value Added,Annual,Provisional Estimates,Mining and Quarrying,,,,318672,318377,₹ Crore
2011-12,Current,2015-16,Gross Value Added,Annual,Provisional Estimates,Manufacturing,,,,1994330,1821926,₹ Crore
2011-12,Current,2015-16,Gross Value Added,Annual,Provisional Estimates,"Electricity, Gas, Water Supply & Other Utility Services",,,,320186,231228,₹ Crore
2011-12,Current,2015-16,Gross Value Added,Annual,Provisional Estimates,Construction,,,,1016659,887957,₹ Crore
2011-12,Current,2015-16,Gross Value Added,Annual,Provisional Estimates,"Trade, Hotels, Transport, Communication & Services Related to Broadcasting",,,,2281533,1998292,₹ Crore
2011-12,Current,2015-16,Gross Value Added,Annual,Provisional Estimates,"Financial, Real Estate & Professional Services",,,,2534422,2248845,₹ Crore
2011-12,Current,2015-16,Gross Value Added,Annual,Provisional Estimates,"Public Administration, Defence & Other Services",,,,1720527,1316522,₹ Crore
2011-12,Current,2015-16,Gross Value Added,Annual,Provisional Estimates,Total Gross Value Added,,,,12279410,10427191,₹ Crore
2011-12,Current,2015-16,Gross Value Added,Annual,First Revised Estimates,,,Public Non-Financial Corporations,,767015,,₹ Crore
2011-12,Current,2015-16,Gross Value Added,Annual,First Revised Estimates,,,Private Non-Financial Corporations,,4342837,,₹ Crore
2011-12,Current,2015-16,Gross Value Added,Annual,First Revised Estimates,,,Public Financial Corporations,,354554,,₹ Crore
2011-12,Current,2015-16,Gross Value Added,Annual,First Revised Estimates,,,Private Financial Corporations,,366518,,₹ Crore
2011-12,Current,2015-16,Gross Value Added,Annual,First Revised Estimates,,,General Government,,1202315,,₹ Crore
2011-12,Current,2015-16,Gross Value Added,Annual,First Revised Estimates,,,Households Including NPISH,,5418695,,₹ Crore
2011-12,Current,2015-16,Gross Value Added,Annual,First Revised Estimates,,,Total Gross Value Added,,12451937,,₹ Crore
2011-12,Current,2015-16,Gross Value Added,Annual,First Revised Estimates,"Agriculture, Livestock, Forestry and Fishing",Crops,,,1306917,974672,₹ Crore
2011-12,Current,2015-16,Gross Value Added,Annual,First Revised Estimates,"Agriculture, Livestock, Forestry and Fishing",Livestock,,,564712,415906,₹ Crore
2011-12,Current,2015-16,Gross Value Added,Annual,First Revised Estimates,"Agriculture, Livestock, Forestry and Fishing",Forestry and Logging,,,174986,138172,₹ Crore
2011-12,Current,2015-16,Gross Value Added,Annual,First Revised Estimates,"Agriculture, Livestock, Forestry and Fishing",Fishing and Aquaculture,,,126293,87709,₹ Crore
2011-12,Current,2015-16,Gross Value Added,Annual,First Revised Estimates,"Agriculture, Livestock, Forestry and Fishing",,,,2172909,1616461,₹ Crore
2011-12,Current,2015-16,Gross Value Added,Annual,First Revised Estimates,Mining and Quarrying,,,,296040,344972,₹ Crore
2011-12,Current,2015-16,Gross Value Added,Annual,First Revised Estimates,Manufacturing,"Food Products, Beverages and Tobacco",,,219374,186138,₹ Crore
2011-12,Current,2015-16,Gross Value Added,Annual,First Revised Estimates,Manufacturing,"Textiles, Apparel and Leather Products",,,269726,246312,₹ Crore
2011-12,Current,2015-16,Gross Value Added,Annual,First Revised Estimates,Manufacturing,Metal Products,,,268891,254899,₹ Crore
2011-12,Current,2015-16,Gross Value Added,Annual,First Revised Estimates,Manufacturing,Machinery and Equipment,,,426904,379133,₹ Crore
2011-12,Current,2015-16,Gross Value Added,Annual,First Revised Estimates,Manufacturing,Other Manufactured Goods,,,880194,797349,₹ Crore
2011-12,Current,2015-16,Gross Value Added,Annual,First Revised Estimates,Manufacturing,,,,2065092,1863834,₹ Crore
2011-12,Current,2015-16,Gross Value Added,Annual,First Revised Estimates,"Electricity, Gas, Water Supply & Other Utility Services",,,,321765,224323,₹ Crore
2011-12,Current,2015-16,Gross Value Added,Annual,First Revised Estimates,Construction,,,,1000459,852821,₹ Crore
2011-12,Current,2015-16,Gross Value Added,Annual,First Revised Estimates,"Trade, Repair, Hotels and Restaurants",Trade & Repair Services,,,1297931,1144300,₹ Crore
2011-12,Current,2015-16,Gross Value Added,Annual,First Revised Estimates,"Trade, Repair, Hotels and Restaurants",Hotels & Restaurants,,,127921,112663,₹ Crore
2011-12,Current,2015-16,Gross Value Added,Annual,First Revised Estimates,"Trade, Repair, Hotels and Restaurants",,,,1425853,1256964,₹ Crore
2011-12,Current,2015-16,Gross Value Added,Annual,First Revised Estimates,"Transport, Storage, Communication & Services Related to Broadcasting",Railways,,,101595,84089,₹ Crore
2011-12,Current,2015-16,Gross Value Added,Annual,First Revised Estimates,"Transport, Storage, Communication & Services Related to Broadcasting",Road Transport,,,395500,341648,₹ Crore
2011-12,Current,2015-16,Gross Value Added,Annual,First Revised Estimates,"Transport, Storage, Communication & Services Related to Broadcasting",Water Transport,,,6507,8105,₹ Crore
2011-12,Current,2015-16,Gross Value Added,Annual,First Revised Estimates,"Transport, Storage, Communication & Services Related to Broadcasting",Air Transport,,,19950,6057,₹ Crore
2011-12,Current,2015-16,Gross Value Added,Annual,First Revised Estimates,"Transport, Storage, Communication & Services Related to Broadcasting",Services Incidental to Transport,,,95725,80494,₹ Crore
2011-12,Current,2015-16,Gross Value Added,Annual,First Revised Estimates,"Transport, Storage, Communication & Services Related to Broadcasting",Storage,,,7162,6078,₹ Crore
2011-12,Current,2015-16,Gross Value Added,Annual,First Revised Estimates,"Transport, Storage, Communication & Services Related to Broadcasting",Communication & Services Related to Broadcasting,,,242071,205073,₹ Crore
2011-12,Current,2015-16,Gross Value Added,Annual,First Revised Estimates,"Transport, Storage, Communication & Services Related to Broadcasting",,,,868513,731547,₹ Crore
2011-12,Current,2015-16,Gross Value Added,Annual,First Revised Estimates,Financial Services,,,,721073,671852,₹ Crore
2011-12,Current,2015-16,Gross Value Added,Annual,First Revised Estimates,"Real Estate, Ownership of Dwelling & Professional Services",,,,1911358,1622340,₹ Crore
2011-12,Current,2015-16,Gross Value Added,Annual,First Revised Estimates,Public Administration and Defence,,,,737820,569804,₹ Crore
2011-12,Current,2015-16,Gross Value Added,Annual,First Revised Estimates,Other Services,,,,931050,714798,₹ Crore
2011-12,Current,2015-16,Gross Value Added,Annual,First Revised Estimates,Total Gross Value Added,,,,12451937,10469719,₹ Crore
2011-12,Current,2015-16,Gross Value Added,Annual,Second Revised Estimates,,,Public Non-Financial Corporations,,804048,,₹ Crore
2011-12,Current,2015-16,Gross Value Added,Annual,Second Revised Estimates,,,Private Non-Financial Corporations,,4363073,,₹ Crore
2011-12,Current,2015-16,Gross Value Added,Annual,Second Revised Estimates,,,Public Financial Corporations,,358301,,₹ Crore
2011-12,Current,2015-16,Gross Value Added,Annual,Second Revised Estimates,,,Private Financial Corporations,,368952,,₹ Crore
2011-12,Current,2015-16,Gross Value Added,Annual,Second Revised Estimates,,,General Government,,1205184,,₹ Crore
2011-12,Current,2015-16,Gross Value Added,Annual,Second Revised Estimates,,,Households Including NPISH,,5467086,,₹ Crore
2011-12,Current,2015-16,Gross Value Added,Annual,Second Revised Estimates,,,Total Gross Value Added,,12566645,,₹ Crore
2011-12,Current,2015-16,Gross Value Added,Annual,Second Revised Estimates,"Agriculture, Livestock, Forestry and Fishing",Crops,,,1327996,966344,₹ Crore
2011-12,Current,2015-16,Gross Value Added,Annual,Second Revised Estimates,"Agriculture, Livestock, Forestry and Fishing",Livestock,,,584070,421369,₹ Crore
2011-12,Current,2015-16,Gross Value Added,Annual,Second Revised Estimates,"Agriculture, Livestock, Forestry and Fishing",Forestry and Logging,,,182247,137022,₹ Crore
2011-12,Current,2015-16,Gross Value Added,Annual,Second Revised Estimates,"Agriculture, Livestock, Forestry and Fishing",Fishing and Aquaculture,,,131053,90480,₹ Crore
2011-12,Current,2015-16,Gross Value Added,Annual,Second Revised Estimates,"Agriculture, Livestock, Forestry and Fishing",,,,2225367,1615215,₹ Crore
2011-12,Current,2015-16,Gross Value Added,Annual,Second Revised Estimates,Mining and Quarrying,,,,301230,328452,₹ Crore
2011-12,Current,2015-16,Gross Value Added,Annual,Second Revised Estimates,Manufacturing,"Food Products, Beverages and Tobacco",,,204598,168931,₹ Crore
2011-12,Current,2015-16,Gross Value Added,Annual,Second Revised Estimates,Manufacturing,"Textiles, Apparel and Leather Products",,,296144,259680,₹ Crore
2011-12,Current,2015-16,Gross Value Added,Annual,Second Revised Estimates,Manufacturing,Metal Products,,,233751,237484,₹ Crore
2011-12,Current,2015-16,Gross Value Added,Annual,Second Revised Estimates,Manufacturing,Machinery and Equipment,,,502711,415288,₹ Crore
2011-12,Current,2015-16,Gross Value Added,Annual,Second Revised Estimates,Manufacturing,Other Manufactured Goods,,,878911,817404,₹ Crore
2011-12,Current,2015-16,Gross Value Added,Annual,Second Revised Estimates,Manufacturing,,,,2116118,1898789,₹ Crore
2011-12,Current,2015-16,Gross Value Added,Annual,Second Revised Estimates,"Electricity, Gas, Water Supply & Other Utility Services",,,,336977,224198,₹ Crore
2011-12,Current,2015-16,Gross Value Added,Annual,Second Revised Estimates,Construction,,,,992298,866440,₹ Crore
2011-12,Current,2015-16,Gross Value Added,Annual,Second Revised Estimates,"Trade, Repair, Hotels and Restaurants",Trade & Repair Services,,,1304934,1148216,₹ Crore
2011-12,Current,2015-16,Gross Value Added,Annual,Second Revised Estimates,"Trade, Repair, Hotels and Restaurants",Hotels & Restaurants,,,126081,110822,₹ Crore
2011-12,Current,2015-16,Gross Value Added,Annual,Second Revised Estimates,"Trade, Repair, Hotels and Restaurants",,,,1431016,1259038,₹ Crore
2011-12,Current,2015-16,Gross Value Added,Annual,Second Revised Estimates,"Transport, Storage, Communication & Services Related to Broadcasting",Railways,,,100436,85452,₹ Crore
2011-12,Current,2015-16,Gross Value Added,Annual,Second Revised Estimates,"Transport, Storage, Communication & Services Related to Broadcasting",Road Transport,,,399975,342021,₹ Crore
2011-12,Current,2015-16,Gross Value Added,Annual,Second Revised Estimates,"Transport, Storage, Communication & Services Related to Broadcasting",Water Transport,,,7353,8099,₹ Crore
2011-12,Current,2015-16,Gross Value Added,Annual,Second Revised Estimates,"Transport, Storage, Communication & Services Related to Broadcasting",Air Transport,,,20349,6052,₹ Crore
2011-12,Current,2015-16,Gross Value Added,Annual,Second Revised Estimates,"Transport, Storage, Communication & Services Related to Broadcasting",Services Incidental to Transport,,,94138,80682,₹ Crore
2011-12,Current,2015-16,Gross Value Added,Annual,Second Revised Estimates,"Transport, Storage, Communication & Services Related to Broadcasting",Storage,,,6655,6061,₹ Crore
2011-12,Current,2015-16,Gross Value Added,Annual,Second Revised Estimates,"Transport, Storage, Communication & Services Related to Broadcasting",Communication & Services Related to Broadcasting,,,243322,206218,₹ Crore
2011-12,Current,2015-16,Gross Value Added,Annual,Second Revised Estimates,"Transport, Storage, Communication & Services Related to Broadcasting",,,,872232,734588,₹ Crore
2011-12,Current,2015-16,Gross Value Added,Annual,Second Revised Estimates,Financial Services,,,,727254,674021,₹ Crore
2011-12,Current,2015-16,Gross Value Added,Annual,Second Revised Estimates,"Real Estate, Ownership of Dwelling & Professional Services",,,,1904030,1625891,₹ Crore
2011-12,Current,2015-16,Gross Value Added,Annual,Second Revised Estimates,Public Administration and Defence,,,,731639,565018,₹ Crore
2011-12,Current,2015-16,Gross Value Added,Annual,Second Revised Estimates,Other Services,,,,928480,711691,₹ Crore
2011-12,Current,2015-16,Gross Value Added,Annual,Second Revised Estimates,Total Gross Value Added,,,,12566645,10503347,₹ Crore
2011-12,Current,2015-16,Gross Value Added,Annual,Third Revised Estimates,,,Public Non-Financial Corporations,,806523,,₹ Crore
2011-12,Current,2015-16,Gross Value Added,Annual,Third Revised Estimates,,,Private Non-Financial Corporations,,4340544,,₹ Crore
2011-12,Current,2015-16,Gross Value Added,Annual,Third Revised Estimates,,,Public Financial Corporations,,358301,,₹ Crore
2011-12,Current,2015-16,Gross Value Added,Annual,Third Revised Estimates,,,Private Financial Corporations,,367984,,₹ Crore
2011-12,Current,2015-16,Gross Value Added,Annual,Third Revised Estimates,,,General Government,,1205540,,₹ Crore
2011-12,Current,2015-16,Gross Value Added,Annual,Third Revised Estimates,,,Households Including NPISH,,5495603,,₹ Crore
2011-12,Current,2015-16,Gross Value Added,Annual,Third Revised Estimates,,,Total Gross Value Added,,12574498,,₹ Crore
2011-12,Current,2015-16,Gross Value Added,Annual,Third Revised Estimates,"Agriculture, Livestock, Forestry and Fishing",Crops,,,1327991,969343,₹ Crore
2011-12,Current,2015-16,Gross Value Added,Annual,Third Revised Estimates,"Agriculture, Livestock, Forestry and Fishing",Livestock,,,582409,419637,₹ Crore
2011-12,Current,2015-16,Gross Value Added,Annual,Third Revised Estimates,"Agriculture, Livestock, Forestry and Fishing",Forestry and Logging,,,184411,136960,₹ Crore
2011-12,Current,2015-16,Gross Value Added,Annual,Third Revised Estimates,"Agriculture, Livestock, Forestry and Fishing",Fishing and Aquaculture,,,132719,90204,₹ Crore
2011-12,Current,2015-16,Gross Value Added,Annual,Third Revised Estimates,"Agriculture, Livestock, Forestry and Fishing",,,,2227532,1616145,₹ Crore
2011-12,Current,2015-16,Gross Value Added,Annual,Third Revised Estimates,Mining and Quarrying,,,,294011,317973,₹ Crore
2011-12,Current,2015-16,Gross Value Added,Annual,Third Revised Estimates,Manufacturing,"Food Products, Beverages and Tobacco",,,213832,183149,₹ Crore
2011-12,Current,2015-16,Gross Value Added,Annual,Third Revised Estimates,Manufacturing,"Textiles, Apparel and Leather Products",,,300357,258935,₹ Crore
2011-12,Current,2015-16,Gross Value Added,Annual,Third Revised Estimates,Manufacturing,Metal Products,,,232867,225306,₹ Crore
2011-12,Current,2015-16,Gross Value Added,Annual,Third Revised Estimates,Manufacturing,Machinery and Equipment,,,485167,429549,₹ Crore
2011-12,Current,2015-16,Gross Value Added,Annual,Third Revised Estimates,Manufacturing,Other Manufactured Goods,,,913963,806908,₹ Crore
2011-12,Current,2015-16,Gross Value Added,Annual,Third Revised Estimates,Manufacturing,,,,2146188,1903849,₹ Crore
2011-12,Current,2015-16,Gross Value Added,Annual,Third Revised Estimates,"Electricity, Gas, Water Supply & Other Utility Services",,,,334964,224158,₹ Crore
2011-12,Current,2015-16,Gross Value Added,Annual,Third Revised Estimates,Construction,,,,991083,865334,₹ Crore
2011-12,Current,2015-16,Gross Value Added,Annual,Third Revised Estimates,"Trade, Repair, Hotels and Restaurants",Trade & Repair Services,,,1307323,1150121,₹ Crore
2011-12,Current,2015-16,Gross Value Added,Annual,Third Revised Estimates,"Trade, Repair, Hotels and Restaurants",Hotels & Restaurants,,,126645,111304,₹ Crore
2011-12,Current,2015-16,Gross Value Added,Annual,Third Revised Estimates,"Trade, Repair, Hotels and Restaurants",,,,1433968,1261425,₹ Crore
2011-12,Current,2015-16,Gross Value Added,Annual,Third Revised Estimates,"Transport, Storage, Communication & Services Related to Broadcasting",Railways,,,100450,85452,₹ Crore
2011-12,Current,2015-16,Gross Value Added,Annual,Third Revised Estimates,"Transport, Storage, Communication & Services Related to Broadcasting",Road Transport,,,399902,343154,₹ Crore
2011-12,Current,2015-16,Gross Value Added,Annual,Third Revised Estimates,"Transport, Storage, Communication & Services Related to Broadcasting",Water Transport,,,7298,8095,₹ Crore
2011-12,Current,2015-16,Gross Value Added,Annual,Third Revised Estimates,"Transport, Storage, Communication & Services Related to Broadcasting",Air Transport,,,20343,6052,₹ Crore
2011-12,Current,2015-16,Gross Value Added,Annual,Third Revised Estimates,"Transport, Storage, Communication & Services Related to Broadcasting",Services Incidental to Transport,,,88245,81155,₹ Crore
2011-12,Current,2015-16,Gross Value Added,Annual,Third Revised Estimates,"Transport, Storage, Communication & Services Related to Broadcasting",Storage,,,7020,6245,₹ Crore
2011-12,Current,2015-16,Gross Value Added,Annual,Third Revised Estimates,"Transport, Storage, Communication & Services Related to Broadcasting",Communication & Services Related to Broadcasting,,,237282,201243,₹ Crore
2011-12,Current,2015-16,Gross Value Added,Annual,Third Revised Estimates,"Transport, Storage, Communication & Services Related to Broadcasting",,,,860544,731398,₹ Crore
2011-12,Current,2015-16,Gross Value Added,Annual,Third Revised Estimates,Financial Services,,,,726286,672787,₹ Crore
2011-12,Current,2015-16,Gross Value Added,Annual,Third Revised Estimates,"Real Estate, Ownership of Dwelling & Professional Services",,,,1899851,1621999,₹ Crore
2011-12,Current,2015-16,Gross Value Added,Annual,Third Revised Estimates,Public Administration and Defence,,,,731577,565105,₹ Crore
2011-12,Current,2015-16,Gross Value Added,Annual,Third Revised Estimates,Other Services,,,,928489,711690,₹ Crore
2011-12,Current,2015-16,Gross Value Added,Annual,Third Revised Estimates,Total Gross Value Added,,,,12574498,10491870,₹ Crore
2011-12,Current,2014-15,Gross Value Added,Annual,First Advance Estimates,"Agriculture, Livestock, Forestry and Fishing",,,,1982281,1596877,₹ Crore
2011-12,Current,2014-15,Gross Value Added,Annual,First Advance Estimates,Mining and Quarrying,,,,297310,282605,₹ Crore
2011-12,Current,2014-15,Gross Value Added,Annual,First Advance Estimates,Manufacturing,,,,1991191,1770232,₹ Crore
2011-12,Current,2014-15,Gross Value Added,Annual,First Advance Estimates,"Electricity, Gas, Water Supply & Other Utility Services",,,,286517,232269,₹ Crore
2011-12,Current,2014-15,Gross Value Added,Annual,First Advance Estimates,Construction,,,,938126,792663,₹ Crore
2011-12,Current,2014-15,Gross Value Added,Annual,First Advance Estimates,"Trade, Hotels, Transport, Communication & Services Related to Broadcasting",,,,2181998,1865230,₹ Crore
2011-12,Current,2014-15,Gross Value Added,Annual,First Advance Estimates,"Financial, Real Estate & Professional Services",,,,2440985,2055706,₹ Crore
2011-12,Current,2014-15,Gross Value Added,Annual,First Advance Estimates,"Public Administration, Defence & Other Services",,,,1571297,1262091,₹ Crore
2011-12,Current,2014-15,Gross Value Added,Annual,First Advance Estimates,Total Gross Value Added,,,,11689705,9857672,₹ Crore
2011-12,Current,2014-15,Gross Value Added,Annual,Provisional Estimates,"Agriculture, Livestock, Forestry and Fishing",,,,1964506,1582851,₹ Crore
2011-12,Current,2014-15,Gross Value Added,Annual,Provisional Estimates,Mining and Quarrying,,,,275812,283062,₹ Crore
2011-12,Current,2014-15,Gross Value Added,Annual,Provisional Estimates,Manufacturing,,,,1984173,1776469,₹ Crore
2011-12,Current,2014-15,Gross Value Added,Annual,Provisional Estimates,"Electricity, Gas, Water Supply & Other Utility Services",,,,278593,228579,₹ Crore
2011-12,Current,2014-15,Gross Value Added,Annual,Provisional Estimates,Construction,,,,928418,795066,₹ Crore
2011-12,Current,2014-15,Gross Value Added,Annual,Provisional Estimates,"Trade, Hotels, Transport, Communication & Services Related to Broadcasting",,,,2205284,1904200,₹ Crore
2011-12,Current,2014-15,Gross Value Added,Annual,Provisional Estimates,"Financial, Real Estate & Professional Services",,,,2372103,2015912,₹ Crore
2011-12,Current,2014-15,Gross Value Added,Annual,Provisional Estimates,"Public Administration, Defence & Other Services",,,,1541351,1240950,₹ Crore
2011-12,Current,2014-15,Gross Value Added,Annual,Provisional Estimates,Total Gross Value Added,,,,11550240,9827089,₹ Crore
2011-12,Current,2014-15,Gross Value Added,Annual,First Revised Estimates,,,Public Non-Financial Corporations,,758761,,₹ Crore
2011-12,Current,2014-15,Gross Value Added,Annual,First Revised Estimates,,,Private Non-Financial Corporations,,3783578,,₹ Crore
2011-12,Current,2014-15,Gross Value Added,Annual,First Revised Estimates,,,Public Financial Corporations,,318419,,₹ Crore
2011-12,Current,2014-15,Gross Value Added,Annual,First Revised Estimates,,,Private Financial Corporations,,331941,,₹ Crore
2011-12,Current,2014-15,Gross Value Added,Annual,First Revised Estimates,,,General Government,,1144744,,₹ Crore
2011-12,Current,2014-15,Gross Value Added,Annual,First Revised Estimates,,,Households Including NPISH,,5134966,,₹ Crore
2011-12,Current,2014-15,Gross Value Added,Annual,First Revised Estimates,,,Total Gross Value Added,,11472409,,₹ Crore
2011-12,Current,2014-15,Gross Value Added,Annual,First Revised Estimates,"Agriculture, Livestock, Forestry and Fishing",Crops,,,1252412,992159,₹ Crore
2011-12,Current,2014-15,Gross Value Added,Annual,First Revised Estimates,"Agriculture, Livestock, Forestry and Fishing",Livestock,,,500405,389846,₹ Crore
2011-12,Current,2014-15,Gross Value Added,Annual,First Revised Estimates,"Agriculture, Livestock, Forestry and Fishing",Forestry and Logging,,,138137,121681,₹ Crore
2011-12,Current,2014-15,Gross Value Added,Annual,First Revised Estimates,"Agriculture, Livestock, Forestry and Fishing",Fishing and Aquaculture,,,104297,80607,₹ Crore
2011-12,Current,2014-15,Gross Value Added,Annual,First Revised Estimates,"Agriculture, Livestock, Forestry and Fishing",,,,1995251,1584293,₹ Crore
2011-12,Current,2014-15,Gross Value Added,Annual,First Revised Estimates,Mining and Quarrying,,,,304300,296328,₹ Crore
2011-12,Current,2014-15,Gross Value Added,Annual,First Revised Estimates,Manufacturing,"Food Products, Beverages and Tobacco",,,192629,164696,₹ Crore
2011-12,Current,2014-15,Gross Value Added,Annual,First Revised Estimates,Manufacturing,"Textiles, Apparel and Leather Products",,,262003,235861,₹ Crore
2011-12,Current,2014-15,Gross Value Added,Annual,First Revised Estimates,Manufacturing,Metal Products,,,337957,318488,₹ Crore
2011-12,Current,2014-15,Gross Value Added,Annual,First Revised Estimates,Manufacturing,Machinery and Equipment,,,361673,334419,₹ Crore
2011-12,Current,2014-15,Gross Value Added,Annual,First Revised Estimates,Manufacturing,Other Manufactured Goods,,,691279,613605,₹ Crore
2011-12,Current,2014-15,Gross Value Added,Annual,First Revised Estimates,Manufacturing,,,,1845541,1667069,₹ Crore
2011-12,Current,2014-15,Gross Value Added,Annual,First Revised Estimates,"Electricity, Gas, Water Supply & Other Utility Services",,,,288935,216970,₹ Crore
2011-12,Current,2014-15,Gross Value Added,Annual,First Revised Estimates,Construction,,,,1003903,854636,₹ Crore
2011-12,Current,2014-15,Gross Value Added,Annual,First Revised Estimates,"Trade, Repair, Hotels and Restaurants",Trade & Repair Services,,,1231073,1058941,₹ Crore
2011-12,Current,2014-15,Gross Value Added,Annual,First Revised Estimates,"Trade, Repair, Hotels and Restaurants",Hotels & Restaurants,,,121167,104142,₹ Crore
2011-12,Current,2014-15,Gross Value Added,Annual,First Revised Estimates,"Trade, Repair, Hotels and Restaurants",,,,1352240,1163083,₹ Crore
2011-12,Current,2014-15,Gross Value Added,Annual,First Revised Estimates,"Transport, Storage, Communication & Services Related to Broadcasting",Railways,,,92213,78752,₹ Crore
2011-12,Current,2014-15,Gross Value Added,Annual,First Revised Estimates,"Transport, Storage, Communication & Services Related to Broadcasting",Road Transport,,,367114,318959,₹ Crore
2011-12,Current,2014-15,Gross Value Added,Annual,First Revised Estimates,"Transport, Storage, Communication & Services Related to Broadcasting",Water Transport,,,7905,7953,₹ Crore
2011-12,Current,2014-15,Gross Value Added,Annual,First Revised Estimates,"Transport, Storage, Communication & Services Related to Broadcasting",Air Transport,,,19618,5008,₹ Crore
2011-12,Current,2014-15,Gross Value Added,Annual,First Revised Estimates,"Transport, Storage, Communication & Services Related to Broadcasting",Services Incidental to Transport,,,85910,74640,₹ Crore
2011-12,Current,2014-15,Gross Value Added,Annual,First Revised Estimates,"Transport, Storage, Communication & Services Related to Broadcasting",Storage,,,7409,6137,₹ Crore
2011-12,Current,2014-15,Gross Value Added,Annual,First Revised Estimates,"Transport, Storage, Communication & Services Related to Broadcasting",Communication & Services Related to Broadcasting,,,207959,179465,₹ Crore
2011-12,Current,2014-15,Gross Value Added,Annual,First Revised Estimates,"Transport, Storage, Communication & Services Related to Broadcasting",,,,788129,670915,₹ Crore
2011-12,Current,2014-15,Gross Value Added,Annual,First Revised Estimates,Financial Services,,,,650360,594691,₹ Crore
2011-12,Current,2014-15,Gross Value Added,Annual,First Revised Estimates,"Real Estate, Ownership of Dwelling & Professional Services",,,,1708919,1444769,₹ Crore
2011-12,Current,2014-15,Gross Value Added,Annual,First Revised Estimates,Public Administration and Defence,,,,708535,565871,₹ Crore
2011-12,Current,2014-15,Gross Value Added,Annual,First Revised Estimates,Other Services,,,,826296,668866,₹ Crore
2011-12,Current,2014-15,Gross Value Added,Annual,First Revised Estimates,Total Gross Value Added,,,,11472409,9727490,₹ Crore
2011-12,Current,2014-15,Gross Value Added,Annual,Second Revised Estimates,,,Public Non-Financial Corporations,,736499,,₹ Crore
2011-12,Current,2014-15,Gross Value Added,Annual,Second Revised Estimates,,,Private Non-Financial Corporations,,3852546,,₹ Crore
2011-12,Current,2014-15,Gross Value Added,Annual,Second Revised Estimates,,,Public Financial Corporations,,334696,,₹ Crore
2011-12,Current,2014-15,Gross Value Added,Annual,Second Revised Estimates,,,Private Financial Corporations,,324460,,₹ Crore
2011-12,Current,2014-15,Gross Value Added,Annual,Second Revised Estimates,,,General Government,,1094797,,₹ Crore
2011-12,Current,2014-15,Gross Value Added,Annual,Second Revised Estimates,,,Households Including NPISH,,5127413,,₹ Crore
2011-12,Current,2014-15,Gross Value Added,Annual,Second Revised Estimates,,,Total Gross Value Added,,11470415,,₹ Crore
2011-12,Current,2014-15,Gross Value Added,Annual,Second Revised Estimates,"Agriculture, Livestock, Forestry and Fishing",Crops,,,1278033,996142,₹ Crore
2011-12,Current,2014-15,Gross Value Added,Annual,Second Revised Estimates,"Agriculture, Livestock, Forestry and Fishing",Livestock,,,508778,390394,₹ Crore
2011-12,Current,2014-15,Gross Value Added,Annual,Second Revised Estimates,"Agriculture, Livestock, Forestry and Fishing",Forestry and Logging,,,165006,135522,₹ Crore
2011-12,Current,2014-15,Gross Value Added,Annual,Second Revised Estimates,"Agriculture, Livestock, Forestry and Fishing",Fishing and Aquaculture,,,116117,82199,₹ Crore
2011-12,Current,2014-15,Gross Value Added,Annual,Second Revised Estimates,"Agriculture, Livestock, Forestry and Fishing",,,,2067935,1604259,₹ Crore
2011-12,Current,2014-15,Gross Value Added,Annual,Second Revised Estimates,Mining and Quarrying,,,,313843,307077,₹ Crore
2011-12,Current,2014-15,Gross Value Added,Annual,Second Revised Estimates,Manufacturing,"Food Products, Beverages and Tobacco",,,204460,174436,₹ Crore
2011-12,Current,2014-15,Gross Value Added,Annual,Second Revised Estimates,Manufacturing,"Textiles, Apparel and Leather Products",,,254174,228214,₹ Crore
2011-12,Current,2014-15,Gross Value Added,Annual,Second Revised Estimates,Manufacturing,Metal Products,,,257611,241618,₹ Crore
2011-12,Current,2014-15,Gross Value Added,Annual,Second Revised Estimates,Manufacturing,Machinery and Equipment,,,386340,355774,₹ Crore
2011-12,Current,2014-15,Gross Value Added,Annual,Second Revised Estimates,Manufacturing,Other Manufactured Goods,,,781341,685800,₹ Crore
2011-12,Current,2014-15,Gross Value Added,Annual,Second Revised Estimates,Manufacturing,,,,1883928,1685843,₹ Crore
2011-12,Current,2014-15,Gross Value Added,Annual,Second Revised Estimates,"Electricity, Gas, Water Supply & Other Utility Services",,,,279455,213477,₹ Crore
2011-12,Current,2014-15,Gross Value Added,Annual,Second Revised Estimates,Construction,,,,977992,829966,₹ Crore
2011-12,Current,2014-15,Gross Value Added,Annual,Second Revised Estimates,"Trade, Repair, Hotels and Restaurants",Trade & Repair Services,,,1197073,1027848,₹ Crore
2011-12,Current,2014-15,Gross Value Added,Annual,Second Revised Estimates,"Trade, Repair, Hotels and Restaurants",Hotels & Restaurants,,,114402,98067,₹ Crore
2011-12,Current,2014-15,Gross Value Added,Annual,Second Revised Estimates,"Trade, Repair, Hotels and Restaurants",,,,1311475,1125915,₹ Crore
2011-12,Current,2014-15,Gross Value Added,Annual,Second Revised Estimates,"Transport, Storage, Communication & Services Related to Broadcasting",Railways,,,91945,79634,₹ Crore
2011-12,Current,2014-15,Gross Value Added,Annual,Second Revised Estimates,"Transport, Storage, Communication & Services Related to Broadcasting",Road Transport,,,367981,320208,₹ Crore
2011-12,Current,2014-15,Gross Value Added,Annual,Second Revised Estimates,"Transport, Storage, Communication & Services Related to Broadcasting",Water Transport,,,7622,7953,₹ Crore
2011-12,Current,2014-15,Gross Value Added,Annual,Second Revised Estimates,"Transport, Storage, Communication & Services Related to Broadcasting",Air Transport,,,11431,5187,₹ Crore
2011-12,Current,2014-15,Gross Value Added,Annual,Second Revised Estimates,"Transport, Storage, Communication & Services Related to Broadcasting",Services Incidental to Transport,,,91030,75346,₹ Crore
2011-12,Current,2014-15,Gross Value Added,Annual,Second Revised Estimates,"Transport, Storage, Communication & Services Related to Broadcasting",Storage,,,6556,5510,₹ Crore
2011-12,Current,2014-15,Gross Value Added,Annual,Second Revised Estimates,"Transport, Storage, Communication & Services Related to Broadcasting",Communication & Services Related to Broadcasting,,,207293,176733,₹ Crore
2011-12,Current,2014-15,Gross Value Added,Annual,Second Revised Estimates,"Transport, Storage, Communication & Services Related to Broadcasting",,,,783861,670574,₹ Crore
2011-12,Current,2014-15,Gross Value Added,Annual,Second Revised Estimates,Financial Services,,,,659157,630217,₹ Crore
2011-12,Current,2014-15,Gross Value Added,Annual,Second Revised Estimates,"Real Estate, Ownership of Dwelling & Professional Services",,,,1704170,1440729,₹ Crore
2011-12,Current,2014-15,Gross Value Added,Annual,Second Revised Estimates,Public Administration and Defence,,,,677041,544632,₹ Crore
2011-12,Current,2014-15,Gross Value Added,Annual,Second Revised Estimates,Other Services,,,,811553,656653,₹ Crore
2011-12,Current,2014-15,Gross Value Added,Annual,Second Revised Estimates,Total Gross Value Added,,,,11470415,9709346,₹ Crore
2011-12,Current,2014-15,Gross Value Added,Annual,Third Revised Estimates,,,Public Non-Financial Corporations,,744746,,₹ Crore
2011-12,Current,2014-15,Gross Value Added,Annual,Third Revised Estimates,,,Private Non-Financial Corporations,,3857178,,₹ Crore
2011-12,Current,2014-15,Gross Value Added,Annual,Third Revised Estimates,,,Public Financial Corporations,,336766,,₹ Crore
2011-12,Current,2014-15,Gross Value Added,Annual,Third Revised Estimates,,,Private Financial Corporations,,324644,,₹ Crore
2011-12,Current,2014-15,Gross Value Added,Annual,Third Revised Estimates,,,General Government,,1097775,,₹ Crore
2011-12,Current,2014-15,Gross Value Added,Annual,Third Revised Estimates,,,Households Including NPISH,,5143167,,₹ Crore
2011-12,Current,2014-15,Gross Value Added,Annual,Third Revised Estimates,,,Total Gross Value Added,,11504279,,₹ Crore
2011-12,Current,2014-15,Gross Value Added,Annual,Third Revised Estimates,"Agriculture, Livestock, Forestry and Fishing",Crops,,,1292873,998424,₹ Crore
2011-12,Current,2014-15,Gross Value Added,Annual,Third Revised Estimates,"Agriculture, Livestock, Forestry and Fishing",Livestock,,,510410,390449,₹ Crore
2011-12,Current,2014-15,Gross Value Added,Annual,Third Revised Estimates,"Agriculture, Livestock, Forestry and Fishing",Forestry and Logging,,,173760,134609,₹ Crore
2011-12,Current,2014-15,Gross Value Added,Annual,Third Revised Estimates,"Agriculture, Livestock, Forestry and Fishing",Fishing and Aquaculture,,,116567,82232,₹ Crore
2011-12,Current,2014-15,Gross Value Added,Annual,Third Revised Estimates,"Agriculture, Livestock, Forestry and Fishing",,,,2093611,1605715,₹ Crore
2011-12,Current,2014-15,Gross Value Added,Annual,Third Revised Estimates,Mining and Quarrying,,,,308476,288685,₹ Crore
2011-12,Current,2014-15,Gross Value Added,Annual,Third Revised Estimates,Manufacturing,"Food Products, Beverages and Tobacco",,,185898,157637,₹ Crore
2011-12,Current,2014-15,Gross Value Added,Annual,Third Revised Estimates,Manufacturing,"Textiles, Apparel and Leather Products",,,249572,216428,₹ Crore
2011-12,Current,2014-15,Gross Value Added,Annual,Third Revised Estimates,Manufacturing,Metal Products,,,273621,261205,₹ Crore
2011-12,Current,2014-15,Gross Value Added,Annual,Third Revised Estimates,Manufacturing,Machinery and Equipment,,,388960,357016,₹ Crore
2011-12,Current,2014-15,Gross Value Added,Annual,Third Revised Estimates,Manufacturing,Other Manufactured Goods,,,780315,691648,₹ Crore
2011-12,Current,2014-15,Gross Value Added,Annual,Third Revised Estimates,Manufacturing,,,,1878369,1683937,₹ Crore
2011-12,Current,2014-15,Gross Value Added,Annual,Third Revised Estimates,"Electricity, Gas, Water Supply & Other Utility Services",,,,282257,214047,₹ Crore
2011-12,Current,2014-15,Gross Value Added,Annual,Third Revised Estimates,Construction,,,,979085,835228,₹ Crore
2011-12,Current,2014-15,Gross Value Added,Annual,Third Revised Estimates,"Trade, Repair, Hotels and Restaurants",Trade & Repair Services,,,1206474,1037640,₹ Crore
2011-12,Current,2014-15,Gross Value Added,Annual,Third Revised Estimates,"Trade, Repair, Hotels and Restaurants",Hotels & Restaurants,,,114359,98201,₹ Crore
2011-12,Current,2014-15,Gross Value Added,Annual,Third Revised Estimates,"Trade, Repair, Hotels and Restaurants",,,,1320833,1135841,₹ Crore
2011-12,Current,2014-15,Gross Value Added,Annual,Third Revised Estimates,"Transport, Storage, Communication & Services Related to Broadcasting",Railways,,,92459,80720,₹ Crore
2011-12,Current,2014-15,Gross Value Added,Annual,Third Revised Estimates,"Transport, Storage, Communication & Services Related to Broadcasting",Road Transport,,,370363,320813,₹ Crore
2011-12,Current,2014-15,Gross Value Added,Annual,Third Revised Estimates,"Transport, Storage, Communication & Services Related to Broadcasting",Water Transport,,,7589,7954,₹ Crore
2011-12,Current,2014-15,Gross Value Added,Annual,Third Revised Estimates,"Transport, Storage, Communication & Services Related to Broadcasting",Air Transport,,,11820,5188,₹ Crore
2011-12,Current,2014-15,Gross Value Added,Annual,Third Revised Estimates,"Transport, Storage, Communication & Services Related to Broadcasting",Services Incidental to Transport,,,91681,75595,₹ Crore
2011-12,Current,2014-15,Gross Value Added,Annual,Third Revised Estimates,"Transport, Storage, Communication & Services Related to Broadcasting",Storage,,,6406,5529,₹ Crore
2011-12,Current,2014-15,Gross Value Added,Annual,Third Revised Estimates,"Transport, Storage, Communication & Services Related to Broadcasting",Communication & Services Related to Broadcasting,,,206442,176047,₹ Crore
2011-12,Current,2014-15,Gross Value Added,Annual,Third Revised Estimates,"Transport, Storage, Communication & Services Related to Broadcasting",,,,786763,671847,₹ Crore
2011-12,Current,2014-15,Gross Value Added,Annual,Third Revised Estimates,Financial Services,,,,661411,627254,₹ Crore
2011-12,Current,2014-15,Gross Value Added,Annual,Third Revised Estimates,"Real Estate, Ownership of Dwelling & Professional Services",,,,1701935,1446459,₹ Crore
2011-12,Current,2014-15,Gross Value Added,Annual,Third Revised Estimates,Public Administration and Defence,,,,676818,543852,₹ Crore
2011-12,Current,2014-15,Gross Value Added,Annual,Third Revised Estimates,Other Services,,,,814717,659262,₹ Crore
2011-12,Current,2014-15,Gross Value Added,Annual,Third Revised Estimates,Total Gross Value Added,,,,11504279,9712132,₹ Crore
2011-12,Current,2013-14,Gross Value Added,Annual,Second Revised Estimates,,,Public Non-Financial Corporations,,721820,,₹ Crore
2011-12,Current,2013-14,Gross Value Added,Annual,Second Revised Estimates,,,Private Non-Financial Corporations,,3323604,,₹ Crore
2011-12,Current,2013-14,Gross Value Added,Annual,Second Revised Estimates,,,Public Financial Corporations,,314352,,₹ Crore
2011-12,Current,2013-14,Gross Value Added,Annual,Second Revised Estimates,,,Private Financial Corporations,,287862,,₹ Crore
2011-12,Current,2013-14,Gross Value Added,Annual,Second Revised Estimates,,,General Government,,981135,,₹ Crore
2011-12,Current,2013-14,Gross Value Added,Annual,Second Revised Estimates,,,Households Including NPISH,,4752040,,₹ Crore
2011-12,Current,2013-14,Gross Value Added,Annual,Second Revised Estimates,,,Total Gross Value Added,,10380813,,₹ Crore
2011-12,Current,2013-14,Gross Value Added,Annual,Second Revised Estimates,"Agriculture, Livestock, Forestry and Fishing",Crops,,,1232116,1025082,₹ Crore
2011-12,Current,2013-14,Gross Value Added,Annual,Second Revised Estimates,"Agriculture, Livestock, Forestry and Fishing",Livestock,,,429662,363448,₹ Crore
2011-12,Current,2013-14,Gross Value Added,Annual,Second Revised Estimates,"Agriculture, Livestock, Forestry and Fishing",Forestry and Logging,,,143084,122946,₹ Crore
2011-12,Current,2013-14,Gross Value Added,Annual,Second Revised Estimates,"Agriculture, Livestock, Forestry and Fishing",Fishing and Aquaculture,,,97590,76760,₹ Crore
2011-12,Current,2013-14,Gross Value Added,Annual,Second Revised Estimates,"Agriculture, Livestock, Forestry and Fishing",,,,1902452,1588237,₹ Crore
2011-12,Current,2013-14,Gross Value Added,Annual,Second Revised Estimates,Mining and Quarrying,,,,295978,267378,₹ Crore
2011-12,Current,2013-14,Gross Value Added,Annual,Second Revised Estimates,Manufacturing,"Food Products, Beverages and Tobacco",,,175392,156817,₹ Crore
2011-12,Current,2013-14,Gross Value Added,Annual,Second Revised Estimates,Manufacturing,"Textiles, Apparel and Leather Products",,,243138,224517,₹ Crore
2011-12,Current,2013-14,Gross Value Added,Annual,Second Revised Estimates,Manufacturing,Metal Products,,,310410,294651,₹ Crore
2011-12,Current,2013-14,Gross Value Added,Annual,Second Revised Estimates,Manufacturing,Machinery and Equipment,,,335328,316242,₹ Crore
2011-12,Current,2013-14,Gross Value Added,Annual,Second Revised Estimates,Manufacturing,Other Manufactured Goods,,,650462,587495,₹ Crore
2011-12,Current,2013-14,Gross Value Added,Annual,Second Revised Estimates,Manufacturing,,,,1714730,1579721,₹ Crore
2011-12,Current,2013-14,Gross Value Added,Annual,Second Revised Estimates,"Electricity, Gas, Water Supply & Other Utility Services",,,,255812,200861,₹ Crore
2011-12,Current,2013-14,Gross Value Added,Annual,Second Revised Estimates,Construction,,,,931680,818494,₹ Crore
2011-12,Current,2013-14,Gross Value Added,Annual,Second Revised Estimates,"Trade, Repair, Hotels and Restaurants",Trade & Repair Services,,,1089250,955993,₹ Crore
2011-12,Current,2013-14,Gross Value Added,Annual,Second Revised Estimates,"Trade, Repair, Hotels and Restaurants",Hotels & Restaurants,,,108418,95097,₹ Crore
2011-12,Current,2013-14,Gross Value Added,Annual,Second Revised Estimates,"Trade, Repair, Hotels and Restaurants",,,,1197668,1051089,₹ Crore
2011-12,Current,2013-14,Gross Value Added,Annual,Second Revised Estimates,"Transport, Storage, Communication & Services Related to Broadcasting",Railways,,,78799,73100,₹ Crore
2011-12,Current,2013-14,Gross Value Added,Annual,Second Revised Estimates,"Transport, Storage, Communication & Services Related to Broadcasting",Road Transport,,,337147,300094,₹ Crore
2011-12,Current,2013-14,Gross Value Added,Annual,Second Revised Estimates,"Transport, Storage, Communication & Services Related to Broadcasting",Water Transport,,,6498,7351,₹ Crore
2011-12,Current,2013-14,Gross Value Added,Annual,Second Revised Estimates,"Transport, Storage, Communication & Services Related to Broadcasting",Air Transport,,,7157,4440,₹ Crore
2011-12,Current,2013-14,Gross Value Added,Annual,Second Revised Estimates,"Transport, Storage, Communication & Services Related to Broadcasting",Services Incidental to Transport,,,75621,69743,₹ Crore
2011-12,Current,2013-14,Gross Value Added,Annual,Second Revised Estimates,"Transport, Storage, Communication & Services Related to Broadcasting",Storage,,,6164,5256,₹ Crore
2011-12,Current,2013-14,Gross Value Added,Annual,Second Revised Estimates,"Transport, Storage, Communication & Services Related to Broadcasting",Communication & Services Related to Broadcasting,,,179782,158771,₹ Crore
2011-12,Current,2013-14,Gross Value Added,Annual,Second Revised Estimates,"Transport, Storage, Communication & Services Related to Broadcasting",,,,691167,618755,₹ Crore
2011-12,Current,2013-14,Gross Value Added,Annual,Second Revised Estimates,Financial Services,,,,602214,551258,₹ Crore
2011-12,Current,2013-14,Gross Value Added,Annual,Second Revised Estimates,"Real Estate, Ownership of Dwelling & Professional Services",,,,1480551,1292812,₹ Crore
2011-12,Current,2013-14,Gross Value Added,Annual,Second Revised Estimates,Public Administration and Defence,,,,609657,515352,₹ Crore
2011-12,Current,2013-14,Gross Value Added,Annual,Second Revised Estimates,Other Services,,,,698905,600414,₹ Crore
2011-12,Current,2013-14,Gross Value Added,Annual,Second Revised Estimates,Total Gross Value Added,,,,10380813,9084369,₹ Crore
2011-12,Current,2013-14,Gross Value Added,Annual,Third Revised Estimates,,,Public Non-Financial Corporations,,721355,,₹ Crore
2011-12,Current,2013-14,Gross Value Added,Annual,Third Revised Estimates,,,Private Non-Financial Corporations,,3315906,,₹ Crore
2011-12,Current,2013-14,Gross Value Added,Annual,Third Revised Estimates,,,Public Financial Corporations,,314366,,₹ Crore
2011-12,Current,2013-14,Gross Value Added,Annual,Third Revised Estimates,,,Private Financial Corporations,,284975,,₹ Crore
2011-12,Current,2013-14,Gross Value Added,Annual,Third Revised Estimates,,,General Government,,976448,,₹ Crore
2011-12,Current,2013-14,Gross Value Added,Annual,Third Revised Estimates,,,Households Including NPISH,,4753213,,₹ Crore
2011-12,Current,2013-14,Gross Value Added,Annual,Third Revised Estimates,,,Total Gross Value Added,,10366265,,₹ Crore
2011-12,Current,2013-14,Gross Value Added,Annual,Third Revised Estimates,"Agriculture, Livestock, Forestry and Fishing",Crops,,,1248724,1036818,₹ Crore
2011-12,Current,2013-14,Gross Value Added,Annual,Third Revised Estimates,"Agriculture, Livestock, Forestry and Fishing",Livestock,,,431347,363511,₹ Crore
2011-12,Current,2013-14,Gross Value Added,Annual,Third Revised Estimates,"Agriculture, Livestock, Forestry and Fishing",Forestry and Logging,,,154431,132244,₹ Crore
2011-12,Current,2013-14,Gross Value Added,Annual,Third Revised Estimates,"Agriculture, Livestock, Forestry and Fishing",Fishing and Aquaculture,,,98188,76487,₹ Crore
2011-12,Current,2013-14,Gross Value Added,Annual,Third Revised Estimates,"Agriculture, Livestock, Forestry and Fishing",,,,1932692,1609061,₹ Crore
2011-12,Current,2013-14,Gross Value Added,Annual,Third Revised Estimates,Mining and Quarrying,,,,295715,267629,₹ Crore
2011-12,Current,2013-14,Gross Value Added,Annual,Third Revised Estimates,Manufacturing,"Food Products, Beverages and Tobacco",,,175672,156548,₹ Crore
2011-12,Current,2013-14,Gross Value Added,Annual,Third Revised Estimates,Manufacturing,"Textiles, Apparel and Leather Products",,,246424,226791,₹ Crore
2011-12,Current,2013-14,Gross Value Added,Annual,Third Revised Estimates,Manufacturing,Metal Products,,,286995,271378,₹ Crore
2011-12,Current,2013-14,Gross Value Added,Annual,Third Revised Estimates,Manufacturing,Machinery and Equipment,,,343382,322784,₹ Crore
2011-12,Current,2013-14,Gross Value Added,Annual,Third Revised Estimates,Manufacturing,Other Manufactured Goods,,,660970,591005,₹ Crore
2011-12,Current,2013-14,Gross Value Added,Annual,Third Revised Estimates,Manufacturing,,,,1713445,1568508,₹ Crore
2011-12,Current,2013-14,Gross Value Added,Annual,Third Revised Estimates,"Electricity, Gas, Water Supply & Other Utility Services",,,,259839,199153,₹ Crore
2011-12,Current,2013-14,Gross Value Added,Annual,Third Revised Estimates,Construction,,,,919268,805483,₹ Crore
2011-12,Current,2013-14,Gross Value Added,Annual,Third Revised Estimates,"Trade, Repair, Hotels and Restaurants",Trade & Repair Services,,,1078272,944505,₹ Crore
2011-12,Current,2013-14,Gross Value Added,Annual,Third Revised Estimates,"Trade, Repair, Hotels and Restaurants",Hotels & Restaurants,,,106139,92831,₹ Crore
2011-12,Current,2013-14,Gross Value Added,Annual,Third Revised Estimates,"Trade, Repair, Hotels and Restaurants",,,,1184412,1037337,₹ Crore
2011-12,Current,2013-14,Gross Value Added,Annual,Third Revised Estimates,"Transport, Storage, Communication & Services Related to Broadcasting",Railways,,,78799,73132,₹ Crore
2011-12,Current,2013-14,Gross Value Added,Annual,Third Revised Estimates,"Transport, Storage, Communication & Services Related to Broadcasting",Road Transport,,,338332,300556,₹ Crore
2011-12,Current,2013-14,Gross Value Added,Annual,Third Revised Estimates,"Transport, Storage, Communication & Services Related to Broadcasting",Water Transport,,,6497,7345,₹ Crore
2011-12,Current,2013-14,Gross Value Added,Annual,Third Revised Estimates,"Transport, Storage, Communication & Services Related to Broadcasting",Air Transport,,,6852,4549,₹ Crore
2011-12,Current,2013-14,Gross Value Added,Annual,Third Revised Estimates,"Transport, Storage, Communication & Services Related to Broadcasting",Services Incidental to Transport,,,75718,70171,₹ Crore
2011-12,Current,2013-14,Gross Value Added,Annual,Third Revised Estimates,"Transport, Storage, Communication & Services Related to Broadcasting",Storage,,,6025,5190,₹ Crore
2011-12,Current,2013-14,Gross Value Added,Annual,Third Revised Estimates,"Transport, Storage, Communication & Services Related to Broadcasting",Communication & Services Related to Broadcasting,,,177802,156022,₹ Crore
2011-12,Current,2013-14,Gross Value Added,Annual,Third Revised Estimates,"Transport, Storage, Communication & Services Related to Broadcasting",,,,690030,616967,₹ Crore
2011-12,Current,2013-14,Gross Value Added,Annual,Third Revised Estimates,Financial Services,,,,599341,578691,₹ Crore
2011-12,Current,2013-14,Gross Value Added,Annual,Third Revised Estimates,"Real Estate, Ownership of Dwelling & Professional Services",,,,1470044,1285629,₹ Crore
2011-12,Current,2013-14,Gross Value Added,Annual,Third Revised Estimates,Public Administration and Defence,,,,601619,510197,₹ Crore
2011-12,Current,2013-14,Gross Value Added,Annual,Third Revised Estimates,Other Services,,,,699856,600591,₹ Crore
2011-12,Current,2013-14,Gross Value Added,Annual,Third Revised Estimates,Total Gross Value Added,,,,10366265,9079249,₹ Crore
2011-12,Current,2013-14,Gross Value Added,Annual,Additional Revision,,,Public Non-Financial Corporations,,721194,,₹ Crore
2011-12,Current,2013-14,Gross Value Added,Annual,Additional Revision,,,Private Non-Financial Corporations,,3316162,,₹ Crore
2011-12,Current,2013-14,Gross Value Added,Annual,Additional Revision,,,Public Financial Corporations,,314366,,₹ Crore
2011-12,Current,2013-14,Gross Value Added,Annual,Additional Revision,,,Private Financial Corporations,,284975,,₹ Crore
2011-12,Current,2013-14,Gross Value Added,Annual,Additional Revision,,,General Government,,976941,,₹ Crore
2011-12,Current,2013-14,Gross Value Added,Annual,Additional Revision,,,Households Including NPISH,,4749512,,₹ Crore
2011-12,Current,2013-14,Gross Value Added,Annual,Additional Revision,,,Total Gross Value Added,,10363152,,₹ Crore
2011-12,Current,2013-14,Gross Value Added,Annual,Additional Revision,"Agriculture, Livestock, Forestry and Fishing",Crops,,,1248775,1037059,₹ Crore
2011-12,Current,2013-14,Gross Value Added,Annual,Additional Revision,"Agriculture, Livestock, Forestry and Fishing",Livestock,,,422732,363558,₹ Crore
2011-12,Current,2013-14,Gross Value Added,Annual,Additional Revision,"Agriculture, Livestock, Forestry and Fishing",Forestry and Logging,,,156673,132093,₹ Crore
2011-12,Current,2013-14,Gross Value Added,Annual,Additional Revision,"Agriculture, Livestock, Forestry and Fishing",Fishing and Aquaculture,,,98189,76487,₹ Crore
2011-12,Current,2013-14,Gross Value Added,Annual,Additional Revision,"Agriculture, Livestock, Forestry and Fishing",,,,1926371,1609198,₹ Crore
2011-12,Current,2013-14,Gross Value Added,Annual,Additional Revision,Mining and Quarrying,,,,295794,263106,₹ Crore
2011-12,Current,2013-14,Gross Value Added,Annual,Additional Revision,Manufacturing,"Food Products, Beverages and Tobacco",,,175673,153560,₹ Crore
2011-12,Current,2013-14,Gross Value Added,Annual,Additional Revision,Manufacturing,"Textiles, Apparel and Leather Products",,,246424,216410,₹ Crore
2011-12,Current,2013-14,Gross Value Added,Annual,Additional Revision,Manufacturing,Metal Products,,,286997,277321,₹ Crore
2011-12,Current,2013-14,Gross Value Added,Annual,Additional Revision,Manufacturing,Machinery and Equipment,,,343383,324994,₹ Crore
2011-12,Current,2013-14,Gross Value Added,Annual,Additional Revision,Manufacturing,Other Manufactured Goods,,,660973,588421,₹ Crore
2011-12,Current,2013-14,Gross Value Added,Annual,Additional Revision,Manufacturing,,,,1713451,1560709,₹ Crore
2011-12,Current,2013-14,Gross Value Added,Annual,Additional Revision,"Electricity, Gas, Water Supply & Other Utility Services",,,,260154,199601,₹ Crore
2011-12,Current,2013-14,Gross Value Added,Annual,Additional Revision,Construction,,,,921469,800770,₹ Crore
2011-12,Current,2013-14,Gross Value Added,Annual,Additional Revision,"Trade, Repair, Hotels and Restaurants",Trade & Repair Services,,,1078420,941941,₹ Crore
2011-12,Current,2013-14,Gross Value Added,Annual,Additional Revision,"Trade, Repair, Hotels and Restaurants",Hotels & Restaurants,,,106139,92565,₹ Crore
2011-12,Current,2013-14,Gross Value Added,Annual,Additional Revision,"Trade, Repair, Hotels and Restaurants",,,,1184560,1034506,₹ Crore
2011-12,Current,2013-14,Gross Value Added,Annual,Additional Revision,"Transport, Storage, Communication & Services Related to Broadcasting",Railways,,,78723,73685,₹ Crore
2011-12,Current,2013-14,Gross Value Added,Annual,Additional Revision,"Transport, Storage, Communication & Services Related to Broadcasting",Road Transport,,,338305,300563,₹ Crore
2011-12,Current,2013-14,Gross Value Added,Annual,Additional Revision,"Transport, Storage, Communication & Services Related to Broadcasting",Water Transport,,,6475,7345,₹ Crore
2011-12,Current,2013-14,Gross Value Added,Annual,Additional Revision,"Transport, Storage, Communication & Services Related to Broadcasting",Air Transport,,,6852,4550,₹ Crore
2011-12,Current,2013-14,Gross Value Added,Annual,Additional Revision,"Transport, Storage, Communication & Services Related to Broadcasting",Services Incidental to Transport,,,75718,70172,₹ Crore
2011-12,Current,2013-14,Gross Value Added,Annual,Additional Revision,"Transport, Storage, Communication & Services Related to Broadcasting",Storage,,,6025,5210,₹ Crore
2011-12,Current,2013-14,Gross Value Added,Annual,Additional Revision,"Transport, Storage, Communication & Services Related to Broadcasting",Communication & Services Related to Broadcasting,,,177804,156031,₹ Crore
2011-12,Current,2013-14,Gross Value Added,Annual,Additional Revision,"Transport, Storage, Communication & Services Related to Broadcasting",,,,689906,617556,₹ Crore
2011-12,Current,2013-14,Gross Value Added,Annual,Additional Revision,Financial Services,,,,599341,577914,₹ Crore
2011-12,Current,2013-14,Gross Value Added,Annual,Additional Revision,"Real Estate, Ownership of Dwelling & Professional Services",,,,1470166,1289492,₹ Crore
2011-12,Current,2013-14,Gross Value Added,Annual,Additional Revision,Public Administration and Defence,,,,601912,510045,₹ Crore
2011-12,Current,2013-14,Gross Value Added,Annual,Additional Revision,Other Services,,,,700022,600748,₹ Crore
2011-12,Current,2013-14,Gross Value Added,Annual,Additional Revision,Total Gross Value Added,,,,10363152,9063648,₹ Crore
2011-12,Current,2012-13,Gross Value Added,Annual,Second Revised Estimates,,,Public Non-Financial Corporations,,675468,,₹ Crore
2011-12,Current,2012-13,Gross Value Added,Annual,Second Revised Estimates,,,Private Non-Financial Corporations,,2914197,,₹ Crore
2011-12,Current,2012-13,Gross Value Added,Annual,Second Revised Estimates,,,Public Financial Corporations,,273513,,₹ Crore
2011-12,Current,2012-13,Gross Value Added,Annual,Second Revised Estimates,,,Private Financial Corporations,,263306,,₹ Crore
2011-12,Current,2012-13,Gross Value Added,Annual,Second Revised Estimates,,,General Government,,884992,,₹ Crore
2011-12,Current,2012-13,Gross Value Added,Annual,Second Revised Estimates,,,Households Including NPISH,,4198547,,₹ Crore
2011-12,Current,2012-13,Gross Value Added,Annual,Second Revised Estimates,,,Total Gross Value Added,,9210023,,₹ Crore
2011-12,Current,2012-13,Gross Value Added,Annual,Second Revised Estimates,"Agriculture, Livestock, Forestry and Fishing",Crops,,,1090587,983873,₹ Crore
2011-12,Current,2012-13,Gross Value Added,Annual,Second Revised Estimates,"Agriculture, Livestock, Forestry and Fishing",Livestock,,,375254,344333,₹ Crore
2011-12,Current,2012-13,Gross Value Added,Annual,Second Revised Estimates,"Agriculture, Livestock, Forestry and Fishing",Forestry and Logging,,,135048,124830,₹ Crore
2011-12,Current,2012-13,Gross Value Added,Annual,Second Revised Estimates,"Agriculture, Livestock, Forestry and Fishing",Fishing and Aquaculture,,,79908,71362,₹ Crore
2011-12,Current,2012-13,Gross Value Added,Annual,Second Revised Estimates,"Agriculture, Livestock, Forestry and Fishing",,,,1680797,1524398,₹ Crore
2011-12,Current,2012-13,Gross Value Added,Annual,Second Revised Estimates,Mining and Quarrying,,,,285780,259683,₹ Crore
2011-12,Current,2012-13,Gross Value Added,Annual,Second Revised Estimates,Manufacturing,"Food Products, Beverages and Tobacco",,,168296,156991,₹ Crore
2011-12,Current,2012-13,Gross Value Added,Annual,Second Revised Estimates,Manufacturing,"Textiles, Apparel and Leather Products",,,187981,183459,₹ Crore
2011-12,Current,2012-13,Gross Value Added,Annual,Second Revised Estimates,Manufacturing,Metal Products,,,249131,233498,₹ Crore
2011-12,Current,2012-13,Gross Value Added,Annual,Second Revised Estimates,Manufacturing,Machinery and Equipment,,,356375,344670,₹ Crore
2011-12,Current,2012-13,Gross Value Added,Annual,Second Revised Estimates,Manufacturing,Other Manufactured Goods,,,611848,576651,₹ Crore
2011-12,Current,2012-13,Gross Value Added,Annual,Second Revised Estimates,Manufacturing,,,,1573632,1495268,₹ Crore
2011-12,Current,2012-13,Gross Value Added,Annual,Second Revised Estimates,"Electricity, Gas, Water Supply & Other Utility Services",,,,215538,191876,₹ Crore
2011-12,Current,2012-13,Gross Value Added,Annual,Second Revised Estimates,Construction,,,,847573,782256,₹ Crore
2011-12,Current,2012-13,Gross Value Added,Annual,Second Revised Estimates,"Trade, Repair, Hotels and Restaurants",Trade & Repair Services,,,954749,887566,₹ Crore
2011-12,Current,2012-13,Gross Value Added,Annual,Second Revised Estimates,"Trade, Repair, Hotels and Restaurants",Hotels & Restaurants,,,99850,92832,₹ Crore
2011-12,Current,2012-13,Gross Value Added,Annual,Second Revised Estimates,"Trade, Repair, Hotels and Restaurants",,,,1054598,980398,₹ Crore
2011-12,Current,2012-13,Gross Value Added,Annual,Second Revised Estimates,"Transport, Storage, Communication & Services Related to Broadcasting",Railways,,,72297,68958,₹ Crore
2011-12,Current,2012-13,Gross Value Added,Annual,Second Revised Estimates,"Transport, Storage, Communication & Services Related to Broadcasting",Road Transport,,,300658,282454,₹ Crore
2011-12,Current,2012-13,Gross Value Added,Annual,Second Revised Estimates,"Transport, Storage, Communication & Services Related to Broadcasting",Water Transport,,,7199,7053,₹ Crore
2011-12,Current,2012-13,Gross Value Added,Annual,Second Revised Estimates,"Transport, Storage, Communication & Services Related to Broadcasting",Air Transport,,,8147,4085,₹ Crore
2011-12,Current,2012-13,Gross Value Added,Annual,Second Revised Estimates,"Transport, Storage, Communication & Services Related to Broadcasting",Services Incidental to Transport,,,72054,66416,₹ Crore
2011-12,Current,2012-13,Gross Value Added,Annual,Second Revised Estimates,"Transport, Storage, Communication & Services Related to Broadcasting",Storage,,,6165,5709,₹ Crore
2011-12,Current,2012-13,Gross Value Added,Annual,Second Revised Estimates,"Transport, Storage, Communication & Services Related to Broadcasting",Communication & Services Related to Broadcasting,,,142969,134534,₹ Crore
2011-12,Current,2012-13,Gross Value Added,Annual,Second Revised Estimates,"Transport, Storage, Communication & Services Related to Broadcasting",,,,609490,569210,₹ Crore
2011-12,Current,2012-13,Gross Value Added,Annual,Second Revised Estimates,Financial Services,,,,536819,526156,₹ Crore
2011-12,Current,2012-13,Gross Value Added,Annual,Second Revised Estimates,"Real Estate, Ownership of Dwelling & Professional Services",,,,1243348,1149436,₹ Crore
2011-12,Current,2012-13,Gross Value Added,Annual,Second Revised Estimates,Public Administration and Defence,,,,544637,499136,₹ Crore
2011-12,Current,2012-13,Gross Value Added,Annual,Second Revised Estimates,Other Services,,,,617811,568734,₹ Crore
2011-12,Current,2012-13,Gross Value Added,Annual,Second Revised Estimates,Total Gross Value Added,,,,9210023,8546552,₹ Crore
2011-12,Current,2012-13,Gross Value Added,Annual,Third Revised Estimates,,,Public Non-Financial Corporations,,674778,,₹ Crore
2011-12,Current,2012-13,Gross Value Added,Annual,Third Revised Estimates,,,Private Non-Financial Corporations,,2914182,,₹ Crore
2011-12,Current,2012-13,Gross Value Added,Annual,Third Revised Estimates,,,Public Financial Corporations,,273513,,₹ Crore
2011-12,Current,2012-13,Gross Value Added,Annual,Third Revised Estimates,,,Private Financial Corporations,,263305,,₹ Crore
2011-12,Current,2012-13,Gross Value Added,Annual,Third Revised Estimates,,,General Government,,885024,,₹ Crore
2011-12,Current,2012-13,Gross Value Added,Annual,Third Revised Estimates,,,Households Including NPISH,,4194511,,₹ Crore
2011-12,Current,2012-13,Gross Value Added,Annual,Third Revised Estimates,,,Total Gross Value Added,,9205315,,₹ Crore
2011-12,Current,2012-13,Gross Value Added,Annual,Third Revised Estimates,"Agriculture, Livestock, Forestry and Fishing",Crops,,,1090587,983873,₹ Crore
2011-12,Current,2012-13,Gross Value Added,Annual,Third Revised Estimates,"Agriculture, Livestock, Forestry and Fishing",Livestock,,,375253,344333,₹ Crore
2011-12,Current,2012-13,Gross Value Added,Annual,Third Revised Estimates,"Agriculture, Livestock, Forestry and Fishing",Forestry and Logging,,,135048,124829,₹ Crore
2011-12,Current,2012-13,Gross Value Added,Annual,Third Revised Estimates,"Agriculture, Livestock, Forestry and Fishing",Fishing and Aquaculture,,,79908,71362,₹ Crore
2011-12,Current,2012-13,Gross Value Added,Annual,Third Revised Estimates,"Agriculture, Livestock, Forestry and Fishing",,,,1680798,1524398,₹ Crore
2011-12,Current,2012-13,Gross Value Added,Annual,Third Revised Estimates,Mining and Quarrying,,,,285775,259479,₹ Crore
2011-12,Current,2012-13,Gross Value Added,Annual,Third Revised Estimates,Manufacturing,"Food Products, Beverages and Tobacco",,,168226,156864,₹ Crore
2011-12,Current,2012-13,Gross Value Added,Annual,Third Revised Estimates,Manufacturing,"Textiles, Apparel and Leather Products",,,187981,183389,₹ Crore
2011-12,Current,2012-13,Gross Value Added,Annual,Third Revised Estimates,Manufacturing,Metal Products,,,248912,233203,₹ Crore
2011-12,Current,2012-13,Gross Value Added,Annual,Third Revised Estimates,Manufacturing,Machinery and Equipment,,,356229,344404,₹ Crore
2011-12,Current,2012-13,Gross Value Added,Annual,Third Revised Estimates,Manufacturing,Other Manufactured Goods,,,611479,574900,₹ Crore
2011-12,Current,2012-13,Gross Value Added,Annual,Third Revised Estimates,Manufacturing,,,,1572829,1492762,₹ Crore
2011-12,Current,2012-13,Gross Value Added,Annual,Third Revised Estimates,"Electricity, Gas, Water Supply & Other Utility Services",,,,215164,191413,₹ Crore
2011-12,Current,2012-13,Gross Value Added,Annual,Third Revised Estimates,Construction,,,,847492,781947,₹ Crore
2011-12,Current,2012-13,Gross Value Added,Annual,Third Revised Estimates,"Trade, Repair, Hotels and Restaurants",Trade & Repair Services,,,954754,887364,₹ Crore
2011-12,Current,2012-13,Gross Value Added,Annual,Third Revised Estimates,"Trade, Repair, Hotels and Restaurants",Hotels & Restaurants,,,99849,92811,₹ Crore
2011-12,Current,2012-13,Gross Value Added,Annual,Third Revised Estimates,"Trade, Repair, Hotels and Restaurants",,,,1054604,980176,₹ Crore
2011-12,Current,2012-13,Gross Value Added,Annual,Third Revised Estimates,"Transport, Storage, Communication & Services Related to Broadcasting",Railways,,,72295,68959,₹ Crore
2011-12,Current,2012-13,Gross Value Added,Annual,Third Revised Estimates,"Transport, Storage, Communication & Services Related to Broadcasting",Road Transport,,,300667,282425,₹ Crore
2011-12,Current,2012-13,Gross Value Added,Annual,Third Revised Estimates,"Transport, Storage, Communication & Services Related to Broadcasting",Water Transport,,,7199,7052,₹ Crore
2011-12,Current,2012-13,Gross Value Added,Annual,Third Revised Estimates,"Transport, Storage, Communication & Services Related to Broadcasting",Air Transport,,,8127,4183,₹ Crore
2011-12,Current,2012-13,Gross Value Added,Annual,Third Revised Estimates,"Transport, Storage, Communication & Services Related to Broadcasting",Services Incidental to Transport,,,72054,66481,₹ Crore
2011-12,Current,2012-13,Gross Value Added,Annual,Third Revised Estimates,"Transport, Storage, Communication & Services Related to Broadcasting",Storage,,,6165,5708,₹ Crore
2011-12,Current,2012-13,Gross Value Added,Annual,Third Revised Estimates,"Transport, Storage, Communication & Services Related to Broadcasting",Communication & Services Related to Broadcasting,,,142969,134504,₹ Crore
2011-12,Current,2012-13,Gross Value Added,Annual,Third Revised Estimates,"Transport, Storage, Communication & Services Related to Broadcasting",,,,609478,569313,₹ Crore
2011-12,Current,2012-13,Gross Value Added,Annual,Third Revised Estimates,Financial Services,,,,536818,529758,₹ Crore
2011-12,Current,2012-13,Gross Value Added,Annual,Third Revised Estimates,"Real Estate, Ownership of Dwelling & Professional Services",,,,1239204,1149364,₹ Crore
2011-12,Current,2012-13,Gross Value Added,Annual,Third Revised Estimates,Public Administration and Defence,,,,545894,501434,₹ Crore
2011-12,Current,2012-13,Gross Value Added,Annual,Third Revised Estimates,Other Services,,,,617254,568181,₹ Crore
2011-12,Current,2012-13,Gross Value Added,Annual,Third Revised Estimates,Total Gross Value Added,,,,9205315,8548229,₹ Crore
2011-12,Current,2012-13,Gross Value Added,Annual,Additional Revision,,,Public Non-Financial Corporations,,674719,,₹ Crore
2011-12,Current,2012-13,Gross Value Added,Annual,Additional Revision,,,Private Non-Financial Corporations,,2914257,,₹ Crore
2011-12,Current,2012-13,Gross Value Added,Annual,Additional Revision,,,Public Financial Corporations,,273513,,₹ Crore
2011-12,Current,2012-13,Gross Value Added,Annual,Additional Revision,,,Private Financial Corporations,,263305,,₹ Crore
2011-12,Current,2012-13,Gross Value Added,Annual,Additional Revision,,,General Government,,885482,,₹ Crore
2011-12,Current,2012-13,Gross Value Added,Annual,Additional Revision,,,Households Including NPISH,,4191414,,₹ Crore
2011-12,Current,2012-13,Gross Value Added,Annual,Additional Revision,,,Total Gross Value Added,,9202692,,₹ Crore
2011-12,Current,2012-13,Gross Value Added,Annual,Additional Revision,"Agriculture, Livestock, Forestry and Fishing",Crops,,,1088813,983808,₹ Crore
2011-12,Current,2012-13,Gross Value Added,Annual,Additional Revision,"Agriculture, Livestock, Forestry and Fishing",Livestock,,,368822,344374,₹ Crore
2011-12,Current,2012-13,Gross Value Added,Annual,Additional Revision,"Agriculture, Livestock, Forestry and Fishing",Forestry and Logging,,,137558,124742,₹ Crore
2011-12,Current,2012-13,Gross Value Added,Annual,Additional Revision,"Agriculture, Livestock, Forestry and Fishing",Fishing and Aquaculture,,,79911,71362,₹ Crore
2011-12,Current,2012-13,Gross Value Added,Annual,Additional Revision,"Agriculture, Livestock, Forestry and Fishing",,,,1675106,1524288,₹ Crore
2011-12,Current,2012-13,Gross Value Added,Annual,Additional Revision,Mining and Quarrying,,,,285842,262608,₹ Crore
2011-12,Current,2012-13,Gross Value Added,Annual,Additional Revision,Manufacturing,"Food Products, Beverages and Tobacco",,,168227,154539,₹ Crore
2011-12,Current,2012-13,Gross Value Added,Annual,Additional Revision,Manufacturing,"Textiles, Apparel and Leather Products",,,187981,177397,₹ Crore
2011-12,Current,2012-13,Gross Value Added,Annual,Additional Revision,Manufacturing,Metal Products,,,248914,238520,₹ Crore
2011-12,Current,2012-13,Gross Value Added,Annual,Additional Revision,Manufacturing,Machinery and Equipment,,,356231,345731,₹ Crore
2011-12,Current,2012-13,Gross Value Added,Annual,Additional Revision,Manufacturing,Other Manufactured Goods,,,611482,570684,₹ Crore
2011-12,Current,2012-13,Gross Value Added,Annual,Additional Revision,Manufacturing,,,,1572836,1486873,₹ Crore
2011-12,Current,2012-13,Gross Value Added,Annual,Additional Revision,"Electricity, Gas, Water Supply & Other Utility Services",,,,215349,191635,₹ Crore
2011-12,Current,2012-13,Gross Value Added,Annual,Additional Revision,Construction,,,,849364,780050,₹ Crore
2011-12,Current,2012-13,Gross Value Added,Annual,Additional Revision,"Trade, Repair, Hotels and Restaurants",Trade & Repair Services,,,954683,888665,₹ Crore
2011-12,Current,2012-13,Gross Value Added,Annual,Additional Revision,"Trade, Repair, Hotels and Restaurants",Hotels & Restaurants,,,99849,92955,₹ Crore
2011-12,Current,2012-13,Gross Value Added,Annual,Additional Revision,"Trade, Repair, Hotels and Restaurants",,,,1054532,981620,₹ Crore
2011-12,Current,2012-13,Gross Value Added,Annual,Additional Revision,"Transport, Storage, Communication & Services Related to Broadcasting",Railways,,,72295,69162,₹ Crore
2011-12,Current,2012-13,Gross Value Added,Annual,Additional Revision,"Transport, Storage, Communication & Services Related to Broadcasting",Road Transport,,,300651,282425,₹ Crore
2011-12,Current,2012-13,Gross Value Added,Annual,Additional Revision,"Transport, Storage, Communication & Services Related to Broadcasting",Water Transport,,,7189,7052,₹ Crore
2011-12,Current,2012-13,Gross Value Added,Annual,Additional Revision,"Transport, Storage, Communication & Services Related to Broadcasting",Air Transport,,,8127,4183,₹ Crore
2011-12,Current,2012-13,Gross Value Added,Annual,Additional Revision,"Transport, Storage, Communication & Services Related to Broadcasting",Services Incidental to Transport,,,72054,66480,₹ Crore
2011-12,Current,2012-13,Gross Value Added,Annual,Additional Revision,"Transport, Storage, Communication & Services Related to Broadcasting",Storage,,,6165,5716,₹ Crore
2011-12,Current,2012-13,Gross Value Added,Annual,Additional Revision,"Transport, Storage, Communication & Services Related to Broadcasting",Communication & Services Related to Broadcasting,,,142969,134505,₹ Crore
2011-12,Current,2012-13,Gross Value Added,Annual,Additional Revision,"Transport, Storage, Communication & Services Related to Broadcasting",,,,609452,569523,₹ Crore
2011-12,Current,2012-13,Gross Value Added,Annual,Additional Revision,Financial Services,,,,536818,529792,₹ Crore
2011-12,Current,2012-13,Gross Value Added,Annual,Additional Revision,"Real Estate, Ownership of Dwelling & Professional Services",,,,1239813,1150239,₹ Crore
2011-12,Current,2012-13,Gross Value Added,Annual,Additional Revision,Public Administration and Defence,,,,546231,501383,₹ Crore
2011-12,Current,2012-13,Gross Value Added,Annual,Additional Revision,Other Services,,,,617343,568262,₹ Crore
2011-12,Current,2012-13,Gross Value Added,Annual,Additional Revision,Total Gross Value Added,,,,9202692,8546275,₹ Crore
2011-12,Current,2011-12,Gross Value Added,Annual,Second Revised Estimates,,,Public Non-Financial Corporations,,624376,,₹ Crore
2011-12,Current,2011-12,Gross Value Added,Annual,Second Revised Estimates,,,Private Non-Financial Corporations,,2518493,,₹ Crore
2011-12,Current,2011-12,Gross Value Added,Annual,Second Revised Estimates,,,Public Financial Corporations,,249802,,₹ Crore
2011-12,Current,2011-12,Gross Value Added,Annual,Second Revised Estimates,,,Private Financial Corporations,,230424,,₹ Crore
2011-12,Current,2011-12,Gross Value Added,Annual,Second Revised Estimates,,,General Government,,794894,,₹ Crore
2011-12,Current,2011-12,Gross Value Added,Annual,Second Revised Estimates,,,Households Including NPISH,,3688667,,₹ Crore
2011-12,Current,2011-12,Gross Value Added,Annual,Second Revised Estimates,,,Total Gross Value Added,,8106656,,₹ Crore
2011-12,Current,2011-12,Gross Value Added,Annual,Second Revised Estimates,"Agriculture, Livestock, Forestry and Fishing",Crops,,,982026,982026,₹ Crore
2011-12,Current,2011-12,Gross Value Added,Annual,Second Revised Estimates,"Agriculture, Livestock, Forestry and Fishing",Livestock,,,327301,327301,₹ Crore
2011-12,Current,2011-12,Gross Value Added,Annual,Second Revised Estimates,"Agriculture, Livestock, Forestry and Fishing",Forestry and Logging,,,124461,124461,₹ Crore
2011-12,Current,2011-12,Gross Value Added,Annual,Second Revised Estimates,"Agriculture, Livestock, Forestry and Fishing",Fishing and Aquaculture,,,68027,68027,₹ Crore
2011-12,Current,2011-12,Gross Value Added,Annual,Second Revised Estimates,"Agriculture, Livestock, Forestry and Fishing",,,,1501816,1501816,₹ Crore
2011-12,Current,2011-12,Gross Value Added,Annual,Second Revised Estimates,Mining and Quarrying,,,,261035,261035,₹ Crore
2011-12,Current,2011-12,Gross Value Added,Annual,Second Revised Estimates,Manufacturing,"Food Products, Beverages and Tobacco",,,167524,167524,₹ Crore
2011-12,Current,2011-12,Gross Value Added,Annual,Second Revised Estimates,Manufacturing,"Textiles, Apparel and Leather Products",,,153238,153238,₹ Crore
2011-12,Current,2011-12,Gross Value Added,Annual,Second Revised Estimates,Manufacturing,Metal Products,,,229627,229627,₹ Crore
2011-12,Current,2011-12,Gross Value Added,Annual,Second Revised Estimates,Manufacturing,Machinery and Equipment,,,334670,334670,₹ Crore
2011-12,Current,2011-12,Gross Value Added,Annual,Second Revised Estimates,Manufacturing,Other Manufactured Goods,,,524927,524927,₹ Crore
2011-12,Current,2011-12,Gross Value Added,Annual,Second Revised Estimates,Manufacturing,,,,1409986,1409986,₹ Crore
2011-12,Current,2011-12,Gross Value Added,Annual,Second Revised Estimates,"Electricity, Gas, Water Supply & Other Utility Services",,,,186668,186668,₹ Crore
2011-12,Current,2011-12,Gross Value Added,Annual,Second Revised Estimates,Construction,,,,777363,777363,₹ Crore
2011-12,Current,2011-12,Gross Value Added,Annual,Second Revised Estimates,"Trade, Repair, Hotels and Restaurants",Trade & Repair Services,,,793681,793681,₹ Crore
2011-12,Current,2011-12,Gross Value Added,Annual,Second Revised Estimates,"Trade, Repair, Hotels and Restaurants",Hotels & Restaurants,,,89901,89901,₹ Crore
2011-12,Current,2011-12,Gross Value Added,Annual,Second Revised Estimates,"Trade, Repair, Hotels and Restaurants",,,,883582,883582,₹ Crore
2011-12,Current,2011-12,Gross Value Added,Annual,Second Revised Estimates,"Transport, Storage, Communication & Services Related to Broadcasting",Railways,,,61150,61150,₹ Crore
2011-12,Current,2011-12,Gross Value Added,Annual,Second Revised Estimates,"Transport, Storage, Communication & Services Related to Broadcasting",Road Transport,,,262442,262442,₹ Crore
2011-12,Current,2011-12,Gross Value Added,Annual,Second Revised Estimates,"Transport, Storage, Communication & Services Related to Broadcasting",Water Transport,,,6910,6910,₹ Crore
2011-12,Current,2011-12,Gross Value Added,Annual,Second Revised Estimates,"Transport, Storage, Communication & Services Related to Broadcasting",Air Transport,,,4393,4393,₹ Crore
2011-12,Current,2011-12,Gross Value Added,Annual,Second Revised Estimates,"Transport, Storage, Communication & Services Related to Broadcasting",Services Incidental to Transport,,,63602,63602,₹ Crore
2011-12,Current,2011-12,Gross Value Added,Annual,Second Revised Estimates,"Transport, Storage, Communication & Services Related to Broadcasting",Storage,,,5108,5108,₹ Crore
2011-12,Current,2011-12,Gross Value Added,Annual,Second Revised Estimates,"Transport, Storage, Communication & Services Related to Broadcasting",Communication & Services Related to Broadcasting,,,125930,125930,₹ Crore
2011-12,Current,2011-12,Gross Value Added,Annual,Second Revised Estimates,"Transport, Storage, Communication & Services Related to Broadcasting",,,,529534,529534,₹ Crore
2011-12,Current,2011-12,Gross Value Added,Annual,Second Revised Estimates,Financial Services,,,,480226,480226,₹ Crore
2011-12,Current,2011-12,Gross Value Added,Annual,Second Revised Estimates,"Real Estate, Ownership of Dwelling & Professional Services",,,,1050465,1050465,₹ Crore
2011-12,Current,2011-12,Gross Value Added,Annual,Second Revised Estimates,Public Administration and Defence,,,,491155,491155,₹ Crore
2011-12,Current,2011-12,Gross Value Added,Annual,Second Revised Estimates,Other Services,,,,534827,534827,₹ Crore
2011-12,Current,2011-12,Gross Value Added,Annual,Second Revised Estimates,Total Gross Value Added,,,,8106656,8106656,₹ Crore
2011-12,Current,2011-12,Gross Value Added,Annual,Additional Revision,,,Public Non-Financial Corporations,,624340,,₹ Crore
2011-12,Current,2011-12,Gross Value Added,Annual,Additional Revision,,,Private Non-Financial Corporations,,2518528,,₹ Crore
2011-12,Current,2011-12,Gross Value Added,Annual,Additional Revision,,,Public Financial Corporations,,249802,,₹ Crore
2011-12,Current,2011-12,Gross Value Added,Annual,Additional Revision,,,Private Financial Corporations,,230424,,₹ Crore
2011-12,Current,2011-12,Gross Value Added,Annual,Additional Revision,,,General Government,,794893,,₹ Crore
2011-12,Current,2011-12,Gross Value Added,Annual,Additional Revision,,,Households Including NPISH,,3688957,,₹ Crore
2011-12,Current,2011-12,Gross Value Added,Annual,Additional Revision,,,Total Gross Value Added,,8106945,,₹ Crore
2011-12,Current,2011-12,Gross Value Added,Annual,Additional Revision,"Agriculture, Livestock, Forestry and Fishing",Crops,,,982151,982151,₹ Crore
2011-12,Current,2011-12,Gross Value Added,Annual,Additional Revision,"Agriculture, Livestock, Forestry and Fishing",Livestock,,,327333,327333,₹ Crore
2011-12,Current,2011-12,Gross Value Added,Annual,Additional Revision,"Agriculture, Livestock, Forestry and Fishing",Forestry and Logging,,,124436,124436,₹ Crore
2011-12,Current,2011-12,Gross Value Added,Annual,Additional Revision,"Agriculture, Livestock, Forestry and Fishing",Fishing and Aquaculture,,,68026,68026,₹ Crore
2011-12,Current,2011-12,Gross Value Added,Annual,Additional Revision,"Agriculture, Livestock, Forestry and Fishing",,,,1501947,1501947,₹ Crore
2011-12,Current,2011-12,Gross Value Added,Annual,Additional Revision,Mining and Quarrying,,,,261035,261035,₹ Crore
2011-12,Current,2011-12,Gross Value Added,Annual,Additional Revision,Manufacturing,"Food Products, Beverages and Tobacco",,,167524,167524,₹ Crore
2011-12,Current,2011-12,Gross Value Added,Annual,Additional Revision,Manufacturing,"Textiles, Apparel and Leather Products",,,153237,153237,₹ Crore
2011-12,Current,2011-12,Gross Value Added,Annual,Additional Revision,Manufacturing,Metal Products,,,229627,229627,₹ Crore
2011-12,Current,2011-12,Gross Value Added,Annual,Additional Revision,Manufacturing,Machinery and Equipment,,,334669,334669,₹ Crore
2011-12,Current,2011-12,Gross Value Added,Annual,Additional Revision,Manufacturing,Other Manufactured Goods,,,524926,524926,₹ Crore
2011-12,Current,2011-12,Gross Value Added,Annual,Additional Revision,Manufacturing,,,,1409985,1409985,₹ Crore
2011-12,Current,2011-12,Gross Value Added,Annual,Additional Revision,"Electricity, Gas, Water Supply & Other Utility Services",,,,186668,186668,₹ Crore
2011-12,Current,2011-12,Gross Value Added,Annual,Additional Revision,Construction,,,,777334,777334,₹ Crore
2011-12,Current,2011-12,Gross Value Added,Annual,Additional Revision,"Trade, Repair, Hotels and Restaurants",Trade & Repair Services,,,793681,793681,₹ Crore
2011-12,Current,2011-12,Gross Value Added,Annual,Additional Revision,"Trade, Repair, Hotels and Restaurants",Hotels & Restaurants,,,89900,89900,₹ Crore
2011-12,Current,2011-12,Gross Value Added,Annual,Additional Revision,"Trade, Repair, Hotels and Restaurants",,,,883582,883582,₹ Crore
2011-12,Current,2011-12,Gross Value Added,Annual,Additional Revision,"Transport, Storage, Communication & Services Related to Broadcasting",Railways,,,61150,61150,₹ Crore
2011-12,Current,2011-12,Gross Value Added,Annual,Additional Revision,"Transport, Storage, Communication & Services Related to Broadcasting",Road Transport,,,262441,262441,₹ Crore
2011-12,Current,2011-12,Gross Value Added,Annual,Additional Revision,"Transport, Storage, Communication & Services Related to Broadcasting",Water Transport,,,6909,6909,₹ Crore
2011-12,Current,2011-12,Gross Value Added,Annual,Additional Revision,"Transport, Storage, Communication & Services Related to Broadcasting",Air Transport,,,4392,4392,₹ Crore
2011-12,Current,2011-12,Gross Value Added,Annual,Additional Revision,"Transport, Storage, Communication & Services Related to Broadcasting",Services Incidental to Transport,,,63602,63602,₹ Crore
2011-12,Current,2011-12,Gross Value Added,Annual,Additional Revision,"Transport, Storage, Communication & Services Related to Broadcasting",Storage,,,5107,5107,₹ Crore
2011-12,Current,2011-12,Gross Value Added,Annual,Additional Revision,"Transport, Storage, Communication & Services Related to Broadcasting",Communication & Services Related to Broadcasting,,,125929,125929,₹ Crore
2011-12,Current,2011-12,Gross Value Added,Annual,Additional Revision,"Transport, Storage, Communication & Services Related to Broadcasting",,,,529533,529533,₹ Crore
2011-12,Current,2011-12,Gross Value Added,Annual,Additional Revision,Financial Services,,,,480226,480226,₹ Crore
2011-12,Current,2011-12,Gross Value Added,Annual,Additional Revision,"Real Estate, Ownership of Dwelling & Professional Services",,,,1050651,1050651,₹ Crore
2011-12,Current,2011-12,Gross Value Added,Annual,Additional Revision,Public Administration and Defence,,,,491154,491154,₹ Crore
2011-12,Current,2011-12,Gross Value Added,Annual,Additional Revision,Other Services,,,,534826,534826,₹ Crore
2011-12,Current,2011-12,Gross Value Added,Annual,Additional Revision,Total Gross Value Added,,,,8106945,8106945,₹ Crore
