base_year,series,year,indicator,frequency,revision,industry,subindustry,institutional_sector,quarter,current_price,constant_price,unit
2011-12,Back,2011-12,Gross Value Added,Annual,,"Agriculture, Livestock, Forestry and Fishing",Crops,,,982151,982151,₹ Crore
2011-12,Back,2011-12,Gross Value Added,Annual,,"Agriculture, Livestock, Forestry and Fishing",Livestock,,,327333,327333,₹ Crore
2011-12,Back,2011-12,Gross Value Added,Annual,,"Agriculture, Livestock, Forestry and Fishing",Forestry and Logging,,,124435,124435,₹ Crore
2011-12,Back,2011-12,Gross Value Added,Annual,,"Agriculture, Livestock, Forestry and Fishing",Fishing and Aquaculture,,,68026,68026,₹ Crore
2011-12,Back,2011-12,Gross Value Added,Annual,,"Agriculture, Livestock, Forestry and Fishing",,,,1501947,1501947,₹ Crore
2011-12,Back,2011-12,Gross Value Added,Annual,,Mining and Quarrying,,,,261035,261035,₹ Crore
2011-12,Back,2011-12,Gross Value Added,Annual,,Manufacturing,"Food Products, Beverages and Tobacco",,,167524,167524,₹ Crore
2011-12,Back,2011-12,Gross Value Added,Annual,,Manufacturing,"Textiles, Apparel and Leather Products",,,153238,153237,₹ Crore
2011-12,Back,2011-12,Gross Value Added,Annual,,Manufacturing,Metal Products,,,229627,229627,₹ Crore
2011-12,Back,2011-12,Gross Value Added,Annual,,Manufacturing,Machinery and Equipment,,,334670,334669,₹ Crore
2011-12,Back,2011-12,Gross Value Added,Annual,,Manufacturing,Other Manufactured Goods,,,524927,524926,₹ Crore
2011-12,Back,2011-12,Gross Value Added,Annual,,Manufacturing,,,,1409986,1409985,₹ Crore
2011-12,Back,2011-12,Gross Value Added,Annual,,"Electricity, Gas, Water Supply & Other Utility Services",,,,186668,186668,₹ Crore
2011-12,Back,2011-12,Gross Value Added,Annual,,Construction,,,,777335,777334,₹ Crore
2011-12,Back,2011-12,Gross Value Added,Annual,,"Trade, Repair, Hotels and Restaurants",Trade & Repair Services,,,793681,793681,₹ Crore
2011-12,Back,2011-12,Gross Value Added,Annual,,"Trade, Repair, Hotels and Restaurants",Hotels & Restaurants,,,89901,89901,₹ Crore
2011-12,Back,2011-12,Gross Value Added,Annual,,"Trade, Repair, Hotels and Restaurants",,,,883582,883582,₹ Crore
2011-12,Back,2011-12,Gross Value Added,Annual,,"Transport, Storage, Communication & Services Related to Broadcasting",Railways,,,61150,61151,₹ Crore
2011-12,Back,2011-12,Gross Value Added,Annual,,"Transport, Storage, Communication & Services Related to Broadcasting",Road Transport,,,262442,262441,₹ Crore
2011-12,Back,2011-12,Gross Value Added,Annual,,"Transport, Storage, Communication & Services Related to Broadcasting",Water Transport,,,6910,6910,₹ Crore
2011-12,Back,2011-12,Gross Value Added,Annual,,"Transport, Storage, Communication & Services Related to Broadcasting",Air Transport,,,4393,4392,₹ Crore
2011-12,Back,2011-12,Gross Value Added,Annual,,"Transport, Storage, Communication & Services Related to Broadcasting",Services Incidental to Transport,,,63602,63601,₹ Crore
2011-12,Back,2011-12,Gross Value Added,Annual,,"Transport, Storage, Communication & Services Related to Broadcasting",Storage,,,5108,5107,₹ Crore
2011-12,Back,2011-12,Gross Value Added,Annual,,"Transport, Storage, Communication & Services Related to Broadcasting",Communication & Services Related to Broadcasting,,,125930,125929,₹ Crore
2011-12,Back,2011-12,Gross Value Added,Annual,,"Transport, Storage, Communication & Services Related to Broadcasting",,,,529535,529534,₹ Crore
2011-12,Back,2011-12,Gross Value Added,Annual,,Financial Services,,,,480226,480225,₹ Crore
2011-12,Back,2011-12,Gross Value Added,Annual,,"Real Estate, Ownership of Dwelling & Professional Services",,,,1050651,1050652,₹ Crore
2011-12,Back,2011-12,Gross Value Added,Annual,,Public Administration and Defence,,,,491155,491154,₹ Crore
2011-12,Back,2011-12,Gross Value Added,Annual,,Other Services,,,,534827,534826,₹ Crore
2011-12,Back,2011-12,Gross Value Added,Annual,,Total Gross Value Added,,,,8106948,8106948,₹ Crore
2011-12,Back,2011-12,Gross Value Added,Annual,,,,,,8106948,8106948,₹ Crore
2011-12,Back,2010-11,Gross Value Added,Annual,,"Agriculture, Livestock, Forestry and Fishing",Crops,,,877255,916216,₹ Crore
2011-12,Back,2010-11,Gross Value Added,Annual,,"Agriculture, Livestock, Forestry and Fishing",Livestock,,,250867,304474,₹ Crore
2011-12,Back,2010-11,Gross Value Added,Annual,,"Agriculture, Livestock, Forestry and Fishing",Forestry and Logging,,,114504,126279,₹ Crore
2011-12,Back,2010-11,Gross Value Added,Annual,,"Agriculture, Livestock, Forestry and Fishing",Fishing and Aquaculture,,,57256,64663,₹ Crore
2011-12,Back,2010-11,Gross Value Added,Annual,,"Agriculture, Livestock, Forestry and Fishing",,,,1299884,1411633,₹ Crore
2011-12,Back,2010-11,Gross Value Added,Annual,,Mining and Quarrying,,,,251303,316533,₹ Crore
2011-12,Back,2010-11,Gross Value Added,Annual,,Manufacturing,"Food Products, Beverages and Tobacco",,,149766,143177,₹ Crore
2011-12,Back,2010-11,Gross Value Added,Annual,,Manufacturing,"Textiles, Apparel and Leather Products",,,155790,151320,₹ Crore
2011-12,Back,2010-11,Gross Value Added,Annual,,Manufacturing,Metal Products,,,217537,232509,₹ Crore
2011-12,Back,2010-11,Gross Value Added,Annual,,Manufacturing,Machinery and Equipment,,,275570,307612,₹ Crore
2011-12,Back,2010-11,Gross Value Added,Annual,,Manufacturing,Other Manufactured Goods,,,501480,532637,₹ Crore
2011-12,Back,2010-11,Gross Value Added,Annual,,Manufacturing,,,,1300145,1367257,₹ Crore
2011-12,Back,2010-11,Gross Value Added,Annual,,"Electricity, Gas, Water Supply & Other Utility Services",,,,161495,171946,₹ Crore
2011-12,Back,2010-11,Gross Value Added,Annual,,Construction,,,,632753,687071,₹ Crore
2011-12,Back,2010-11,Gross Value Added,Annual,,"Trade, Repair, Hotels and Restaurants",Trade & Repair Services,,,666811,750536,₹ Crore
2011-12,Back,2010-11,Gross Value Added,Annual,,"Trade, Repair, Hotels and Restaurants",Hotels & Restaurants,,,75399,84433,₹ Crore
2011-12,Back,2010-11,Gross Value Added,Annual,,"Trade, Repair, Hotels and Restaurants",,,,742211,834969,₹ Crore
2011-12,Back,2010-11,Gross Value Added,Annual,,"Transport, Storage, Communication & Services Related to Broadcasting",Railways,,,55464,57021,₹ Crore
2011-12,Back,2010-11,Gross Value Added,Annual,,"Transport, Storage, Communication & Services Related to Broadcasting",Road Transport,,,217871,244325,₹ Crore
2011-12,Back,2010-11,Gross Value Added,Annual,,"Transport, Storage, Communication & Services Related to Broadcasting",Water Transport,,,6532,7747,₹ Crore
2011-12,Back,2010-11,Gross Value Added,Annual,,"Transport, Storage, Communication & Services Related to Broadcasting",Air Transport,,,4996,3961,₹ Crore
2011-12,Back,2010-11,Gross Value Added,Annual,,"Transport, Storage, Communication & Services Related to Broadcasting",Services Incidental to Transport,,,49617,56533,₹ Crore
2011-12,Back,2010-11,Gross Value Added,Annual,,"Transport, Storage, Communication & Services Related to Broadcasting",Storage,,,4287,4716,₹ Crore
2011-12,Back,2010-11,Gross Value Added,Annual,,"Transport, Storage, Communication & Services Related to Broadcasting",Communication & Services Related to Broadcasting,,,110779,119347,₹ Crore
2011-12,Back,2010-11,Gross Value Added,Annual,,"Transport, Storage, Communication & Services Related to Broadcasting",,,,449550,493652,₹ Crore
2011-12,Back,2010-11,Gross Value Added,Annual,,Financial Services,,,,427102,464305,₹ Crore
2011-12,Back,2010-11,Gross Value Added,Annual,,"Real Estate, Ownership of Dwelling & Professional Services",,,,916683,1000758,₹ Crore
2011-12,Back,2010-11,Gross Value Added,Annual,,Public Administration and Defence,,,,435760,470838,₹ Crore
2011-12,Back,2010-11,Gross Value Added,Annual,,Other Services,,,,466781,485545,₹ Crore
2011-12,Back,2010-11,Gross Value Added,Annual,,Total Gross Value Added,,,,7083670,7704514,₹ Crore
2011-12,Back,2010-11,Gross Value Added,Annual,,,,,,7083670,7704514,₹ Crore
2011-12,Back,2009-10,Gross Value Added,Annual,,"Agriculture, Livestock, Forestry and Fishing",Crops,,,706037,822186,₹ Crore
2011-12,Back,2009-10,Gross Value Added,Annual,,"Agriculture, Livestock, Forestry and Fishing",Livestock,,,203990,283776,₹ Crore
2011-12,Back,2009-10,Gross Value Added,Annual,,"Agriculture, Livestock, Forestry and Fishing",Forestry and Logging,,,105627,130323,₹ Crore
2011-12,Back,2009-10,Gross Value Added,Annual,,"Agriculture, Livestock, Forestry and Fishing",Fishing and Aquaculture,,,50352,61269,₹ Crore
2011-12,Back,2009-10,Gross Value Added,Annual,,"Agriculture, Livestock, Forestry and Fishing",,,,1066008,1297555,₹ Crore
2011-12,Back,2009-10,Gross Value Added,Annual,,Mining and Quarrying,,,,193262,278970,₹ Crore
2011-12,Back,2009-10,Gross Value Added,Annual,,Manufacturing,"Food Products, Beverages and Tobacco",,,122207,160538,₹ Crore
2011-12,Back,2009-10,Gross Value Added,Annual,,Manufacturing,"Textiles, Apparel and Leather Products",,,124167,141876,₹ Crore
2011-12,Back,2009-10,Gross Value Added,Annual,,Manufacturing,Metal Products,,,179828,208608,₹ Crore
2011-12,Back,2009-10,Gross Value Added,Annual,,Manufacturing,Machinery and Equipment,,,239915,282541,₹ Crore
2011-12,Back,2009-10,Gross Value Added,Annual,,Manufacturing,Other Manufactured Goods,,,425311,475998,₹ Crore
2011-12,Back,2009-10,Gross Value Added,Annual,,Manufacturing,,,,1091429,1269563,₹ Crore
2011-12,Back,2009-10,Gross Value Added,Annual,,"Electricity, Gas, Water Supply & Other Utility Services",,,,140906,160528,₹ Crore
2011-12,Back,2009-10,Gross Value Added,Annual,,Construction,,,,555714,647639,₹ Crore
2011-12,Back,2009-10,Gross Value Added,Annual,,"Trade, Repair, Hotels and Restaurants",Trade & Repair Services,,,542511,650620,₹ Crore
2011-12,Back,2009-10,Gross Value Added,Annual,,"Trade, Repair, Hotels and Restaurants",Hotels & Restaurants,,,60781,72424,₹ Crore
2011-12,Back,2009-10,Gross Value Added,Annual,,"Trade, Repair, Hotels and Restaurants",,,,603293,723045,₹ Crore
2011-12,Back,2009-10,Gross Value Added,Annual,,"Transport, Storage, Communication & Services Related to Broadcasting",Railways,,,53681,54151,₹ Crore
2011-12,Back,2009-10,Gross Value Added,Annual,,"Transport, Storage, Communication & Services Related to Broadcasting",Road Transport,,,180463,225445,₹ Crore
2011-12,Back,2009-10,Gross Value Added,Annual,,"Transport, Storage, Communication & Services Related to Broadcasting",Water Transport,,,5389,7391,₹ Crore
2011-12,Back,2009-10,Gross Value Added,Annual,,"Transport, Storage, Communication & Services Related to Broadcasting",Air Transport,,,3880,3386,₹ Crore
2011-12,Back,2009-10,Gross Value Added,Annual,,"Transport, Storage, Communication & Services Related to Broadcasting",Services Incidental to Transport,,,41078,52707,₹ Crore
2011-12,Back,2009-10,Gross Value Added,Annual,,"Transport, Storage, Communication & Services Related to Broadcasting",Storage,,,3360,4093,₹ Crore
2011-12,Back,2009-10,Gross Value Added,Annual,,"Transport, Storage, Communication & Services Related to Broadcasting",Communication & Services Related to Broadcasting,,,121795,118627,₹ Crore
2011-12,Back,2009-10,Gross Value Added,Annual,,"Transport, Storage, Communication & Services Related to Broadcasting",,,,409648,465802,₹ Crore
2011-12,Back,2009-10,Gross Value Added,Annual,,Financial Services,,,,347818,435088,₹ Crore
2011-12,Back,2009-10,Gross Value Added,Annual,,"Real Estate, Ownership of Dwelling & Professional Services",,,,784721,964439,₹ Crore
2011-12,Back,2009-10,Gross Value Added,Annual,,Public Administration and Defence,,,,396919,471451,₹ Crore
2011-12,Back,2009-10,Gross Value Added,Annual,,Other Services,,,,385182,417751,₹ Crore
2011-12,Back,2009-10,Gross Value Added,Annual,,Total Gross Value Added,,,,5974905,7131836,₹ Crore
2011-12,Back,2009-10,Gross Value Added,Annual,,,,,,5974905,7131836,₹ Crore
2011-12,Back,2008-09,Gross Value Added,Annual,,"Agriculture, Livestock, Forestry and Fishing",Crops,,,615489,849406,₹ Crore
2011-12,Back,2008-09,Gross Value Added,Annual,,"Agriculture, Livestock, Forestry and Fishing",Livestock,,,170689,269776,₹ Crore
2011-12,Back,2008-09,Gross Value Added,Annual,,"Agriculture, Livestock, Forestry and Fishing",Forestry and Logging,,,95647,130713,₹ Crore
2011-12,Back,2008-09,Gross Value Added,Annual,,"Agriculture, Livestock, Forestry and Fishing",Fishing and Aquaculture,,,44051,59181,₹ Crore
2011-12,Back,2008-09,Gross Value Added,Annual,,"Agriculture, Livestock, Forestry and Fishing",,,,925878,1309078,₹ Crore
2011-12,Back,2008-09,Gross Value Added,Annual,,Mining and Quarrying,,,,163961,263136,₹ Crore
2011-12,Back,2008-09,Gross Value Added,Annual,,Manufacturing,"Food Products, Beverages and Tobacco",,,109359,153623,₹ Crore
2011-12,Back,2008-09,Gross Value Added,Annual,,Manufacturing,"Textiles, Apparel and Leather Products",,,99345,124602,₹ Crore
2011-12,Back,2008-09,Gross Value Added,Annual,,Manufacturing,Metal Products,,,158149,189641,₹ Crore
2011-12,Back,2008-09,Gross Value Added,Annual,,Manufacturing,Machinery and Equipment,,,194342,238515,₹ Crore
2011-12,Back,2008-09,Gross Value Added,Annual,,Manufacturing,Other Manufactured Goods,,,381650,437701,₹ Crore
2011-12,Back,2008-09,Gross Value Added,Annual,,Manufacturing,,,,942846,1144084,₹ Crore
2011-12,Back,2008-09,Gross Value Added,Annual,,"Electricity, Gas, Water Supply & Other Utility Services",,,,108535,151538,₹ Crore
2011-12,Back,2008-09,Gross Value Added,Annual,,Construction,,,,501581,606438,₹ Crore
2011-12,Back,2008-09,Gross Value Added,Annual,,"Trade, Repair, Hotels and Restaurants",Trade & Repair Services,,,480934,628896,₹ Crore
2011-12,Back,2008-09,Gross Value Added,Annual,,"Trade, Repair, Hotels and Restaurants",Hotels & Restaurants,,,55860,72630,₹ Crore
2011-12,Back,2008-09,Gross Value Added,Annual,,"Trade, Repair, Hotels and Restaurants",,,,536794,701527,₹ Crore
2011-12,Back,2008-09,Gross Value Added,Annual,,"Transport, Storage, Communication & Services Related to Broadcasting",Railways,,,46376,49696,₹ Crore
2011-12,Back,2008-09,Gross Value Added,Annual,,"Transport, Storage, Communication & Services Related to Broadcasting",Road Transport,,,164954,208272,₹ Crore
2011-12,Back,2008-09,Gross Value Added,Annual,,"Transport, Storage, Communication & Services Related to Broadcasting",Water Transport,,,5282,7423,₹ Crore
2011-12,Back,2008-09,Gross Value Added,Annual,,"Transport, Storage, Communication & Services Related to Broadcasting",Air Transport,,,1421,2933,₹ Crore
2011-12,Back,2008-09,Gross Value Added,Annual,,"Transport, Storage, Communication & Services Related to Broadcasting",Services Incidental to Transport,,,37147,48423,₹ Crore
2011-12,Back,2008-09,Gross Value Added,Annual,,"Transport, Storage, Communication & Services Related to Broadcasting",Storage,,,2391,2982,₹ Crore
2011-12,Back,2008-09,Gross Value Added,Annual,,"Transport, Storage, Communication & Services Related to Broadcasting",Communication & Services Related to Broadcasting,,,109958,98371,₹ Crore
2011-12,Back,2008-09,Gross Value Added,Annual,,"Transport, Storage, Communication & Services Related to Broadcasting",,,,367530,418102,₹ Crore
2011-12,Back,2008-09,Gross Value Added,Annual,,Financial Services,,,,315614,405932,₹ Crore
2011-12,Back,2008-09,Gross Value Added,Annual,,"Real Estate, Ownership of Dwelling & Professional Services",,,,688776,908597,₹ Crore
2011-12,Back,2008-09,Gross Value Added,Annual,,Public Administration and Defence,,,,304702,403443,₹ Crore
2011-12,Back,2008-09,Gross Value Added,Annual,,Other Services,,,,316615,362333,₹ Crore
2011-12,Back,2008-09,Gross Value Added,Annual,,Total Gross Value Added,,,,5172838,6674215,₹ Crore
2011-12,Back,2008-09,Gross Value Added,Annual,,,,,,5172838,6674215,₹ Crore
2011-12,Back,2007-08,Gross Value Added,Annual,,"Agriculture, Livestock, Forestry and Fishing",Crops,,,553370,871091,₹ Crore
2011-12,Back,2007-08,Gross Value Added,Annual,,"Agriculture, Livestock, Forestry and Fishing",Livestock,,,143185,250633,₹ Crore
2011-12,Back,2007-08,Gross Value Added,Annual,,"Agriculture, Livestock, Forestry and Fishing",Forestry and Logging,,,85056,133454,₹ Crore
2011-12,Back,2007-08,Gross Value Added,Annual,,"Agriculture, Livestock, Forestry and Fishing",Fishing and Aquaculture,,,38918,57104,₹ Crore
2011-12,Back,2007-08,Gross Value Added,Annual,,"Agriculture, Livestock, Forestry and Fishing",,,,820531,1312283,₹ Crore
2011-12,Back,2007-08,Gross Value Added,Annual,,Mining and Quarrying,,,,149210,269872,₹ Crore
2011-12,Back,2007-08,Gross Value Added,Annual,,Manufacturing,"Food Products, Beverages and Tobacco",,,89915,148089,₹ Crore
2011-12,Back,2007-08,Gross Value Added,Annual,,Manufacturing,"Textiles, Apparel and Leather Products",,,83006,110146,₹ Crore
2011-12,Back,2007-08,Gross Value Added,Annual,,Manufacturing,Metal Products,,,165688,183518,₹ Crore
2011-12,Back,2007-08,Gross Value Added,Annual,,Manufacturing,Machinery and Equipment,,,167574,207550,₹ Crore
2011-12,Back,2007-08,Gross Value Added,Annual,,Manufacturing,Other Manufactured Goods,,,319953,443801,₹ Crore
2011-12,Back,2007-08,Gross Value Added,Annual,,Manufacturing,,,,826138,1093106,₹ Crore
2011-12,Back,2007-08,Gross Value Added,Annual,,"Electricity, Gas, Water Supply & Other Utility Services",,,,105895,144508,₹ Crore
2011-12,Back,2007-08,Gross Value Added,Annual,,Construction,,,,432601,574450,₹ Crore
2011-12,Back,2007-08,Gross Value Added,Annual,,"Trade, Repair, Hotels and Restaurants",Trade & Repair Services,,,422836,618540,₹ Crore
2011-12,Back,2007-08,Gross Value Added,Annual,,"Trade, Repair, Hotels and Restaurants",Hotels & Restaurants,,,52107,75922,₹ Crore
2011-12,Back,2007-08,Gross Value Added,Annual,,"Trade, Repair, Hotels and Restaurants",,,,474943,694462,₹ Crore
2011-12,Back,2007-08,Gross Value Added,Annual,,"Transport, Storage, Communication & Services Related to Broadcasting",Railways,,,42473,46377,₹ Crore
2011-12,Back,2007-08,Gross Value Added,Annual,,"Transport, Storage, Communication & Services Related to Broadcasting",Road Transport,,,148325,196984,₹ Crore
2011-12,Back,2007-08,Gross Value Added,Annual,,"Transport, Storage, Communication & Services Related to Broadcasting",Water Transport,,,4461,6962,₹ Crore
2011-12,Back,2007-08,Gross Value Added,Annual,,"Transport, Storage, Communication & Services Related to Broadcasting",Air Transport,,,1756,3149,₹ Crore
2011-12,Back,2007-08,Gross Value Added,Annual,,"Transport, Storage, Communication & Services Related to Broadcasting",Services Incidental to Transport,,,33639,46711,₹ Crore
2011-12,Back,2007-08,Gross Value Added,Annual,,"Transport, Storage, Communication & Services Related to Broadcasting",Storage,,,2225,2967,₹ Crore
2011-12,Back,2007-08,Gross Value Added,Annual,,"Transport, Storage, Communication & Services Related to Broadcasting",Communication & Services Related to Broadcasting,,,96567,95411,₹ Crore
2011-12,Back,2007-08,Gross Value Added,Annual,,"Transport, Storage, Communication & Services Related to Broadcasting",,,,329449,398563,₹ Crore
2011-12,Back,2007-08,Gross Value Added,Annual,,Financial Services,,,,266110,386281,₹ Crore
2011-12,Back,2007-08,Gross Value Added,Annual,,"Real Estate, Ownership of Dwelling & Professional Services",,,,583600,863401,₹ Crore
2011-12,Back,2007-08,Gross Value Added,Annual,,Public Administration and Defence,,,,236404,339456,₹ Crore
2011-12,Back,2007-08,Gross Value Added,Annual,,Other Services,,,,265302,321907,₹ Crore
2011-12,Back,2007-08,Gross Value Added,Annual,,Total Gross Value Added,,,,4490187,6398295,₹ Crore
2011-12,Back,2007-08,Gross Value Added,Annual,,,,,,4490187,6398295,₹ Crore
2011-12,Back,2006-07,Gross Value Added,Annual,,"Agriculture, Livestock, Forestry and Fishing",Crops,,,467941,815267,₹ Crore
2011-12,Back,2006-07,Gross Value Added,Annual,,"Agriculture, Livestock, Forestry and Fishing",Livestock,,,122596,237725,₹ Crore
2011-12,Back,2006-07,Gross Value Added,Annual,,"Agriculture, Livestock, Forestry and Fishing",Forestry and Logging,,,89471,136274,₹ Crore
2011-12,Back,2006-07,Gross Value Added,Annual,,"Agriculture, Livestock, Forestry and Fishing",Fishing and Aquaculture,,,35169,54526,₹ Crore
2011-12,Back,2006-07,Gross Value Added,Annual,,"Agriculture, Livestock, Forestry and Fishing",,,,715179,1243794,₹ Crore
2011-12,Back,2006-07,Gross Value Added,Annual,,Mining and Quarrying,,,,128998,257981,₹ Crore
2011-12,Back,2006-07,Gross Value Added,Annual,,Manufacturing,"Food Products, Beverages and Tobacco",,,93306,143456,₹ Crore
2011-12,Back,2006-07,Gross Value Added,Annual,,Manufacturing,"Textiles, Apparel and Leather Products",,,88728,113475,₹ Crore
2011-12,Back,2006-07,Gross Value Added,Annual,,Manufacturing,Metal Products,,,131103,175676,₹ Crore
2011-12,Back,2006-07,Gross Value Added,Annual,,Manufacturing,Machinery and Equipment,,,149047,190104,₹ Crore
2011-12,Back,2006-07,Gross Value Added,Annual,,Manufacturing,Other Manufactured Goods,,,274021,399067,₹ Crore
2011-12,Back,2006-07,Gross Value Added,Annual,,Manufacturing,,,,736206,1021780,₹ Crore
2011-12,Back,2006-07,Gross Value Added,Annual,,"Electricity, Gas, Water Supply & Other Utility Services",,,,93254,133351,₹ Crore
2011-12,Back,2006-07,Gross Value Added,Annual,,Construction,,,,357379,514180,₹ Crore
2011-12,Back,2006-07,Gross Value Added,Annual,,"Trade, Repair, Hotels and Restaurants",Trade & Repair Services,,,374306,584720,₹ Crore
2011-12,Back,2006-07,Gross Value Added,Annual,,"Trade, Repair, Hotels and Restaurants",Hotels & Restaurants,,,44319,68993,₹ Crore
2011-12,Back,2006-07,Gross Value Added,Annual,,"Trade, Repair, Hotels and Restaurants",,,,418625,653714,₹ Crore
2011-12,Back,2006-07,Gross Value Added,Annual,,"Transport, Storage, Communication & Services Related to Broadcasting",Railways,,,36758,42443,₹ Crore
2011-12,Back,2006-07,Gross Value Added,Annual,,"Transport, Storage, Communication & Services Related to Broadcasting",Road Transport,,,136551,181439,₹ Crore
2011-12,Back,2006-07,Gross Value Added,Annual,,"Transport, Storage, Communication & Services Related to Broadcasting",Water Transport,,,3999,6449,₹ Crore
2011-12,Back,2006-07,Gross Value Added,Annual,,"Transport, Storage, Communication & Services Related to Broadcasting",Air Transport,,,1842,2577,₹ Crore
2011-12,Back,2006-07,Gross Value Added,Annual,,"Transport, Storage, Communication & Services Related to Broadcasting",Services Incidental to Transport,,,30114,42178,₹ Crore
2011-12,Back,2006-07,Gross Value Added,Annual,,"Transport, Storage, Communication & Services Related to Broadcasting",Storage,,,1969,2688,₹ Crore
2011-12,Back,2006-07,Gross Value Added,Annual,,"Transport, Storage, Communication & Services Related to Broadcasting",Communication & Services Related to Broadcasting,,,82651,88278,₹ Crore
2011-12,Back,2006-07,Gross Value Added,Annual,,"Transport, Storage, Communication & Services Related to Broadcasting",,,,293887,366054,₹ Crore
2011-12,Back,2006-07,Gross Value Added,Annual,,Financial Services,,,,228106,351907,₹ Crore
2011-12,Back,2006-07,Gross Value Added,Annual,,"Real Estate, Ownership of Dwelling & Professional Services",,,,495889,807555,₹ Crore
2011-12,Back,2006-07,Gross Value Added,Annual,,Public Administration and Defence,,,,207403,315269,₹ Crore
2011-12,Back,2006-07,Gross Value Added,Annual,,Other Services,,,,229963,292777,₹ Crore
2011-12,Back,2006-07,Gross Value Added,Annual,,Total Gross Value Added,,,,3904894,5958366,₹ Crore
2011-12,Back,2006-07,Gross Value Added,Annual,,,,,,3904894,5958366,₹ Crore
2011-12,Back,2005-06,Gross Value Added,Annual,,"Agriculture, Livestock, Forestry and Fishing",Crops,,,419038,796925,₹ Crore
2011-12,Back,2005-06,Gross Value Added,Annual,,"Agriculture, Livestock, Forestry and Fishing",Livestock,,,112438,223792,₹ Crore
2011-12,Back,2005-06,Gross Value Added,Annual,,"Agriculture, Livestock, Forestry and Fishing",Forestry and Logging,,,76822,137099,₹ Crore
2011-12,Back,2005-06,Gross Value Added,Annual,,"Agriculture, Livestock, Forestry and Fishing",Fishing and Aquaculture,,,31688,50467,₹ Crore
2011-12,Back,2005-06,Gross Value Added,Annual,,"Agriculture, Livestock, Forestry and Fishing",,,,639987,1208284,₹ Crore
2011-12,Back,2005-06,Gross Value Added,Annual,,Mining and Quarrying,,,,110532,246421,₹ Crore
2011-12,Back,2005-06,Gross Value Added,Annual,,Manufacturing,"Food Products, Beverages and Tobacco",,,68533,108847,₹ Crore
2011-12,Back,2005-06,Gross Value Added,Annual,,Manufacturing,"Textiles, Apparel and Leather Products",,,70302,95017,₹ Crore
2011-12,Back,2005-06,Gross Value Added,Annual,,Manufacturing,Metal Products,,,93550,151518,₹ Crore
2011-12,Back,2005-06,Gross Value Added,Annual,,Manufacturing,Machinery and Equipment,,,124469,159114,₹ Crore
2011-12,Back,2005-06,Gross Value Added,Annual,,Manufacturing,Other Manufactured Goods,,,223303,352978,₹ Crore
2011-12,Back,2005-06,Gross Value Added,Annual,,Manufacturing,,,,580159,867475,₹ Crore
2011-12,Back,2005-06,Gross Value Added,Annual,,"Electricity, Gas, Water Supply & Other Utility Services",,,,83469,123440,₹ Crore
2011-12,Back,2005-06,Gross Value Added,Annual,,Construction,,,,298540,464605,₹ Crore
2011-12,Back,2005-06,Gross Value Added,Annual,,"Trade, Repair, Hotels and Restaurants",Trade & Repair Services,,,315530,531753,₹ Crore
2011-12,Back,2005-06,Gross Value Added,Annual,,"Trade, Repair, Hotels and Restaurants",Hotels & Restaurants,,,36648,61600,₹ Crore
2011-12,Back,2005-06,Gross Value Added,Annual,,"Trade, Repair, Hotels and Restaurants",,,,352178,593353,₹ Crore
2011-12,Back,2005-06,Gross Value Added,Annual,,"Transport, Storage, Communication & Services Related to Broadcasting",Railways,,,30555,38271,₹ Crore
2011-12,Back,2005-06,Gross Value Added,Annual,,"Transport, Storage, Communication & Services Related to Broadcasting",Road Transport,,,119504,164499,₹ Crore
2011-12,Back,2005-06,Gross Value Added,Annual,,"Transport, Storage, Communication & Services Related to Broadcasting",Water Transport,,,3686,6460,₹ Crore
2011-12,Back,2005-06,Gross Value Added,Annual,,"Transport, Storage, Communication & Services Related to Broadcasting",Air Transport,,,2192,1961,₹ Crore
2011-12,Back,2005-06,Gross Value Added,Annual,,"Transport, Storage, Communication & Services Related to Broadcasting",Services Incidental to Transport,,,26992,39787,₹ Crore
2011-12,Back,2005-06,Gross Value Added,Annual,,"Transport, Storage, Communication & Services Related to Broadcasting",Storage,,,1701,2439,₹ Crore
2011-12,Back,2005-06,Gross Value Added,Annual,,"Transport, Storage, Communication & Services Related to Broadcasting",Communication & Services Related to Broadcasting,,,71354,86607,₹ Crore
2011-12,Back,2005-06,Gross Value Added,Annual,,"Transport, Storage, Communication & Services Related to Broadcasting",,,,255987,340028,₹ Crore
2011-12,Back,2005-06,Gross Value Added,Annual,,Financial Services,,,,180851,312009,₹ Crore
2011-12,Back,2005-06,Gross Value Added,Annual,,"Real Estate, Ownership of Dwelling & Professional Services",,,,430239,767646,₹ Crore
2011-12,Back,2005-06,Gross Value Added,Annual,,Public Administration and Defence,,,,190538,308660,₹ Crore
2011-12,Back,2005-06,Gross Value Added,Annual,,Other Services,,,,204426,282302,₹ Crore
2011-12,Back,2005-06,Gross Value Added,Annual,,Total Gross Value Added,,,,3326913,5514228,₹ Crore
2011-12,Back,2005-06,Gross Value Added,Annual,,,,,,3326913,5514228,₹ Crore
2011-12,Back,2004-05,Gross Value Added,Annual,,"Agriculture, Livestock, Forestry and Fishing",Crops,,,364695,750751,₹ Crore
2011-12,Back,2004-05,Gross Value Added,Annual,,"Agriculture, Livestock, Forestry and Fishing",Livestock,,,103971,213999,₹ Crore
2011-12,Back,2004-05,Gross Value Added,Annual,,"Agriculture, Livestock, Forestry and Fishing",Forestry and Logging,,,71828,139262,₹ Crore
2011-12,Back,2004-05,Gross Value Added,Annual,,"Agriculture, Livestock, Forestry and Fishing",Fishing and Aquaculture,,,27140,48826,₹ Crore
2011-12,Back,2004-05,Gross Value Added,Annual,,"Agriculture, Livestock, Forestry and Fishing",,,,567635,1152840,₹ Crore
2011-12,Back,2004-05,Gross Value Added,Annual,,Mining and Quarrying,,,,93758,232211,₹ Crore
2011-12,Back,2004-05,Gross Value Added,Annual,,Manufacturing,"Food Products, Beverages and Tobacco",,,57307,97294,₹ Crore
2011-12,Back,2004-05,Gross Value Added,Annual,,Manufacturing,"Textiles, Apparel and Leather Products",,,57770,81612,₹ Crore
2011-12,Back,2004-05,Gross Value Added,Annual,,Manufacturing,Metal Products,,,95184,132348,₹ Crore
2011-12,Back,2004-05,Gross Value Added,Annual,,Manufacturing,Machinery and Equipment,,,101834,139788,₹ Crore
2011-12,Back,2004-05,Gross Value Added,Annual,,Manufacturing,Other Manufactured Goods,,,192212,342265,₹ Crore
2011-12,Back,2004-05,Gross Value Added,Annual,,Manufacturing,,,,504308,793308,₹ Crore
2011-12,Back,2004-05,Gross Value Added,Annual,,"Electricity, Gas, Water Supply & Other Utility Services",,,,77502,116105,₹ Crore
2011-12,Back,2004-05,Gross Value Added,Annual,,Construction,,,,255447,411620,₹ Crore
2011-12,Back,2004-05,Gross Value Added,Annual,,"Trade, Repair, Hotels and Restaurants",Trade & Repair Services,,,272045,483515,₹ Crore
2011-12,Back,2004-05,Gross Value Added,Annual,,"Trade, Repair, Hotels and Restaurants",Hotels & Restaurants,,,30362,53852,₹ Crore
2011-12,Back,2004-05,Gross Value Added,Annual,,"Trade, Repair, Hotels and Restaurants",,,,302408,537367,₹ Crore
2011-12,Back,2004-05,Gross Value Added,Annual,,"Transport, Storage, Communication & Services Related to Broadcasting",Railways,,,28601,35495,₹ Crore
2011-12,Back,2004-05,Gross Value Added,Annual,,"Transport, Storage, Communication & Services Related to Broadcasting",Road Transport,,,103280,150600,₹ Crore
2011-12,Back,2004-05,Gross Value Added,Annual,,"Transport, Storage, Communication & Services Related to Broadcasting",Water Transport,,,3385,6094,₹ Crore
2011-12,Back,2004-05,Gross Value Added,Annual,,"Transport, Storage, Communication & Services Related to Broadcasting",Air Transport,,,2309,1587,₹ Crore
2011-12,Back,2004-05,Gross Value Added,Annual,,"Transport, Storage, Communication & Services Related to Broadcasting",Services Incidental to Transport,,,22477,34982,₹ Crore
2011-12,Back,2004-05,Gross Value Added,Annual,,"Transport, Storage, Communication & Services Related to Broadcasting",Storage,,,1600,2404,₹ Crore
2011-12,Back,2004-05,Gross Value Added,Annual,,"Transport, Storage, Communication & Services Related to Broadcasting",Communication & Services Related to Broadcasting,,,62351,84172,₹ Crore
2011-12,Back,2004-05,Gross Value Added,Annual,,"Transport, Storage, Communication & Services Related to Broadcasting",,,,224006,315336,₹ Crore
2011-12,Back,2004-05,Gross Value Added,Annual,,Financial Services,,,,147718,278995,₹ Crore
2011-12,Back,2004-05,Gross Value Added,Annual,,"Real Estate, Ownership of Dwelling & Professional Services",,,,381137,706974,₹ Crore
2011-12,Back,2004-05,Gross Value Added,Annual,,Public Administration and Defence,,,,175040,295461,₹ Crore
2011-12,Back,2004-05,Gross Value Added,Annual,,Other Services,,,,175335,252280,₹ Crore
2011-12,Back,2004-05,Gross Value Added,Annual,,Total Gross Value Added,,,,2904298,5092502,₹ Crore
2011-12,Back,2004-05,Gross Value Added,Annual,,,,,,2904298,5092502,₹ Crore
2011-12,Back,2003-04,Gross Value Added,Annual,,"Agriculture, Livestock, Forestry and Fishing",Crops,,,351323,750263,₹ Crore
2011-12,Back,2003-04,Gross Value Added,Annual,,"Agriculture, Livestock, Forestry and Fishing",Livestock,,,100530,213954,₹ Crore
2011-12,Back,2003-04,Gross Value Added,Annual,,"Agriculture, Livestock, Forestry and Fishing",Forestry and Logging,,,68823,136344,₹ Crore
2011-12,Back,2003-04,Gross Value Added,Annual,,"Agriculture, Livestock, Forestry and Fishing",Fishing and Aquaculture,,,26435,49843,₹ Crore
2011-12,Back,2003-04,Gross Value Added,Annual,,"Agriculture, Livestock, Forestry and Fishing",,,,546794,1150728,₹ Crore
2011-12,Back,2003-04,Gross Value Added,Annual,,Mining and Quarrying,,,,70704,215181,₹ Crore
2011-12,Back,2003-04,Gross Value Added,Annual,,Manufacturing,"Food Products, Beverages and Tobacco",,,43935,73376,₹ Crore
2011-12,Back,2003-04,Gross Value Added,Annual,,Manufacturing,"Textiles, Apparel and Leather Products",,,47577,76919,₹ Crore
2011-12,Back,2003-04,Gross Value Added,Annual,,Manufacturing,Metal Products,,,102322,190242,₹ Crore
2011-12,Back,2003-04,Gross Value Added,Annual,,Manufacturing,Machinery and Equipment,,,56324,93566,₹ Crore
2011-12,Back,2003-04,Gross Value Added,Annual,,Manufacturing,Other Manufactured Goods,,,180361,304538,₹ Crore
2011-12,Back,2003-04,Gross Value Added,Annual,,Manufacturing,,,,435282,738763,₹ Crore
2011-12,Back,2003-04,Gross Value Added,Annual,,"Electricity, Gas, Water Supply & Other Utility Services",,,,73284,107560,₹ Crore
2011-12,Back,2003-04,Gross Value Added,Annual,,Construction,,,,187951,353800,₹ Crore
2011-12,Back,2003-04,Gross Value Added,Annual,,"Trade, Repair, Hotels and Restaurants",Trade & Repair Services,,,233851,450615,₹ Crore
2011-12,Back,2003-04,Gross Value Added,Annual,,"Trade, Repair, Hotels and Restaurants",Hotels & Restaurants,,,25232,48336,₹ Crore
2011-12,Back,2003-04,Gross Value Added,Annual,,"Trade, Repair, Hotels and Restaurants",,,,259166,499126,₹ Crore
2011-12,Back,2003-04,Gross Value Added,Annual,,"Transport, Storage, Communication & Services Related to Broadcasting",Railways,,,25971,33081,₹ Crore
2011-12,Back,2003-04,Gross Value Added,Annual,,"Transport, Storage, Communication & Services Related to Broadcasting",Storage,,,1352,2117,₹ Crore
2011-12,Back,2003-04,Gross Value Added,Annual,,"Transport, Storage, Communication & Services Related to Broadcasting",Communication & Services Related to Broadcasting,,,53438,69590,₹ Crore
2011-12,Back,2003-04,Gross Value Added,Annual,,"Transport, Storage, Communication & Services Related to Broadcasting",Transport by Other Means,,,112088,172391,₹ Crore
2011-12,Back,2003-04,Gross Value Added,Annual,,"Transport, Storage, Communication & Services Related to Broadcasting",,,,192630,278671,₹ Crore
2011-12,Back,2003-04,Gross Value Added,Annual,,Financial Services,,,,142496,258122,₹ Crore
2011-12,Back,2003-04,Gross Value Added,Annual,,"Real Estate, Ownership of Dwelling & Professional Services",,,,340147,658415,₹ Crore
2011-12,Back,2003-04,Gross Value Added,Annual,,Public Administration and Defence,,,,157152,277229,₹ Crore
2011-12,Back,2003-04,Gross Value Added,Annual,,Other Services,,,,156798,232788,₹ Crore
2011-12,Back,2003-04,Gross Value Added,Annual,,Total Gross Value Added,,,,2566464,4757083,₹ Crore
2011-12,Back,2003-04,Gross Value Added,Annual,,,,,,2566464,4757084,₹ Crore
2011-12,Back,2002-03,Gross Value Added,Annual,,"Agriculture, Livestock, Forestry and Fishing",Crops,,,309495,676906,₹ Crore
2011-12,Back,2002-03,Gross Value Added,Annual,,"Agriculture, Livestock, Forestry and Fishing",Livestock,,,87664,192429,₹ Crore
2011-12,Back,2002-03,Gross Value Added,Annual,,"Agriculture, Livestock, Forestry and Fishing",Forestry and Logging,,,64745,137920,₹ Crore
2011-12,Back,2002-03,Gross Value Added,Annual,,"Agriculture, Livestock, Forestry and Fishing",Fishing and Aquaculture,,,25015,48122,₹ Crore
2011-12,Back,2002-03,Gross Value Added,Annual,,"Agriculture, Livestock, Forestry and Fishing",,,,486974,1055244,₹ Crore
2011-12,Back,2002-03,Gross Value Added,Annual,,Mining and Quarrying,,,,69448,209524,₹ Crore
2011-12,Back,2002-03,Gross Value Added,Annual,,Manufacturing,"Food Products, Beverages and Tobacco",,,39517,71009,₹ Crore
2011-12,Back,2002-03,Gross Value Added,Annual,,Manufacturing,"Textiles, Apparel and Leather Products",,,44902,78305,₹ Crore
2011-12,Back,2002-03,Gross Value Added,Annual,,Manufacturing,Metal Products,,,85134,175677,₹ Crore
2011-12,Back,2002-03,Gross Value Added,Annual,,Manufacturing,Machinery and Equipment,,,48027,79579,₹ Crore
2011-12,Back,2002-03,Gross Value Added,Annual,,Manufacturing,Other Manufactured Goods,,,163944,286790,₹ Crore
2011-12,Back,2002-03,Gross Value Added,Annual,,Manufacturing,,,,387818,694740,₹ Crore
2011-12,Back,2002-03,Gross Value Added,Annual,,"Electricity, Gas, Water Supply & Other Utility Services",,,,70476,102820,₹ Crore
2011-12,Back,2002-03,Gross Value Added,Annual,,Construction,,,,161730,314683,₹ Crore
2011-12,Back,2002-03,Gross Value Added,Annual,,"Trade, Repair, Hotels and Restaurants",Trade & Repair Services,,,205114,408842,₹ Crore
2011-12,Back,2002-03,Gross Value Added,Annual,,"Trade, Repair, Hotels and Restaurants",Hotels & Restaurants,,,22529,44502,₹ Crore
2011-12,Back,2002-03,Gross Value Added,Annual,,"Trade, Repair, Hotels and Restaurants",,,,227677,453442,₹ Crore
2011-12,Back,2002-03,Gross Value Added,Annual,,"Transport, Storage, Communication & Services Related to Broadcasting",Railways,,,23808,31232,₹ Crore
2011-12,Back,2002-03,Gross Value Added,Annual,,"Transport, Storage, Communication & Services Related to Broadcasting",Storage,,,1256,2015,₹ Crore
2011-12,Back,2002-03,Gross Value Added,Annual,,"Transport, Storage, Communication & Services Related to Broadcasting",Communication & Services Related to Broadcasting,,,44864,55318,₹ Crore
2011-12,Back,2002-03,Gross Value Added,Annual,,"Transport, Storage, Communication & Services Related to Broadcasting",Transport by Other Means,,,95150,153968,₹ Crore
2011-12,Back,2002-03,Gross Value Added,Annual,,"Transport, Storage, Communication & Services Related to Broadcasting",,,,164897,245725,₹ Crore
2011-12,Back,2002-03,Gross Value Added,Annual,,Financial Services,,,,127064,251374,₹ Crore
2011-12,Back,2002-03,Gross Value Added,Annual,,"Real Estate, Ownership of Dwelling & Professional Services",,,,305135,615109,₹ Crore
2011-12,Back,2002-03,Gross Value Added,Annual,,Public Administration and Defence,,,,148166,270871,₹ Crore
2011-12,Back,2002-03,Gross Value Added,Annual,,Other Services,,,,141975,216880,₹ Crore
2011-12,Back,2002-03,Gross Value Added,Annual,,Total Gross Value Added,,,,2290883,4406073,₹ Crore
2011-12,Back,2002-03,Gross Value Added,Annual,,,,,,2290883,4406073,₹ Crore
2011-12,Back,2001-02,Gross Value Added,Annual,,"Agriculture, Livestock, Forestry and Fishing",Crops,,,321817,736859,₹ Crore
2011-12,Back,2001-02,Gross Value Added,Annual,,"Agriculture, Livestock, Forestry and Fishing",Livestock,,,91573,210031,₹ Crore
2011-12,Back,2001-02,Gross Value Added,Annual,,"Agriculture, Livestock, Forestry and Fishing",Forestry and Logging,,,64330,137010,₹ Crore
2011-12,Back,2001-02,Gross Value Added,Annual,,"Agriculture, Livestock, Forestry and Fishing",Fishing and Aquaculture,,,22807,46212,₹ Crore
2011-12,Back,2001-02,Gross Value Added,Annual,,"Agriculture, Livestock, Forestry and Fishing",,,,500567,1129862,₹ Crore
2011-12,Back,2001-02,Gross Value Added,Annual,,Mining and Quarrying,,,,52988,193260,₹ Crore
2011-12,Back,2001-02,Gross Value Added,Annual,,Manufacturing,"Food Products, Beverages and Tobacco",,,32847,62323,₹ Crore
2011-12,Back,2001-02,Gross Value Added,Annual,,Manufacturing,"Textiles, Apparel and Leather Products",,,41317,73128,₹ Crore
2011-12,Back,2001-02,Gross Value Added,Annual,,Manufacturing,Metal Products,,,74328,158247,₹ Crore
2011-12,Back,2001-02,Gross Value Added,Annual,,Manufacturing,Machinery and Equipment,,,44903,74290,₹ Crore
2011-12,Back,2001-02,Gross Value Added,Annual,,Manufacturing,Other Manufactured Goods,,,151809,273407,₹ Crore
2011-12,Back,2001-02,Gross Value Added,Annual,,Manufacturing,,,,354394,650099,₹ Crore
2011-12,Back,2001-02,Gross Value Added,Annual,,"Electricity, Gas, Water Supply & Other Utility Services",,,,61448,98163,₹ Crore
2011-12,Back,2001-02,Gross Value Added,Annual,,Construction,,,,144424,290607,₹ Crore
2011-12,Back,2001-02,Gross Value Added,Annual,,"Trade, Repair, Hotels and Restaurants",Trade & Repair Services,,,184865,382170,₹ Crore
2011-12,Back,2001-02,Gross Value Added,Annual,,"Trade, Repair, Hotels and Restaurants",Hotels & Restaurants,,,20398,42098,₹ Crore
2011-12,Back,2001-02,Gross Value Added,Annual,,"Trade, Repair, Hotels and Restaurants",,,,205286,424313,₹ Crore
2011-12,Back,2001-02,Gross Value Added,Annual,,"Transport, Storage, Communication & Services Related to Broadcasting",Railways,,,21618,29563,₹ Crore
2011-12,Back,2001-02,Gross Value Added,Annual,,"Transport, Storage, Communication & Services Related to Broadcasting",Storage,,,1219,2159,₹ Crore
2011-12,Back,2001-02,Gross Value Added,Annual,,"Transport, Storage, Communication & Services Related to Broadcasting",Communication & Services Related to Broadcasting,,,45989,44896,₹ Crore
2011-12,Back,2001-02,Gross Value Added,Annual,,"Transport, Storage, Communication & Services Related to Broadcasting",Transport by Other Means,,,83545,139700,₹ Crore
2011-12,Back,2001-02,Gross Value Added,Annual,,"Transport, Storage, Communication & Services Related to Broadcasting",,,,150227,220661,₹ Crore
2011-12,Back,2001-02,Gross Value Added,Annual,,Financial Services,,,,110146,226160,₹ Crore
2011-12,Back,2001-02,Gross Value Added,Annual,,"Real Estate, Ownership of Dwelling & Professional Services",,,,277839,587171,₹ Crore
2011-12,Back,2001-02,Gross Value Added,Annual,,Public Administration and Defence,,,,140422,266931,₹ Crore
2011-12,Back,2001-02,Gross Value Added,Annual,,Other Services,,,,130359,205587,₹ Crore
2011-12,Back,2001-02,Gross Value Added,Annual,,Total Gross Value Added,,,,2126090,4241594,₹ Crore
2011-12,Back,2001-02,Gross Value Added,Annual,,,,,,2126090,4241595,₹ Crore
2011-12,Back,2000-01,Gross Value Added,Annual,,"Agriculture, Livestock, Forestry and Fishing",Crops,,,297429,692154,₹ Crore
2011-12,Back,2000-01,Gross Value Added,Annual,,"Agriculture, Livestock, Forestry and Fishing",Livestock,,,84726,196942,₹ Crore
2011-12,Back,2000-01,Gross Value Added,Annual,,"Agriculture, Livestock, Forestry and Fishing",Forestry and Logging,,,59358,132927,₹ Crore
2011-12,Back,2000-01,Gross Value Added,Annual,,"Agriculture, Livestock, Forestry and Fishing",Fishing and Aquaculture,,,20938,44032,₹ Crore
2011-12,Back,2000-01,Gross Value Added,Annual,,"Agriculture, Livestock, Forestry and Fishing",,,,462406,1065837,₹ Crore
2011-12,Back,2000-01,Gross Value Added,Annual,,Mining and Quarrying,,,,50577,189727,₹ Crore
2011-12,Back,2000-01,Gross Value Added,Annual,,Manufacturing,"Food Products, Beverages and Tobacco",,,32440,61880,₹ Crore
2011-12,Back,2000-01,Gross Value Added,Annual,,Manufacturing,"Textiles, Apparel and Leather Products",,,42464,74324,₹ Crore
2011-12,Back,2000-01,Gross Value Added,Annual,,Manufacturing,Metal Products,,,72623,157127,₹ Crore
2011-12,Back,2000-01,Gross Value Added,Annual,,Manufacturing,Machinery and Equipment,,,39399,66847,₹ Crore
2011-12,Back,2000-01,Gross Value Added,Annual,,Manufacturing,Other Manufactured Goods,,,137631,255613,₹ Crore
2011-12,Back,2000-01,Gross Value Added,Annual,,Manufacturing,,,,340820,635668,₹ Crore
2011-12,Back,2000-01,Gross Value Added,Annual,,"Electricity, Gas, Water Supply & Other Utility Services",,,,59515,96385,₹ Crore
2011-12,Back,2000-01,Gross Value Added,Annual,,Construction,,,,133828,279464,₹ Crore
2011-12,Back,2000-01,Gross Value Added,Annual,,"Trade, Repair, Hotels and Restaurants",Trade & Repair Services,,,165680,348000,₹ Crore
2011-12,Back,2000-01,Gross Value Added,Annual,,"Trade, Repair, Hotels and Restaurants",Hotels & Restaurants,,,18504,39034,₹ Crore
2011-12,Back,2000-01,Gross Value Added,Annual,,"Trade, Repair, Hotels and Restaurants",,,,184183,387009,₹ Crore
2011-12,Back,2000-01,Gross Value Added,Annual,,"Transport, Storage, Communication & Services Related to Broadcasting",Railways,,,20687,27630,₹ Crore
2011-12,Back,2000-01,Gross Value Added,Annual,,"Transport, Storage, Communication & Services Related to Broadcasting",Storage,,,1166,2147,₹ Crore
2011-12,Back,2000-01,Gross Value Added,Annual,,"Transport, Storage, Communication & Services Related to Broadcasting",Communication & Services Related to Broadcasting,,,38508,37596,₹ Crore
2011-12,Back,2000-01,Gross Value Added,Annual,,"Transport, Storage, Communication & Services Related to Broadcasting",Transport by Other Means,,,76935,134229,₹ Crore
2011-12,Back,2000-01,Gross Value Added,Annual,,"Transport, Storage, Communication & Services Related to Broadcasting",,,,136385,207206,₹ Crore
2011-12,Back,2000-01,Gross Value Added,Annual,,Financial Services,,,,93452,209410,₹ Crore
2011-12,Back,2000-01,Gross Value Added,Annual,,"Real Estate, Ownership of Dwelling & Professional Services",,,,249348,558605,₹ Crore
2011-12,Back,2000-01,Gross Value Added,Annual,,Public Administration and Defence,,,,130801,259566,₹ Crore
2011-12,Back,2000-01,Gross Value Added,Annual,,Other Services,,,,120264,195480,₹ Crore
2011-12,Back,2000-01,Gross Value Added,Annual,,Total Gross Value Added,,,,1955518,4024830,₹ Crore
2011-12,Back,2000-01,Gross Value Added,Annual,,,,,,1955518,4024830,₹ Crore
2011-12,Back,1999-2000,Gross Value Added,Annual,,"Agriculture, Livestock, Forestry and Fishing",Crops,,,297958,696376,₹ Crore
2011-12,Back,1999-2000,Gross Value Added,Annual,,"Agriculture, Livestock, Forestry and Fishing",Livestock,,,85098,198706,₹ Crore
2011-12,Back,1999-2000,Gross Value Added,Annual,,"Agriculture, Livestock, Forestry and Fishing",Forestry and Logging,,,55111,129441,₹ Crore
2011-12,Back,1999-2000,Gross Value Added,Annual,,"Agriculture, Livestock, Forestry and Fishing",Fishing and Aquaculture,,,18585,42057,₹ Crore
2011-12,Back,1999-2000,Gross Value Added,Annual,,"Agriculture, Livestock, Forestry and Fishing",,,,457080,1065918,₹ Crore
2011-12,Back,1999-2000,Gross Value Added,Annual,,Mining and Quarrying,,,,46008,185438,₹ Crore
2011-12,Back,1999-2000,Gross Value Added,Annual,,Manufacturing,"Food Products, Beverages and Tobacco",,,30028,56406,₹ Crore
2011-12,Back,1999-2000,Gross Value Added,Annual,,Manufacturing,"Textiles, Apparel and Leather Products",,,37004,67459,₹ Crore
2011-12,Back,1999-2000,Gross Value Added,Annual,,Manufacturing,Metal Products,,,66144,150090,₹ Crore
2011-12,Back,1999-2000,Gross Value Added,Annual,,Manufacturing,Machinery and Equipment,,,34865,63469,₹ Crore
2011-12,Back,1999-2000,Gross Value Added,Annual,,Manufacturing,Other Manufactured Goods,,,114667,236076,₹ Crore
2011-12,Back,1999-2000,Gross Value Added,Annual,,Manufacturing,,,,301828,592426,₹ Crore
2011-12,Back,1999-2000,Gross Value Added,Annual,,"Electricity, Gas, Water Supply & Other Utility Services",,,,57532,94275,₹ Crore
2011-12,Back,1999-2000,Gross Value Added,Annual,,Construction,,,,121902,263280,₹ Crore
2011-12,Back,1999-2000,Gross Value Added,Annual,,"Trade, Repair, Hotels and Restaurants",Trade & Repair Services,,,150020,331489,₹ Crore
2011-12,Back,1999-2000,Gross Value Added,Annual,,"Trade, Repair, Hotels and Restaurants",Hotels & Restaurants,,,16591,36492,₹ Crore
2011-12,Back,1999-2000,Gross Value Added,Annual,,"Trade, Repair, Hotels and Restaurants",,,,166626,368022,₹ Crore
2011-12,Back,1999-2000,Gross Value Added,Annual,,"Transport, Storage, Communication & Services Related to Broadcasting",Railways,,,20378,26532,₹ Crore
2011-12,Back,1999-2000,Gross Value Added,Annual,,"Transport, Storage, Communication & Services Related to Broadcasting",Storage,,,1056,2023,₹ Crore
2011-12,Back,1999-2000,Gross Value Added,Annual,,"Transport, Storage, Communication & Services Related to Broadcasting",Communication & Services Related to Broadcasting,,,34663,30071,₹ Crore
2011-12,Back,1999-2000,Gross Value Added,Annual,,"Transport, Storage, Communication & Services Related to Broadcasting",Transport by Other Means,,,68184,124657,₹ Crore
2011-12,Back,1999-2000,Gross Value Added,Annual,,"Transport, Storage, Communication & Services Related to Broadcasting",,,,123138,189791,₹ Crore
2011-12,Back,1999-2000,Gross Value Added,Annual,,Financial Services,,,,93747,214542,₹ Crore
2011-12,Back,1999-2000,Gross Value Added,Annual,,"Real Estate, Ownership of Dwelling & Professional Services",,,,217641,519554,₹ Crore
2011-12,Back,1999-2000,Gross Value Added,Annual,,Public Administration and Defence,,,,123973,254845,₹ Crore
2011-12,Back,1999-2000,Gross Value Added,Annual,,Other Services,,,,109260,182245,₹ Crore
2011-12,Back,1999-2000,Gross Value Added,Annual,,Total Gross Value Added,,,,1816201,3864523,₹ Crore
2011-12,Back,1999-2000,Gross Value Added,Annual,,,,,,1816201,3864524,₹ Crore
2011-12,Back,1998-99,Gross Value Added,Annual,,"Agriculture, Livestock, Forestry and Fishing",Crops,,,281420,680006,₹ Crore
2011-12,Back,1998-99,Gross Value Added,Annual,,"Agriculture, Livestock, Forestry and Fishing",Livestock,,,80173,193998,₹ Crore
2011-12,Back,1998-99,Gross Value Added,Annual,,"Agriculture, Livestock, Forestry and Fishing",Forestry and Logging,,,49954,123973,₹ Crore
2011-12,Back,1998-99,Gross Value Added,Annual,,"Agriculture, Livestock, Forestry and Fishing",Fishing and Aquaculture,,,17001,39313,₹ Crore
2011-12,Back,1998-99,Gross Value Added,Annual,,"Agriculture, Livestock, Forestry and Fishing",,,,432065,1038207,₹ Crore
2011-12,Back,1998-99,Gross Value Added,Annual,,Mining and Quarrying,,,,39764,177981,₹ Crore
2011-12,Back,1998-99,Gross Value Added,Annual,,Manufacturing,"Food Products, Beverages and Tobacco",,,29095,55107,₹ Crore
2011-12,Back,1998-99,Gross Value Added,Annual,,Manufacturing,"Textiles, Apparel and Leather Products",,,35278,64044,₹ Crore
2011-12,Back,1998-99,Gross Value Added,Annual,,Manufacturing,Metal Products,,,63977,145304,₹ Crore
2011-12,Back,1998-99,Gross Value Added,Annual,,Manufacturing,Machinery and Equipment,,,30679,55931,₹ Crore
2011-12,Back,1998-99,Gross Value Added,Annual,,Manufacturing,Other Manufactured Goods,,,107680,230003,₹ Crore
2011-12,Back,1998-99,Gross Value Added,Annual,,Manufacturing,,,,278592,562107,₹ Crore
2011-12,Back,1998-99,Gross Value Added,Annual,,"Electricity, Gas, Water Supply & Other Utility Services",,,,59432,89476,₹ Crore
2011-12,Back,1998-99,Gross Value Added,Annual,,Construction,,,,106101,242897,₹ Crore
2011-12,Back,1998-99,Gross Value Added,Annual,,"Trade, Repair, Hotels and Restaurants",Trade & Repair Services,,,134918,309681,₹ Crore
2011-12,Back,1998-99,Gross Value Added,Annual,,"Trade, Repair, Hotels and Restaurants",Hotels & Restaurants,,,14478,33242,₹ Crore
2011-12,Back,1998-99,Gross Value Added,Annual,,"Trade, Repair, Hotels and Restaurants",,,,149467,343068,₹ Crore
2011-12,Back,1998-99,Gross Value Added,Annual,,"Transport, Storage, Communication & Services Related to Broadcasting",Railways,,,18267,24285,₹ Crore
2011-12,Back,1998-99,Gross Value Added,Annual,,"Transport, Storage, Communication & Services Related to Broadcasting",Storage,,,967,1926,₹ Crore
2011-12,Back,1998-99,Gross Value Added,Annual,,"Transport, Storage, Communication & Services Related to Broadcasting",Communication & Services Related to Broadcasting,,,32849,24621,₹ Crore
2011-12,Back,1998-99,Gross Value Added,Annual,,"Transport, Storage, Communication & Services Related to Broadcasting",Transport by Other Means,,,60067,116794,₹ Crore
2011-12,Back,1998-99,Gross Value Added,Annual,,"Transport, Storage, Communication & Services Related to Broadcasting",,,,109695,156009,₹ Crore
2011-12,Back,1998-99,Gross Value Added,Annual,,Financial Services,,,,76208,189786,₹ Crore
2011-12,Back,1998-99,Gross Value Added,Annual,,"Real Estate, Ownership of Dwelling & Professional Services",,,,174380,458246,₹ Crore
2011-12,Back,1998-99,Gross Value Added,Annual,,Public Administration and Defence,,,,105587,224656,₹ Crore
2011-12,Back,1998-99,Gross Value Added,Annual,,Other Services,,,,95929,165192,₹ Crore
2011-12,Back,1998-99,Gross Value Added,Annual,,Total Gross Value Added,,,,1631019,3578123,₹ Crore
2011-12,Back,1998-99,Gross Value Added,Annual,,,,,,1631018,3578122,₹ Crore
2011-12,Back,1997-98,Gross Value Added,Annual,,"Agriculture, Livestock, Forestry and Fishing",Crops,,,243447,634816,₹ Crore
2011-12,Back,1997-98,Gross Value Added,Annual,,"Agriculture, Livestock, Forestry and Fishing",Livestock,,,69322,180710,₹ Crore
2011-12,Back,1997-98,Gross Value Added,Annual,,"Agriculture, Livestock, Forestry and Fishing",Forestry and Logging,,,45694,122526,₹ Crore
2011-12,Back,1997-98,Gross Value Added,Annual,,"Agriculture, Livestock, Forestry and Fishing",Fishing and Aquaculture,,,16248,41381,₹ Crore
2011-12,Back,1997-98,Gross Value Added,Annual,,"Agriculture, Livestock, Forestry and Fishing",,,,376207,976488,₹ Crore
2011-12,Back,1997-98,Gross Value Added,Annual,,Mining and Quarrying,,,,37244,173091,₹ Crore
2011-12,Back,1997-98,Gross Value Added,Annual,,Manufacturing,"Food Products, Beverages and Tobacco",,,24893,54685,₹ Crore
2011-12,Back,1997-98,Gross Value Added,Annual,,Manufacturing,"Textiles, Apparel and Leather Products",,,36069,68594,₹ Crore
2011-12,Back,1997-98,Gross Value Added,Annual,,Manufacturing,Metal Products,,,59184,137513,₹ Crore
2011-12,Back,1997-98,Gross Value Added,Annual,,Manufacturing,Machinery and Equipment,,,32644,60644,₹ Crore
2011-12,Back,1997-98,Gross Value Added,Annual,,Manufacturing,Other Manufactured Goods,,,95965,218880,₹ Crore
2011-12,Back,1997-98,Gross Value Added,Annual,,Manufacturing,,,,255260,545037,₹ Crore
2011-12,Back,1997-98,Gross Value Added,Annual,,"Electricity, Gas, Water Supply & Other Utility Services",,,,48031,83597,₹ Crore
2011-12,Back,1997-98,Gross Value Added,Annual,,Construction,,,,89626,228554,₹ Crore
2011-12,Back,1997-98,Gross Value Added,Annual,,"Trade, Repair, Hotels and Restaurants",Trade & Repair Services,,,119151,288874,₹ Crore
2011-12,Back,1997-98,Gross Value Added,Annual,,"Trade, Repair, Hotels and Restaurants",Hotels & Restaurants,,,12183,29167,₹ Crore
2011-12,Back,1997-98,Gross Value Added,Annual,,"Trade, Repair, Hotels and Restaurants",,,,131468,318392,₹ Crore
2011-12,Back,1997-98,Gross Value Added,Annual,,"Transport, Storage, Communication & Services Related to Broadcasting",Railways,,,18216,23993,₹ Crore
2011-12,Back,1997-98,Gross Value Added,Annual,,"Transport, Storage, Communication & Services Related to Broadcasting",Storage,,,847,1841,₹ Crore
2011-12,Back,1997-98,Gross Value Added,Annual,,"Transport, Storage, Communication & Services Related to Broadcasting",Communication & Services Related to Broadcasting,,,27285,20605,₹ Crore
2011-12,Back,1997-98,Gross Value Added,Annual,,"Transport, Storage, Communication & Services Related to Broadcasting",Transport by Other Means,,,50314,110348,₹ Crore
2011-12,Back,1997-98,Gross Value Added,Annual,,"Transport, Storage, Communication & Services Related to Broadcasting",,,,94455,145197,₹ Crore
2011-12,Back,1997-98,Gross Value Added,Annual,,Financial Services,,,,66327,173869,₹ Crore
2011-12,Back,1997-98,Gross Value Added,Annual,,"Real Estate, Ownership of Dwelling & Professional Services",,,,147833,429311,₹ Crore
2011-12,Back,1997-98,Gross Value Added,Annual,,Public Administration and Defence,,,,84838,203197,₹ Crore
2011-12,Back,1997-98,Gross Value Added,Annual,,Other Services,,,,78971,150322,₹ Crore
2011-12,Back,1997-98,Gross Value Added,Annual,,Total Gross Value Added,,,,1414891,3353964,₹ Crore
2011-12,Back,1997-98,Gross Value Added,Annual,,,,,,1414890,3353963,₹ Crore
2011-12,Back,1996-97,Gross Value Added,Annual,,"Agriculture, Livestock, Forestry and Fishing",Crops,,,231590,654264,₹ Crore
2011-12,Back,1996-97,Gross Value Added,Annual,,"Agriculture, Livestock, Forestry and Fishing",Livestock,,,66118,186584,₹ Crore
2011-12,Back,1996-97,Gross Value Added,Annual,,"Agriculture, Livestock, Forestry and Fishing",Forestry and Logging,,,40621,119593,₹ Crore
2011-12,Back,1996-97,Gross Value Added,Annual,,"Agriculture, Livestock, Forestry and Fishing",Fishing and Aquaculture,,,13153,40680,₹ Crore
2011-12,Back,1996-97,Gross Value Added,Annual,,"Agriculture, Livestock, Forestry and Fishing",,,,354520,1002079,₹ Crore
2011-12,Back,1996-97,Gross Value Added,Annual,,Mining and Quarrying,,,,30875,157627,₹ Crore
2011-12,Back,1996-97,Gross Value Added,Annual,,Manufacturing,"Food Products, Beverages and Tobacco",,,19938,48138,₹ Crore
2011-12,Back,1996-97,Gross Value Added,Annual,,Manufacturing,"Textiles, Apparel and Leather Products",,,34444,65275,₹ Crore
2011-12,Back,1996-97,Gross Value Added,Annual,,Manufacturing,Metal Products,,,61278,146607,₹ Crore
2011-12,Back,1996-97,Gross Value Added,Annual,,Manufacturing,Machinery and Equipment,,,31490,59952,₹ Crore
2011-12,Back,1996-97,Gross Value Added,Annual,,Manufacturing,Other Manufactured Goods,,,99519,239865,₹ Crore
2011-12,Back,1996-97,Gross Value Added,Annual,,Manufacturing,,,,245436,544758,₹ Crore
2011-12,Back,1996-97,Gross Value Added,Annual,,"Electricity, Gas, Water Supply & Other Utility Services",,,,40853,77607,₹ Crore
2011-12,Back,1996-97,Gross Value Added,Annual,,Construction,,,,72159,206888,₹ Crore
2011-12,Back,1996-97,Gross Value Added,Annual,,"Trade, Repair, Hotels and Restaurants",Trade & Repair Services,,,105221,268391,₹ Crore
2011-12,Back,1996-97,Gross Value Added,Annual,,"Trade, Repair, Hotels and Restaurants",Hotels & Restaurants,,,10606,26994,₹ Crore
2011-12,Back,1996-97,Gross Value Added,Annual,,"Trade, Repair, Hotels and Restaurants",,,,115964,295722,₹ Crore
2011-12,Back,1996-97,Gross Value Added,Annual,,"Transport, Storage, Communication & Services Related to Broadcasting",Railways,,,16138,23474,₹ Crore
2011-12,Back,1996-97,Gross Value Added,Annual,,"Transport, Storage, Communication & Services Related to Broadcasting",Storage,,,797,1939,₹ Crore
2011-12,Back,1996-97,Gross Value Added,Annual,,"Transport, Storage, Communication & Services Related to Broadcasting",Communication & Services Related to Broadcasting,,,22999,17152,₹ Crore
2011-12,Back,1996-97,Gross Value Added,Annual,,"Transport, Storage, Communication & Services Related to Broadcasting",Transport by Other Means,,,42498,104319,₹ Crore
2011-12,Back,1996-97,Gross Value Added,Annual,,"Transport, Storage, Communication & Services Related to Broadcasting",,,,80601,135409,₹ Crore
2011-12,Back,1996-97,Gross Value Added,Annual,,Financial Services,,,,57207,146394,₹ Crore
2011-12,Back,1996-97,Gross Value Added,Annual,,"Real Estate, Ownership of Dwelling & Professional Services",,,,131722,402230,₹ Crore
2011-12,Back,1996-97,Gross Value Added,Annual,,Public Administration and Defence,,,,69340,177816,₹ Crore
2011-12,Back,1996-97,Gross Value Added,Annual,,Other Services,,,,71140,145492,₹ Crore
2011-12,Back,1996-97,Gross Value Added,Annual,,Total Gross Value Added,,,,1272362,3215639,₹ Crore
2011-12,Back,1996-97,Gross Value Added,Annual,,,,,,1272362,3215638,₹ Crore
2011-12,Back,1995-96,Gross Value Added,Annual,,"Agriculture, Livestock, Forestry and Fishing",Crops,,,191612,592625,₹ Crore
2011-12,Back,1995-96,Gross Value Added,Annual,,"Agriculture, Livestock, Forestry and Fishing",Livestock,,,54647,168608,₹ Crore
2011-12,Back,1995-96,Gross Value Added,Annual,,"Agriculture, Livestock, Forestry and Fishing",Forestry and Logging,,,37496,117814,₹ Crore
2011-12,Back,1995-96,Gross Value Added,Annual,,"Agriculture, Livestock, Forestry and Fishing",Fishing and Aquaculture,,,11098,37624,₹ Crore
2011-12,Back,1995-96,Gross Value Added,Annual,,"Agriculture, Livestock, Forestry and Fishing",,,,294847,911641,₹ Crore
2011-12,Back,1995-96,Gross Value Added,Annual,,Mining and Quarrying,,,,28165,156757,₹ Crore
2011-12,Back,1995-96,Gross Value Added,Annual,,Manufacturing,"Food Products, Beverages and Tobacco",,,18348,46963,₹ Crore
2011-12,Back,1995-96,Gross Value Added,Annual,,Manufacturing,"Textiles, Apparel and Leather Products",,,28921,53954,₹ Crore
2011-12,Back,1995-96,Gross Value Added,Annual,,Manufacturing,Metal Products,,,53650,136146,₹ Crore
2011-12,Back,1995-96,Gross Value Added,Annual,,Manufacturing,Machinery and Equipment,,,30779,61518,₹ Crore
2011-12,Back,1995-96,Gross Value Added,Annual,,Manufacturing,Other Manufactured Goods,,,81644,202838,₹ Crore
2011-12,Back,1995-96,Gross Value Added,Annual,,Manufacturing,,,,215387,497490,₹ Crore
2011-12,Back,1995-96,Gross Value Added,Annual,,"Electricity, Gas, Water Supply & Other Utility Services",,,,37853,73601,₹ Crore
2011-12,Back,1995-96,Gross Value Added,Annual,,Construction,,,,63387,203081,₹ Crore
2011-12,Back,1995-96,Gross Value Added,Annual,,"Trade, Repair, Hotels and Restaurants",Trade & Repair Services,,,89626,249140,₹ Crore
2011-12,Back,1995-96,Gross Value Added,Annual,,"Trade, Repair, Hotels and Restaurants",Hotels & Restaurants,,,8529,23923,₹ Crore
2011-12,Back,1995-96,Gross Value Added,Annual,,"Trade, Repair, Hotels and Restaurants",,,,98332,273508,₹ Crore
2011-12,Back,1995-96,Gross Value Added,Annual,,"Transport, Storage, Communication & Services Related to Broadcasting",Railways,,,15113,22593,₹ Crore
2011-12,Back,1995-96,Gross Value Added,Annual,,"Transport, Storage, Communication & Services Related to Broadcasting",Storage,,,750,1996,₹ Crore
2011-12,Back,1995-96,Gross Value Added,Annual,,"Transport, Storage, Communication & Services Related to Broadcasting",Communication & Services Related to Broadcasting,,,19187,15489,₹ Crore
2011-12,Back,1995-96,Gross Value Added,Annual,,"Transport, Storage, Communication & Services Related to Broadcasting",Transport by Other Means,,,34567,95859,₹ Crore
2011-12,Back,1995-96,Gross Value Added,Annual,,"Transport, Storage, Communication & Services Related to Broadcasting",,,,67961,125419,₹ Crore
2011-12,Back,1995-96,Gross Value Added,Annual,,Financial Services,,,,52333,134950,₹ Crore
2011-12,Back,1995-96,Gross Value Added,Annual,,"Real Estate, Ownership of Dwelling & Professional Services",,,,118520,384431,₹ Crore
2011-12,Back,1995-96,Gross Value Added,Annual,,Public Administration and Defence,,,,60904,170768,₹ Crore
2011-12,Back,1995-96,Gross Value Added,Annual,,Other Services,,,,58256,131525,₹ Crore
2011-12,Back,1995-96,Gross Value Added,Annual,,Total Gross Value Added,,,,1093301,2978143,₹ Crore
2011-12,Back,1995-96,Gross Value Added,Annual,,,,,,1093301,2978142,₹ Crore
2011-12,Back,1994-95,Gross Value Added,Annual,,"Agriculture, Livestock, Forestry and Fishing",Crops,,,176006,598478,₹ Crore
2011-12,Back,1994-95,Gross Value Added,Annual,,"Agriculture, Livestock, Forestry and Fishing",Livestock,,,50313,170444,₹ Crore
2011-12,Back,1994-95,Gross Value Added,Annual,,"Agriculture, Livestock, Forestry and Fishing",Forestry and Logging,,,36263,118268,₹ Crore
2011-12,Back,1994-95,Gross Value Added,Annual,,"Agriculture, Livestock, Forestry and Fishing",Fishing and Aquaculture,,,9927,35776,₹ Crore
2011-12,Back,1994-95,Gross Value Added,Annual,,"Agriculture, Livestock, Forestry and Fishing",,,,271161,918025,₹ Crore
2011-12,Back,1994-95,Gross Value Added,Annual,,Mining and Quarrying,,,,25258,148071,₹ Crore
2011-12,Back,1994-95,Gross Value Added,Annual,,Manufacturing,"Food Products, Beverages and Tobacco",,,17492,46492,₹ Crore
2011-12,Back,1994-95,Gross Value Added,Annual,,Manufacturing,"Textiles, Apparel and Leather Products",,,27416,57445,₹ Crore
2011-12,Back,1994-95,Gross Value Added,Annual,,Manufacturing,Metal Products,,,39522,109227,₹ Crore
2011-12,Back,1994-95,Gross Value Added,Annual,,Manufacturing,Machinery and Equipment,,,21786,45052,₹ Crore
2011-12,Back,1994-95,Gross Value Added,Annual,,Manufacturing,Other Manufactured Goods,,,61878,169490,₹ Crore
2011-12,Back,1994-95,Gross Value Added,Annual,,Manufacturing,,,,172263,430871,₹ Crore
2011-12,Back,1994-95,Gross Value Added,Annual,,"Electricity, Gas, Water Supply & Other Utility Services",,,,32489,68917,₹ Crore
2011-12,Back,1994-95,Gross Value Added,Annual,,Construction,,,,53888,191622,₹ Crore
2011-12,Back,1994-95,Gross Value Added,Annual,,"Trade, Repair, Hotels and Restaurants",Trade & Repair Services,,,73325,218528,₹ Crore
2011-12,Back,1994-95,Gross Value Added,Annual,,"Trade, Repair, Hotels and Restaurants",Hotels & Restaurants,,,6411,19071,₹ Crore
2011-12,Back,1994-95,Gross Value Added,Annual,,"Trade, Repair, Hotels and Restaurants",,,,79949,238212,₹ Crore
2011-12,Back,1994-95,Gross Value Added,Annual,,"Transport, Storage, Communication & Services Related to Broadcasting",Railways,,,13501,20904,₹ Crore
2011-12,Back,1994-95,Gross Value Added,Annual,,"Transport, Storage, Communication & Services Related to Broadcasting",Storage,,,643,1864,₹ Crore
2011-12,Back,1994-95,Gross Value Added,Annual,,"Transport, Storage, Communication & Services Related to Broadcasting",Communication & Services Related to Broadcasting,,,16092,13301,₹ Crore
2011-12,Back,1994-95,Gross Value Added,Annual,,"Transport, Storage, Communication & Services Related to Broadcasting",Transport by Other Means,,,30049,87429,₹ Crore
2011-12,Back,1994-95,Gross Value Added,Annual,,"Transport, Storage, Communication & Services Related to Broadcasting",,,,58998,113849,₹ Crore
2011-12,Back,1994-95,Gross Value Added,Annual,,Financial Services,,,,39272,121081,₹ Crore
2011-12,Back,1994-95,Gross Value Added,Annual,,"Real Estate, Ownership of Dwelling & Professional Services",,,,106114,362939,₹ Crore
2011-12,Back,1994-95,Gross Value Added,Annual,,Public Administration and Defence,,,,51712,160049,₹ Crore
2011-12,Back,1994-95,Gross Value Added,Annual,,Other Services,,,,49253,121963,₹ Crore
2011-12,Back,1994-95,Gross Value Added,Annual,,Total Gross Value Added,,,,933790,2775835,₹ Crore
2011-12,Back,1994-95,Gross Value Added,Annual,,,,,,933790,2775834,₹ Crore
2011-12,Back,1993-94,Gross Value Added,Annual,,"Agriculture, Livestock, Forestry and Fishing",Crops,,,153116,571394,₹ Crore
2011-12,Back,1993-94,Gross Value Added,Annual,,"Agriculture, Livestock, Forestry and Fishing",Livestock,,,43768,162603,₹ Crore
2011-12,Back,1993-94,Gross Value Added,Annual,,"Agriculture, Livestock, Forestry and Fishing",Forestry and Logging,,,32020,115208,₹ Crore
2011-12,Back,1993-94,Gross Value Added,Annual,,"Agriculture, Livestock, Forestry and Fishing",Fishing and Aquaculture,,,8090,33640,₹ Crore
2011-12,Back,1993-94,Gross Value Added,Annual,,"Agriculture, Livestock, Forestry and Fishing",,,,235482,876681,₹ Crore
2011-12,Back,1993-94,Gross Value Added,Annual,,Mining and Quarrying,,,,22394,135487,₹ Crore
2011-12,Back,1993-94,Gross Value Added,Annual,,Manufacturing,"Food Products, Beverages and Tobacco",,,13381,40166,₹ Crore
2011-12,Back,1993-94,Gross Value Added,Annual,,Manufacturing,"Textiles, Apparel and Leather Products",,,22845,54529,₹ Crore
2011-12,Back,1993-94,Gross Value Added,Annual,,Manufacturing,Metal Products,,,30940,91778,₹ Crore
2011-12,Back,1993-94,Gross Value Added,Annual,,Manufacturing,Machinery and Equipment,,,15584,34739,₹ Crore
2011-12,Back,1993-94,Gross Value Added,Annual,,Manufacturing,Other Manufactured Goods,,,52573,160251,₹ Crore
2011-12,Back,1993-94,Gross Value Added,Annual,,Manufacturing,,,,139420,388799,₹ Crore
2011-12,Back,1993-94,Gross Value Added,Annual,,"Electricity, Gas, Water Supply & Other Utility Services",,,,25895,63009,₹ Crore
2011-12,Back,1993-94,Gross Value Added,Annual,,Construction,,,,46893,181836,₹ Crore
2011-12,Back,1993-94,Gross Value Added,Annual,,"Trade, Repair, Hotels and Restaurants",Trade & Repair Services,,,61020,197144,₹ Crore
2011-12,Back,1993-94,Gross Value Added,Annual,,"Trade, Repair, Hotels and Restaurants",Hotels & Restaurants,,,5668,18328,₹ Crore
2011-12,Back,1993-94,Gross Value Added,Annual,,"Trade, Repair, Hotels and Restaurants",,,,66826,215894,₹ Crore
2011-12,Back,1993-94,Gross Value Added,Annual,,"Transport, Storage, Communication & Services Related to Broadcasting",Railways,,,11818,20456,₹ Crore
2011-12,Back,1993-94,Gross Value Added,Annual,,"Transport, Storage, Communication & Services Related to Broadcasting",Storage,,,531,1822,₹ Crore
2011-12,Back,1993-94,Gross Value Added,Annual,,"Transport, Storage, Communication & Services Related to Broadcasting",Communication & Services Related to Broadcasting,,,12749,11524,₹ Crore
2011-12,Back,1993-94,Gross Value Added,Annual,,"Transport, Storage, Communication & Services Related to Broadcasting",Transport by Other Means,,,25444,79451,₹ Crore
2011-12,Back,1993-94,Gross Value Added,Annual,,"Transport, Storage, Communication & Services Related to Broadcasting",,,,49660,104415,₹ Crore
2011-12,Back,1993-94,Gross Value Added,Annual,,Financial Services,,,,33019,115640,₹ Crore
2011-12,Back,1993-94,Gross Value Added,Annual,,"Real Estate, Ownership of Dwelling & Professional Services",,,,97050,351127,₹ Crore
2011-12,Back,1993-94,Gross Value Added,Annual,,Public Administration and Defence,,,,46346,157905,₹ Crore
2011-12,Back,1993-94,Gross Value Added,Annual,,Other Services,,,,44270,119340,₹ Crore
2011-12,Back,1993-94,Gross Value Added,Annual,,Total Gross Value Added,,,,799471,2608995,₹ Crore
2011-12,Back,1993-94,Gross Value Added,Annual,,,,,,799471,2608994,₹ Crore
2011-12,Back,1992-93,Gross Value Added,Annual,,"Agriculture, Livestock, Forestry and Fishing",Crops,,,132228,553784,₹ Crore
2011-12,Back,1992-93,Gross Value Added,Annual,,"Agriculture, Livestock, Forestry and Fishing",Livestock,,,37767,157547,₹ Crore
2011-12,Back,1992-93,Gross Value Added,Annual,,"Agriculture, Livestock, Forestry and Fishing",Forestry and Logging,,,28293,115763,₹ Crore
2011-12,Back,1992-93,Gross Value Added,Annual,,"Agriculture, Livestock, Forestry and Fishing",Fishing and Aquaculture,,,6448,30249,₹ Crore
2011-12,Back,1992-93,Gross Value Added,Annual,,"Agriculture, Livestock, Forestry and Fishing",,,,203009,848488,₹ Crore
2011-12,Back,1992-93,Gross Value Added,Annual,,Mining and Quarrying,,,,19253,133629,₹ Crore
2011-12,Back,1992-93,Gross Value Added,Annual,,Manufacturing,"Food Products, Beverages and Tobacco",,,10653,34319,₹ Crore
2011-12,Back,1992-93,Gross Value Added,Annual,,Manufacturing,"Textiles, Apparel and Leather Products",,,16887,43481,₹ Crore
2011-12,Back,1992-93,Gross Value Added,Annual,,Manufacturing,Metal Products,,,29464,90787,₹ Crore
2011-12,Back,1992-93,Gross Value Added,Annual,,Manufacturing,Machinery and Equipment,,,14017,32787,₹ Crore
2011-12,Back,1992-93,Gross Value Added,Annual,,Manufacturing,Other Manufactured Goods,,,45023,147100,₹ Crore
2011-12,Back,1992-93,Gross Value Added,Annual,,Manufacturing,,,,120275,358038,₹ Crore
2011-12,Back,1992-93,Gross Value Added,Annual,,"Electricity, Gas, Water Supply & Other Utility Services",,,,21967,58612,₹ Crore
2011-12,Back,1992-93,Gross Value Added,Annual,,Construction,,,,42449,180806,₹ Crore
2011-12,Back,1992-93,Gross Value Added,Annual,,"Trade, Repair, Hotels and Restaurants",Trade & Repair Services,,,51979,184389,₹ Crore
2011-12,Back,1992-93,Gross Value Added,Annual,,"Trade, Repair, Hotels and Restaurants",Hotels & Restaurants,,,4821,16925,₹ Crore
2011-12,Back,1992-93,Gross Value Added,Annual,,"Trade, Repair, Hotels and Restaurants",,,,56918,201733,₹ Crore
2011-12,Back,1992-93,Gross Value Added,Annual,,"Transport, Storage, Communication & Services Related to Broadcasting",Railways,,,10370,20806,₹ Crore
2011-12,Back,1992-93,Gross Value Added,Annual,,"Transport, Storage, Communication & Services Related to Broadcasting",Storage,,,487,1760,₹ Crore
2011-12,Back,1992-93,Gross Value Added,Annual,,"Transport, Storage, Communication & Services Related to Broadcasting",Communication & Services Related to Broadcasting,,,9896,10172,₹ Crore
2011-12,Back,1992-93,Gross Value Added,Annual,,"Transport, Storage, Communication & Services Related to Broadcasting",Transport by Other Means,,,21369,73560,₹ Crore
2011-12,Back,1992-93,Gross Value Added,Annual,,"Transport, Storage, Communication & Services Related to Broadcasting",,,,41517,97858,₹ Crore
2011-12,Back,1992-93,Gross Value Added,Annual,,Financial Services,,,,25179,101202,₹ Crore
2011-12,Back,1992-93,Gross Value Added,Annual,,"Real Estate, Ownership of Dwelling & Professional Services",,,,84284,321321,₹ Crore
2011-12,Back,1992-93,Gross Value Added,Annual,,Public Administration and Defence,,,,42141,153947,₹ Crore
2011-12,Back,1992-93,Gross Value Added,Annual,,Other Services,,,,38547,111716,₹ Crore
2011-12,Back,1992-93,Gross Value Added,Annual,,Total Gross Value Added,,,,687816,2468738,₹ Crore
2011-12,Back,1992-93,Gross Value Added,Annual,,,,,,687816,2468737,₹ Crore
2011-12,Back,1991-92,Gross Value Added,Annual,,"Agriculture, Livestock, Forestry and Fishing",Crops,,,118120,517277,₹ Crore
2011-12,Back,1991-92,Gross Value Added,Annual,,"Agriculture, Livestock, Forestry and Fishing",Livestock,,,33754,146923,₹ Crore
2011-12,Back,1991-92,Gross Value Added,Annual,,"Agriculture, Livestock, Forestry and Fishing",Forestry and Logging,,,26164,118535,₹ Crore
2011-12,Back,1991-92,Gross Value Added,Annual,,"Agriculture, Livestock, Forestry and Fishing",Fishing and Aquaculture,,,5158,27867,₹ Crore
2011-12,Back,1991-92,Gross Value Added,Annual,,"Agriculture, Livestock, Forestry and Fishing",,,,181017,795574,₹ Crore
2011-12,Back,1991-92,Gross Value Added,Annual,,Mining and Quarrying,,,,16695,132410,₹ Crore
2011-12,Back,1991-92,Gross Value Added,Annual,,Manufacturing,"Food Products, Beverages and Tobacco",,,9741,33782,₹ Crore
2011-12,Back,1991-92,Gross Value Added,Annual,,Manufacturing,"Textiles, Apparel and Leather Products",,,15234,42507,₹ Crore
2011-12,Back,1991-92,Gross Value Added,Annual,,Manufacturing,Metal Products,,,26262,91492,₹ Crore
2011-12,Back,1991-92,Gross Value Added,Annual,,Manufacturing,Machinery and Equipment,,,13213,33282,₹ Crore
2011-12,Back,1991-92,Gross Value Added,Annual,,Manufacturing,Other Manufactured Goods,,,37618,143369,₹ Crore
2011-12,Back,1991-92,Gross Value Added,Annual,,Manufacturing,,,,103817,347306,₹ Crore
2011-12,Back,1991-92,Gross Value Added,Annual,,"Electricity, Gas, Water Supply & Other Utility Services",,,,17394,54809,₹ Crore
2011-12,Back,1991-92,Gross Value Added,Annual,,Construction,,,,37204,174723,₹ Crore
2011-12,Back,1991-92,Gross Value Added,Annual,,"Trade, Repair, Hotels and Restaurants",Trade & Repair Services,,,44602,173970,₹ Crore
2011-12,Back,1991-92,Gross Value Added,Annual,,"Trade, Repair, Hotels and Restaurants",Hotels & Restaurants,,,4088,15902,₹ Crore
2011-12,Back,1991-92,Gross Value Added,Annual,,"Trade, Repair, Hotels and Restaurants",,,,48797,190277,₹ Crore
2011-12,Back,1991-92,Gross Value Added,Annual,,"Transport, Storage, Communication & Services Related to Broadcasting",Railways,,,9045,21331,₹ Crore
2011-12,Back,1991-92,Gross Value Added,Annual,,"Transport, Storage, Communication & Services Related to Broadcasting",Storage,,,444,1722,₹ Crore
2011-12,Back,1991-92,Gross Value Added,Annual,,"Transport, Storage, Communication & Services Related to Broadcasting",Communication & Services Related to Broadcasting,,,7621,9023,₹ Crore
2011-12,Back,1991-92,Gross Value Added,Annual,,"Transport, Storage, Communication & Services Related to Broadcasting",Transport by Other Means,,,17780,69537,₹ Crore
2011-12,Back,1991-92,Gross Value Added,Annual,,"Transport, Storage, Communication & Services Related to Broadcasting",,,,34485,93396,₹ Crore
2011-12,Back,1991-92,Gross Value Added,Annual,,Financial Services,,,,24242,98578,₹ Crore
2011-12,Back,1991-92,Gross Value Added,Annual,,"Real Estate, Ownership of Dwelling & Professional Services",,,,73203,299688,₹ Crore
2011-12,Back,1991-92,Gross Value Added,Annual,,Public Administration and Defence,,,,36596,146550,₹ Crore
2011-12,Back,1991-92,Gross Value Added,Annual,,Other Services,,,,32914,104471,₹ Crore
2011-12,Back,1991-92,Gross Value Added,Annual,,Total Gross Value Added,,,,599659,2343060,₹ Crore
2011-12,Back,1991-92,Gross Value Added,Annual,,,,,,599659,2343059,₹ Crore
2011-12,Back,1990-91,Gross Value Added,Annual,,"Agriculture, Livestock, Forestry and Fishing",Crops,,,100317,529514,₹ Crore
2011-12,Back,1990-91,Gross Value Added,Annual,,"Agriculture, Livestock, Forestry and Fishing",Livestock,,,28697,150741,₹ Crore
2011-12,Back,1990-91,Gross Value Added,Annual,,"Agriculture, Livestock, Forestry and Fishing",Forestry and Logging,,,25359,117621,₹ Crore
2011-12,Back,1990-91,Gross Value Added,Annual,,"Agriculture, Livestock, Forestry and Fishing",Fishing and Aquaculture,,,4544,26899,₹ Crore
2011-12,Back,1990-91,Gross Value Added,Annual,,"Agriculture, Livestock, Forestry and Fishing",,,,154952,811417,₹ Crore
2011-12,Back,1990-91,Gross Value Added,Annual,,Mining and Quarrying,,,,15234,128109,₹ Crore
2011-12,Back,1990-91,Gross Value Added,Annual,,Manufacturing,"Food Products, Beverages and Tobacco",,,8705,33938,₹ Crore
2011-12,Back,1990-91,Gross Value Added,Annual,,Manufacturing,"Textiles, Apparel and Leather Products",,,14475,44027,₹ Crore
2011-12,Back,1990-91,Gross Value Added,Annual,,Manufacturing,Metal Products,,,23885,90524,₹ Crore
2011-12,Back,1990-91,Gross Value Added,Annual,,Manufacturing,Machinery and Equipment,,,12479,35306,₹ Crore
2011-12,Back,1990-91,Gross Value Added,Annual,,Manufacturing,Other Manufactured Goods,,,33726,145277,₹ Crore
2011-12,Back,1990-91,Gross Value Added,Annual,,Manufacturing,,,,95620,355841,₹ Crore
2011-12,Back,1990-91,Gross Value Added,Annual,,"Electricity, Gas, Water Supply & Other Utility Services",,,,14207,49964,₹ Crore
2011-12,Back,1990-91,Gross Value Added,Annual,,Construction,,,,33101,171197,₹ Crore
2011-12,Back,1990-91,Gross Value Added,Annual,,"Trade, Repair, Hotels and Restaurants",Trade & Repair Services,,,39170,173016,₹ Crore
2011-12,Back,1990-91,Gross Value Added,Annual,,"Trade, Repair, Hotels and Restaurants",Hotels & Restaurants,,,3577,15779,₹ Crore
2011-12,Back,1990-91,Gross Value Added,Annual,,"Trade, Repair, Hotels and Restaurants",,,,42843,189201,₹ Crore
2011-12,Back,1990-91,Gross Value Added,Annual,,"Transport, Storage, Communication & Services Related to Broadcasting",Railways,,,7948,19887,₹ Crore
2011-12,Back,1990-91,Gross Value Added,Annual,,"Transport, Storage, Communication & Services Related to Broadcasting",Storage,,,412,1732,₹ Crore
2011-12,Back,1990-91,Gross Value Added,Annual,,"Transport, Storage, Communication & Services Related to Broadcasting",Communication & Services Related to Broadcasting,,,6174,8402,₹ Crore
2011-12,Back,1990-91,Gross Value Added,Annual,,"Transport, Storage, Communication & Services Related to Broadcasting",Transport by Other Means,,,15024,65627,₹ Crore
2011-12,Back,1990-91,Gross Value Added,Annual,,"Transport, Storage, Communication & Services Related to Broadcasting",,,,29247,87748,₹ Crore
2011-12,Back,1990-91,Gross Value Added,Annual,,Financial Services,,,,17794,85097,₹ Crore
2011-12,Back,1990-91,Gross Value Added,Annual,,"Real Estate, Ownership of Dwelling & Professional Services",,,,63678,277887,₹ Crore
2011-12,Back,1990-91,Gross Value Added,Annual,,Public Administration and Defence,,,,31562,143540,₹ Crore
2011-12,Back,1990-91,Gross Value Added,Annual,,Other Services,,,,28292,101456,₹ Crore
2011-12,Back,1990-91,Gross Value Added,Annual,,Total Gross Value Added,,,,519792,2310015,₹ Crore
2011-12,Back,1990-91,Gross Value Added,Annual,,,,,,519792,2310014,₹ Crore
2011-12,Back,1989-90,Gross Value Added,Annual,,"Agriculture, Livestock, Forestry and Fishing",Crops,,,85676,507790,₹ Crore
2011-12,Back,1989-90,Gross Value Added,Annual,,"Agriculture, Livestock, Forestry and Fishing",Livestock,,,24418,144417,₹ Crore
2011-12,Back,1989-90,Gross Value Added,Annual,,"Agriculture, Livestock, Forestry and Fishing",Forestry and Logging,,,23523,119202,₹ Crore
2011-12,Back,1989-90,Gross Value Added,Annual,,"Agriculture, Livestock, Forestry and Fishing",Fishing and Aquaculture,,,3707,25657,₹ Crore
2011-12,Back,1989-90,Gross Value Added,Annual,,"Agriculture, Livestock, Forestry and Fishing",,,,132780,780095,₹ Crore
2011-12,Back,1989-90,Gross Value Added,Annual,,Mining and Quarrying,,,,13450,115973,₹ Crore
2011-12,Back,1989-90,Gross Value Added,Annual,,Manufacturing,"Food Products, Beverages and Tobacco",,,8265,37119,₹ Crore
2011-12,Back,1989-90,Gross Value Added,Annual,,Manufacturing,"Textiles, Apparel and Leather Products",,,12347,40868,₹ Crore
2011-12,Back,1989-90,Gross Value Added,Annual,,Manufacturing,Metal Products,,,20118,81510,₹ Crore
2011-12,Back,1989-90,Gross Value Added,Annual,,Manufacturing,Machinery and Equipment,,,10585,32646,₹ Crore
2011-12,Back,1989-90,Gross Value Added,Annual,,Manufacturing,Other Manufactured Goods,,,29092,134037,₹ Crore
2011-12,Back,1989-90,Gross Value Added,Annual,,Manufacturing,,,,83377,339628,₹ Crore
2011-12,Back,1989-90,Gross Value Added,Annual,,"Electricity, Gas, Water Supply & Other Utility Services",,,,11822,46832,₹ Crore
2011-12,Back,1989-90,Gross Value Added,Annual,,Construction,,,,27252,153145,₹ Crore
2011-12,Back,1989-90,Gross Value Added,Annual,,"Trade, Repair, Hotels and Restaurants",Trade & Repair Services,,,33528,164694,₹ Crore
2011-12,Back,1989-90,Gross Value Added,Annual,,"Trade, Repair, Hotels and Restaurants",Hotels & Restaurants,,,3033,14663,₹ Crore
2011-12,Back,1989-90,Gross Value Added,Annual,,"Trade, Repair, Hotels and Restaurants",,,,36647,179784,₹ Crore
2011-12,Back,1989-90,Gross Value Added,Annual,,"Transport, Storage, Communication & Services Related to Broadcasting",Railways,,,6968,19025,₹ Crore
2011-12,Back,1989-90,Gross Value Added,Annual,,"Transport, Storage, Communication & Services Related to Broadcasting",Storage,,,345,1668,₹ Crore
2011-12,Back,1989-90,Gross Value Added,Annual,,"Transport, Storage, Communication & Services Related to Broadcasting",Communication & Services Related to Broadcasting,,,5122,7881,₹ Crore
2011-12,Back,1989-90,Gross Value Added,Annual,,"Transport, Storage, Communication & Services Related to Broadcasting",Transport by Other Means,,,12690,62652,₹ Crore
2011-12,Back,1989-90,Gross Value Added,Annual,,"Transport, Storage, Communication & Services Related to Broadcasting",,,,24858,83594,₹ Crore
2011-12,Back,1989-90,Gross Value Added,Annual,,Financial Services,,,,14859,83455,₹ Crore
2011-12,Back,1989-90,Gross Value Added,Annual,,"Real Estate, Ownership of Dwelling & Professional Services",,,,55190,255172,₹ Crore
2011-12,Back,1989-90,Gross Value Added,Annual,,Public Administration and Defence,,,,28067,141737,₹ Crore
2011-12,Back,1989-90,Gross Value Added,Annual,,Other Services,,,,24021,94659,₹ Crore
2011-12,Back,1989-90,Gross Value Added,Annual,,Total Gross Value Added,,,,446220,2194057,₹ Crore
2011-12,Back,1989-90,Gross Value Added,Annual,,,,,,446220,2194056,₹ Crore
2011-12,Back,1988-89,Gross Value Added,Annual,,"Agriculture, Livestock, Forestry and Fishing",Crops,,,77932,505790,₹ Crore
2011-12,Back,1988-89,Gross Value Added,Annual,,"Agriculture, Livestock, Forestry and Fishing",Livestock,,,22214,143882,₹ Crore
2011-12,Back,1988-89,Gross Value Added,Annual,,"Agriculture, Livestock, Forestry and Fishing",Forestry and Logging,,,20244,108466,₹ Crore
2011-12,Back,1988-89,Gross Value Added,Annual,,"Agriculture, Livestock, Forestry and Fishing",Fishing and Aquaculture,,,3135,23042,₹ Crore
2011-12,Back,1988-89,Gross Value Added,Annual,,"Agriculture, Livestock, Forestry and Fishing",,,,120145,770928,₹ Crore
2011-12,Back,1988-89,Gross Value Added,Annual,,Mining and Quarrying,,,,12188,107787,₹ Crore
2011-12,Back,1988-89,Gross Value Added,Annual,,Manufacturing,"Food Products, Beverages and Tobacco",,,6719,34242,₹ Crore
2011-12,Back,1988-89,Gross Value Added,Annual,,Manufacturing,"Textiles, Apparel and Leather Products",,,9244,34869,₹ Crore
2011-12,Back,1988-89,Gross Value Added,Annual,,Manufacturing,Metal Products,,,17680,82326,₹ Crore
2011-12,Back,1988-89,Gross Value Added,Annual,,Manufacturing,Machinery and Equipment,,,8609,29220,₹ Crore
2011-12,Back,1988-89,Gross Value Added,Annual,,Manufacturing,Other Manufactured Goods,,,24152,117846,₹ Crore
2011-12,Back,1988-89,Gross Value Added,Annual,,Manufacturing,,,,69134,312045,₹ Crore
2011-12,Back,1988-89,Gross Value Added,Annual,,"Electricity, Gas, Water Supply & Other Utility Services",,,,9883,42678,₹ Crore
2011-12,Back,1988-89,Gross Value Added,Annual,,Construction,,,,23484,143080,₹ Crore
2011-12,Back,1988-89,Gross Value Added,Annual,,"Trade, Repair, Hotels and Restaurants",Trade & Repair Services,,,28641,153109,₹ Crore
2011-12,Back,1988-89,Gross Value Added,Annual,,"Trade, Repair, Hotels and Restaurants",Hotels & Restaurants,,,2533,13041,₹ Crore
2011-12,Back,1988-89,Gross Value Added,Annual,,"Trade, Repair, Hotels and Restaurants",,,,31254,166617,₹ Crore
2011-12,Back,1988-89,Gross Value Added,Annual,,"Transport, Storage, Communication & Services Related to Broadcasting",Railways,,,5971,18301,₹ Crore
2011-12,Back,1988-89,Gross Value Added,Annual,,"Transport, Storage, Communication & Services Related to Broadcasting",Storage,,,313,1613,₹ Crore
2011-12,Back,1988-89,Gross Value Added,Annual,,"Transport, Storage, Communication & Services Related to Broadcasting",Communication & Services Related to Broadcasting,,,4524,7360,₹ Crore
2011-12,Back,1988-89,Gross Value Added,Annual,,"Transport, Storage, Communication & Services Related to Broadcasting",Transport by Other Means,,,10789,58468,₹ Crore
2011-12,Back,1988-89,Gross Value Added,Annual,,"Transport, Storage, Communication & Services Related to Broadcasting",,,,21316,78590,₹ Crore
2011-12,Back,1988-89,Gross Value Added,Annual,,Financial Services,,,,11881,68103,₹ Crore
2011-12,Back,1988-89,Gross Value Added,Annual,,"Real Estate, Ownership of Dwelling & Professional Services",,,,48166,238814,₹ Crore
2011-12,Back,1988-89,Gross Value Added,Annual,,Public Administration and Defence,,,,24326,131180,₹ Crore
2011-12,Back,1988-89,Gross Value Added,Annual,,Other Services,,,,21046,87667,₹ Crore
2011-12,Back,1988-89,Gross Value Added,Annual,,Total Gross Value Added,,,,387337,2067262,₹ Crore
2011-12,Back,1988-89,Gross Value Added,Annual,,,,,,387336,2067261,₹ Crore
2011-12,Back,1987-88,Gross Value Added,Annual,,"Agriculture, Livestock, Forestry and Fishing",Crops,,,62594,432871,₹ Crore
2011-12,Back,1987-88,Gross Value Added,Annual,,"Agriculture, Livestock, Forestry and Fishing",Livestock,,,17860,122871,₹ Crore
2011-12,Back,1987-88,Gross Value Added,Annual,,"Agriculture, Livestock, Forestry and Fishing",Forestry and Logging,,,18079,109066,₹ Crore
2011-12,Back,1987-88,Gross Value Added,Annual,,"Agriculture, Livestock, Forestry and Fishing",Fishing and Aquaculture,,,2688,21128,₹ Crore
2011-12,Back,1987-88,Gross Value Added,Annual,,"Agriculture, Livestock, Forestry and Fishing",,,,97283,666664,₹ Crore
2011-12,Back,1987-88,Gross Value Added,Annual,,Mining and Quarrying,,,,9320,92782,₹ Crore
2011-12,Back,1987-88,Gross Value Added,Annual,,Manufacturing,"Food Products, Beverages and Tobacco",,,5087,26585,₹ Crore
2011-12,Back,1987-88,Gross Value Added,Annual,,Manufacturing,"Textiles, Apparel and Leather Products",,,8349,34400,₹ Crore
2011-12,Back,1987-88,Gross Value Added,Annual,,Manufacturing,Metal Products,,,13134,68974,₹ Crore
2011-12,Back,1987-88,Gross Value Added,Annual,,Manufacturing,Machinery and Equipment,,,7042,27150,₹ Crore
2011-12,Back,1987-88,Gross Value Added,Annual,,Manufacturing,Other Manufactured Goods,,,22011,111310,₹ Crore
2011-12,Back,1987-88,Gross Value Added,Annual,,Manufacturing,,,,58656,287609,₹ Crore
2011-12,Back,1987-88,Gross Value Added,Annual,,"Electricity, Gas, Water Supply & Other Utility Services",,,,8496,38905,₹ Crore
2011-12,Back,1987-88,Gross Value Added,Annual,,Construction,,,,20141,133682,₹ Crore
2011-12,Back,1987-88,Gross Value Added,Annual,,"Trade, Repair, Hotels and Restaurants",Trade & Repair Services,,,24308,143570,₹ Crore
2011-12,Back,1987-88,Gross Value Added,Annual,,"Trade, Repair, Hotels and Restaurants",Hotels & Restaurants,,,2087,12231,₹ Crore
2011-12,Back,1987-88,Gross Value Added,Annual,,"Trade, Repair, Hotels and Restaurants",,,,26470,156238,₹ Crore
2011-12,Back,1987-88,Gross Value Added,Annual,,"Transport, Storage, Communication & Services Related to Broadcasting",Railways,,,5468,18486,₹ Crore
2011-12,Back,1987-88,Gross Value Added,Annual,,"Transport, Storage, Communication & Services Related to Broadcasting",Storage,,,295,1667,₹ Crore
2011-12,Back,1987-88,Gross Value Added,Annual,,"Transport, Storage, Communication & Services Related to Broadcasting",Communication & Services Related to Broadcasting,,,3543,7039,₹ Crore
2011-12,Back,1987-88,Gross Value Added,Annual,,"Transport, Storage, Communication & Services Related to Broadcasting",Transport by Other Means,,,8946,54798,₹ Crore
2011-12,Back,1987-88,Gross Value Added,Annual,,"Transport, Storage, Communication & Services Related to Broadcasting",,,,18055,75306,₹ Crore
2011-12,Back,1987-88,Gross Value Added,Annual,,Financial Services,,,,9955,61259,₹ Crore
2011-12,Back,1987-88,Gross Value Added,Annual,,"Real Estate, Ownership of Dwelling & Professional Services",,,,41947,219112,₹ Crore
2011-12,Back,1987-88,Gross Value Added,Annual,,Public Administration and Defence,,,,20984,123493,₹ Crore
2011-12,Back,1987-88,Gross Value Added,Annual,,Other Services,,,,18114,82689,₹ Crore
2011-12,Back,1987-88,Gross Value Added,Annual,,Total Gross Value Added,,,,324561,1876600,₹ Crore
2011-12,Back,1987-88,Gross Value Added,Annual,,,,,,324561,1876600,₹ Crore
2011-12,Back,1986-87,Gross Value Added,Annual,,"Agriculture, Livestock, Forestry and Fishing",Crops,,,56301,440478,₹ Crore
2011-12,Back,1986-87,Gross Value Added,Annual,,"Agriculture, Livestock, Forestry and Fishing",Livestock,,,16059,125121,₹ Crore
2011-12,Back,1986-87,Gross Value Added,Annual,,"Agriculture, Livestock, Forestry and Fishing",Forestry and Logging,,,16545,111101,₹ Crore
2011-12,Back,1986-87,Gross Value Added,Annual,,"Agriculture, Livestock, Forestry and Fishing",Fishing and Aquaculture,,,2276,20571,₹ Crore
2011-12,Back,1986-87,Gross Value Added,Annual,,"Agriculture, Livestock, Forestry and Fishing",,,,87451,677420,₹ Crore
2011-12,Back,1986-87,Gross Value Added,Annual,,Mining and Quarrying,,,,8899,89409,₹ Crore
2011-12,Back,1986-87,Gross Value Added,Annual,,Manufacturing,"Food Products, Beverages and Tobacco",,,4574,25267,₹ Crore
2011-12,Back,1986-87,Gross Value Added,Annual,,Manufacturing,"Textiles, Apparel and Leather Products",,,7746,35665,₹ Crore
2011-12,Back,1986-87,Gross Value Added,Annual,,Manufacturing,Metal Products,,,11011,63452,₹ Crore
2011-12,Back,1986-87,Gross Value Added,Annual,,Manufacturing,Machinery and Equipment,,,6476,26655,₹ Crore
2011-12,Back,1986-87,Gross Value Added,Annual,,Manufacturing,Other Manufactured Goods,,,19061,101924,₹ Crore
2011-12,Back,1986-87,Gross Value Added,Annual,,Manufacturing,,,,51643,272357,₹ Crore
2011-12,Back,1986-87,Gross Value Added,Annual,,"Electricity, Gas, Water Supply & Other Utility Services",,,,7569,36103,₹ Crore
2011-12,Back,1986-87,Gross Value Added,Annual,,Construction,,,,16988,126434,₹ Crore
2011-12,Back,1986-87,Gross Value Added,Annual,,"Trade, Repair, Hotels and Restaurants",Trade & Repair Services,,,21861,137715,₹ Crore
2011-12,Back,1986-87,Gross Value Added,Annual,,"Trade, Repair, Hotels and Restaurants",Hotels & Restaurants,,,1839,11531,₹ Crore
2011-12,Back,1986-87,Gross Value Added,Annual,,"Trade, Repair, Hotels and Restaurants",,,,23772,149689,₹ Crore
2011-12,Back,1986-87,Gross Value Added,Annual,,"Transport, Storage, Communication & Services Related to Broadcasting",Railways,,,4778,17766,₹ Crore
2011-12,Back,1986-87,Gross Value Added,Annual,,"Transport, Storage, Communication & Services Related to Broadcasting",Storage,,,261,1676,₹ Crore
2011-12,Back,1986-87,Gross Value Added,Annual,,"Transport, Storage, Communication & Services Related to Broadcasting",Communication & Services Related to Broadcasting,,,2492,6649,₹ Crore
2011-12,Back,1986-87,Gross Value Added,Annual,,"Transport, Storage, Communication & Services Related to Broadcasting",Transport by Other Means,,,7496,50475,₹ Crore
2011-12,Back,1986-87,Gross Value Added,Annual,,"Transport, Storage, Communication & Services Related to Broadcasting",,,,14983,70429,₹ Crore
2011-12,Back,1986-87,Gross Value Added,Annual,,Financial Services,,,,8676,57655,₹ Crore
2011-12,Back,1986-87,Gross Value Added,Annual,,"Real Estate, Ownership of Dwelling & Professional Services",,,,36763,203016,₹ Crore
2011-12,Back,1986-87,Gross Value Added,Annual,,Public Administration and Defence,,,,17556,112577,₹ Crore
2011-12,Back,1986-87,Gross Value Added,Annual,,Other Services,,,,16005,78500,₹ Crore
2011-12,Back,1986-87,Gross Value Added,Annual,,Total Gross Value Added,,,,286302,1812537,₹ Crore
2011-12,Back,1986-87,Gross Value Added,Annual,,,,,,286302,1812537,₹ Crore
2011-12,Back,1985-86,Gross Value Added,Annual,,"Agriculture, Livestock, Forestry and Fishing",Crops,,,52691,442208,₹ Crore
2011-12,Back,1985-86,Gross Value Added,Annual,,"Agriculture, Livestock, Forestry and Fishing",Livestock,,,15074,125735,₹ Crore
2011-12,Back,1985-86,Gross Value Added,Annual,,"Agriculture, Livestock, Forestry and Fishing",Forestry and Logging,,,14790,112500,₹ Crore
2011-12,Back,1985-86,Gross Value Added,Annual,,"Agriculture, Livestock, Forestry and Fishing",Fishing and Aquaculture,,,2002,20472,₹ Crore
2011-12,Back,1985-86,Gross Value Added,Annual,,"Agriculture, Livestock, Forestry and Fishing",,,,81477,680205,₹ Crore
2011-12,Back,1985-86,Gross Value Added,Annual,,Mining and Quarrying,,,,7633,79654,₹ Crore
2011-12,Back,1985-86,Gross Value Added,Annual,,Manufacturing,"Food Products, Beverages and Tobacco",,,4022,24413,₹ Crore
2011-12,Back,1985-86,Gross Value Added,Annual,,Manufacturing,"Textiles, Apparel and Leather Products",,,7203,33374,₹ Crore
2011-12,Back,1985-86,Gross Value Added,Annual,,Manufacturing,Metal Products,,,11536,68113,₹ Crore
2011-12,Back,1985-86,Gross Value Added,Annual,,Manufacturing,Machinery and Equipment,,,5355,22989,₹ Crore
2011-12,Back,1985-86,Gross Value Added,Annual,,Manufacturing,Other Manufactured Goods,,,16604,90715,₹ Crore
2011-12,Back,1985-86,Gross Value Added,Annual,,Manufacturing,,,,46714,258172,₹ Crore
2011-12,Back,1985-86,Gross Value Added,Annual,,"Electricity, Gas, Water Supply & Other Utility Services",,,,6655,32727,₹ Crore
2011-12,Back,1985-86,Gross Value Added,Annual,,Construction,,,,14764,123482,₹ Crore
2011-12,Back,1985-86,Gross Value Added,Annual,,"Trade, Repair, Hotels and Restaurants",Trade & Repair Services,,,19656,130162,₹ Crore
2011-12,Back,1985-86,Gross Value Added,Annual,,"Trade, Repair, Hotels and Restaurants",Hotels & Restaurants,,,1727,10997,₹ Crore
2011-12,Back,1985-86,Gross Value Added,Annual,,"Trade, Repair, Hotels and Restaurants",,,,21439,141566,₹ Crore
2011-12,Back,1985-86,Gross Value Added,Annual,,"Transport, Storage, Communication & Services Related to Broadcasting",Railways,,,4036,16306,₹ Crore
2011-12,Back,1985-86,Gross Value Added,Annual,,"Transport, Storage, Communication & Services Related to Broadcasting",Storage,,,242,1609,₹ Crore
2011-12,Back,1985-86,Gross Value Added,Annual,,"Transport, Storage, Communication & Services Related to Broadcasting",Communication & Services Related to Broadcasting,,,2015,6258,₹ Crore
2011-12,Back,1985-86,Gross Value Added,Annual,,"Transport, Storage, Communication & Services Related to Broadcasting",Transport by Other Means,,,6395,47704,₹ Crore
2011-12,Back,1985-86,Gross Value Added,Annual,,"Transport, Storage, Communication & Services Related to Broadcasting",,,,12686,66049,₹ Crore
2011-12,Back,1985-86,Gross Value Added,Annual,,Financial Services,,,,7618,50612,₹ Crore
2011-12,Back,1985-86,Gross Value Added,Annual,,"Real Estate, Ownership of Dwelling & Professional Services",,,,31971,186663,₹ Crore
2011-12,Back,1985-86,Gross Value Added,Annual,,Public Administration and Defence,,,,14803,103097,₹ Crore
2011-12,Back,1985-86,Gross Value Added,Annual,,Other Services,,,,14239,73822,₹ Crore
2011-12,Back,1985-86,Gross Value Added,Annual,,Total Gross Value Added,,,,256778,1737565,₹ Crore
2011-12,Back,1985-86,Gross Value Added,Annual,,,,,,256778,1737564,₹ Crore
2011-12,Back,1984-85,Gross Value Added,Annual,,"Agriculture, Livestock, Forestry and Fishing",Crops,,,49225,441346,₹ Crore
2011-12,Back,1984-85,Gross Value Added,Annual,,"Agriculture, Livestock, Forestry and Fishing",Livestock,,,14121,125464,₹ Crore
2011-12,Back,1984-85,Gross Value Added,Annual,,"Agriculture, Livestock, Forestry and Fishing",Forestry and Logging,,,14096,111840,₹ Crore
2011-12,Back,1984-85,Gross Value Added,Annual,,"Agriculture, Livestock, Forestry and Fishing",Fishing and Aquaculture,,,1695,19818,₹ Crore
2011-12,Back,1984-85,Gross Value Added,Annual,,"Agriculture, Livestock, Forestry and Fishing",,,,76026,678074,₹ Crore
2011-12,Back,1984-85,Gross Value Added,Annual,,Mining and Quarrying,,,,7137,75534,₹ Crore
2011-12,Back,1984-85,Gross Value Added,Annual,,Manufacturing,"Food Products, Beverages and Tobacco",,,3700,24264,₹ Crore
2011-12,Back,1984-85,Gross Value Added,Annual,,Manufacturing,"Textiles, Apparel and Leather Products",,,6590,31169,₹ Crore
2011-12,Back,1984-85,Gross Value Added,Annual,,Manufacturing,Metal Products,,,9734,64243,₹ Crore
2011-12,Back,1984-85,Gross Value Added,Annual,,Manufacturing,Machinery and Equipment,,,5354,25963,₹ Crore
2011-12,Back,1984-85,Gross Value Added,Annual,,Manufacturing,Other Manufactured Goods,,,14708,85811,₹ Crore
2011-12,Back,1984-85,Gross Value Added,Annual,,Manufacturing,,,,42135,250197,₹ Crore
2011-12,Back,1984-85,Gross Value Added,Annual,,"Electricity, Gas, Water Supply & Other Utility Services",,,,5509,30321,₹ Crore
2011-12,Back,1984-85,Gross Value Added,Annual,,Construction,,,,12650,116865,₹ Crore
2011-12,Back,1984-85,Gross Value Added,Annual,,"Trade, Repair, Hotels and Restaurants",Trade & Repair Services,,,16862,120040,₹ Crore
2011-12,Back,1984-85,Gross Value Added,Annual,,"Trade, Repair, Hotels and Restaurants",Hotels & Restaurants,,,1516,10506,₹ Crore
2011-12,Back,1984-85,Gross Value Added,Annual,,"Trade, Repair, Hotels and Restaurants",,,,18422,130879,₹ Crore
2011-12,Back,1984-85,Gross Value Added,Annual,,"Transport, Storage, Communication & Services Related to Broadcasting",Railways,,,3266,14451,₹ Crore
2011-12,Back,1984-85,Gross Value Added,Annual,,"Transport, Storage, Communication & Services Related to Broadcasting",Storage,,,199,1524,₹ Crore
2011-12,Back,1984-85,Gross Value Added,Annual,,"Transport, Storage, Communication & Services Related to Broadcasting",Communication & Services Related to Broadcasting,,,1839,6157,₹ Crore
2011-12,Back,1984-85,Gross Value Added,Annual,,"Transport, Storage, Communication & Services Related to Broadcasting",Transport by Other Means,,,5496,44753,₹ Crore
2011-12,Back,1984-85,Gross Value Added,Annual,,"Transport, Storage, Communication & Services Related to Broadcasting",,,,10777,61434,₹ Crore
2011-12,Back,1984-85,Gross Value Added,Annual,,Financial Services,,,,6699,44493,₹ Crore
2011-12,Back,1984-85,Gross Value Added,Annual,,"Real Estate, Ownership of Dwelling & Professional Services",,,,27824,173192,₹ Crore
2011-12,Back,1984-85,Gross Value Added,Annual,,Public Administration and Defence,,,,12851,96073,₹ Crore
2011-12,Back,1984-85,Gross Value Added,Annual,,Other Services,,,,12751,70576,₹ Crore
2011-12,Back,1984-85,Gross Value Added,Annual,,Total Gross Value Added,,,,229798,1668141,₹ Crore
2011-12,Back,1984-85,Gross Value Added,Annual,,,,,,229798,1668141,₹ Crore
2011-12,Back,1983-84,Gross Value Added,Annual,,"Agriculture, Livestock, Forestry and Fishing",Crops,,,45783,434893,₹ Crore
2011-12,Back,1983-84,Gross Value Added,Annual,,"Agriculture, Livestock, Forestry and Fishing",Livestock,,,13167,123623,₹ Crore
2011-12,Back,1983-84,Gross Value Added,Annual,,"Agriculture, Livestock, Forestry and Fishing",Forestry and Logging,,,13036,111373,₹ Crore
2011-12,Back,1983-84,Gross Value Added,Annual,,"Agriculture, Livestock, Forestry and Fishing",Fishing and Aquaculture,,,1401,18549,₹ Crore
2011-12,Back,1983-84,Gross Value Added,Annual,,"Agriculture, Livestock, Forestry and Fishing",,,,70502,667494,₹ Crore
2011-12,Back,1983-84,Gross Value Added,Annual,,Mining and Quarrying,,,,6344,74659,₹ Crore
2011-12,Back,1983-84,Gross Value Added,Annual,,Manufacturing,"Food Products, Beverages and Tobacco",,,3657,25009,₹ Crore
2011-12,Back,1983-84,Gross Value Added,Annual,,Manufacturing,"Textiles, Apparel and Leather Products",,,5822,30370,₹ Crore
2011-12,Back,1983-84,Gross Value Added,Annual,,Manufacturing,Metal Products,,,8624,60381,₹ Crore
2011-12,Back,1983-84,Gross Value Added,Annual,,Manufacturing,Machinery and Equipment,,,4434,22848,₹ Crore
2011-12,Back,1983-84,Gross Value Added,Annual,,Manufacturing,Other Manufactured Goods,,,12770,79600,₹ Crore
2011-12,Back,1983-84,Gross Value Added,Annual,,Manufacturing,,,,37507,240094,₹ Crore
2011-12,Back,1983-84,Gross Value Added,Annual,,"Electricity, Gas, Water Supply & Other Utility Services",,,,4556,27355,₹ Crore
2011-12,Back,1983-84,Gross Value Added,Annual,,Construction,,,,10782,112955,₹ Crore
2011-12,Back,1983-84,Gross Value Added,Annual,,"Trade, Repair, Hotels and Restaurants",Trade & Repair Services,,,14490,115126,₹ Crore
2011-12,Back,1983-84,Gross Value Added,Annual,,"Trade, Repair, Hotels and Restaurants",Hotels & Restaurants,,,1329,9946,₹ Crore
2011-12,Back,1983-84,Gross Value Added,Annual,,"Trade, Repair, Hotels and Restaurants",,,,15854,125407,₹ Crore
2011-12,Back,1983-84,Gross Value Added,Annual,,"Transport, Storage, Communication & Services Related to Broadcasting",Railways,,,3115,14216,₹ Crore
2011-12,Back,1983-84,Gross Value Added,Annual,,"Transport, Storage, Communication & Services Related to Broadcasting",Storage,,,173,1405,₹ Crore
2011-12,Back,1983-84,Gross Value Added,Annual,,"Transport, Storage, Communication & Services Related to Broadcasting",Communication & Services Related to Broadcasting,,,1647,5693,₹ Crore
2011-12,Back,1983-84,Gross Value Added,Annual,,"Transport, Storage, Communication & Services Related to Broadcasting",Transport by Other Means,,,4686,41905,₹ Crore
2011-12,Back,1983-84,Gross Value Added,Annual,,"Transport, Storage, Communication & Services Related to Broadcasting",,,,9564,58120,₹ Crore
2011-12,Back,1983-84,Gross Value Added,Annual,,Financial Services,,,,5727,41299,₹ Crore
2011-12,Back,1983-84,Gross Value Added,Annual,,"Real Estate, Ownership of Dwelling & Professional Services",,,,24360,161340,₹ Crore
2011-12,Back,1983-84,Gross Value Added,Annual,,Public Administration and Defence,,,,11003,87815,₹ Crore
2011-12,Back,1983-84,Gross Value Added,Annual,,Other Services,,,,11189,67085,₹ Crore
2011-12,Back,1983-84,Gross Value Added,Annual,,Total Gross Value Added,,,,204624,1604580,₹ Crore
2011-12,Back,1983-84,Gross Value Added,Annual,,,,,,204624,1604580,₹ Crore
2011-12,Back,1982-83,Gross Value Added,Annual,,"Agriculture, Livestock, Forestry and Fishing",Crops,,,38054,392668,₹ Crore
2011-12,Back,1982-83,Gross Value Added,Annual,,"Agriculture, Livestock, Forestry and Fishing",Livestock,,,10931,111388,₹ Crore
2011-12,Back,1982-83,Gross Value Added,Annual,,"Agriculture, Livestock, Forestry and Fishing",Forestry and Logging,,,12347,115074,₹ Crore
2011-12,Back,1982-83,Gross Value Added,Annual,,"Agriculture, Livestock, Forestry and Fishing",Fishing and Aquaculture,,,1138,15507,₹ Crore
2011-12,Back,1982-83,Gross Value Added,Annual,,"Agriculture, Livestock, Forestry and Fishing",,,,59078,606146,₹ Crore
2011-12,Back,1982-83,Gross Value Added,Annual,,Mining and Quarrying,,,,5663,72558,₹ Crore
2011-12,Back,1982-83,Gross Value Added,Annual,,Manufacturing,"Food Products, Beverages and Tobacco",,,2505,20544,₹ Crore
2011-12,Back,1982-83,Gross Value Added,Annual,,Manufacturing,"Textiles, Apparel and Leather Products",,,4911,27590,₹ Crore
2011-12,Back,1982-83,Gross Value Added,Annual,,Manufacturing,Metal Products,,,7324,55051,₹ Crore
2011-12,Back,1982-83,Gross Value Added,Annual,,Manufacturing,Machinery and Equipment,,,4054,21013,₹ Crore
2011-12,Back,1982-83,Gross Value Added,Annual,,Manufacturing,Other Manufactured Goods,,,10659,70830,₹ Crore
2011-12,Back,1982-83,Gross Value Added,Annual,,Manufacturing,,,,31635,217808,₹ Crore
2011-12,Back,1982-83,Gross Value Added,Annual,,"Electricity, Gas, Water Supply & Other Utility Services",,,,3857,25589,₹ Crore
2011-12,Back,1982-83,Gross Value Added,Annual,,Construction,,,,9379,107167,₹ Crore
2011-12,Back,1982-83,Gross Value Added,Annual,,"Trade, Repair, Hotels and Restaurants",Trade & Repair Services,,,12564,109117,₹ Crore
2011-12,Back,1982-83,Gross Value Added,Annual,,"Trade, Repair, Hotels and Restaurants",Hotels & Restaurants,,,1119,9858,₹ Crore
2011-12,Back,1982-83,Gross Value Added,Annual,,"Trade, Repair, Hotels and Restaurants",,,,13718,119243,₹ Crore
2011-12,Back,1982-83,Gross Value Added,Annual,,"Transport, Storage, Communication & Services Related to Broadcasting",Railways,,,2735,14345,₹ Crore
2011-12,Back,1982-83,Gross Value Added,Annual,,"Transport, Storage, Communication & Services Related to Broadcasting",Storage,,,151,1358,₹ Crore
2011-12,Back,1982-83,Gross Value Added,Annual,,"Transport, Storage, Communication & Services Related to Broadcasting",Communication & Services Related to Broadcasting,,,1396,5387,₹ Crore
2011-12,Back,1982-83,Gross Value Added,Annual,,"Transport, Storage, Communication & Services Related to Broadcasting",Transport by Other Means,,,3914,39015,₹ Crore
2011-12,Back,1982-83,Gross Value Added,Annual,,"Transport, Storage, Communication & Services Related to Broadcasting",,,,8137,55392,₹ Crore
2011-12,Back,1982-83,Gross Value Added,Annual,,Financial Services,,,,5208,37745,₹ Crore
2011-12,Back,1982-83,Gross Value Added,Annual,,"Real Estate, Ownership of Dwelling & Professional Services",,,,20939,146664,₹ Crore
2011-12,Back,1982-83,Gross Value Added,Annual,,Public Administration and Defence,,,,9504,84913,₹ Crore
2011-12,Back,1982-83,Gross Value Added,Annual,,Other Services,,,,9931,64503,₹ Crore
2011-12,Back,1982-83,Gross Value Added,Annual,,Total Gross Value Added,,,,174938,1487737,₹ Crore
2011-12,Back,1982-83,Gross Value Added,Annual,,,,,,174938,1487736,₹ Crore
2011-12,Back,1981-82,Gross Value Added,Annual,,"Agriculture, Livestock, Forestry and Fishing",Crops,,,35500,393219,₹ Crore
2011-12,Back,1981-82,Gross Value Added,Annual,,"Agriculture, Livestock, Forestry and Fishing",Livestock,,,10214,111580,₹ Crore
2011-12,Back,1981-82,Gross Value Added,Annual,,"Agriculture, Livestock, Forestry and Fishing",Forestry and Logging,,,10838,117337,₹ Crore
2011-12,Back,1981-82,Gross Value Added,Annual,,"Agriculture, Livestock, Forestry and Fishing",Fishing and Aquaculture,,,976,15680,₹ Crore
2011-12,Back,1981-82,Gross Value Added,Annual,,"Agriculture, Livestock, Forestry and Fishing",,,,54795,607853,₹ Crore
2011-12,Back,1981-82,Gross Value Added,Annual,,Mining and Quarrying,,,,4589,64848,₹ Crore
2011-12,Back,1981-82,Gross Value Added,Annual,,Manufacturing,"Food Products, Beverages and Tobacco",,,2261,17482,₹ Crore
2011-12,Back,1981-82,Gross Value Added,Annual,,Manufacturing,"Textiles, Apparel and Leather Products",,,4739,27655,₹ Crore
2011-12,Back,1981-82,Gross Value Added,Annual,,Manufacturing,Metal Products,,,6760,56461,₹ Crore
2011-12,Back,1981-82,Gross Value Added,Annual,,Manufacturing,Machinery and Equipment,,,3368,18251,₹ Crore
2011-12,Back,1981-82,Gross Value Added,Annual,,Manufacturing,Other Manufactured Goods,,,9094,64485,₹ Crore
2011-12,Back,1981-82,Gross Value Added,Annual,,Manufacturing,,,,28975,210874,₹ Crore
2011-12,Back,1981-82,Gross Value Added,Annual,,"Electricity, Gas, Water Supply & Other Utility Services",,,,3262,24008,₹ Crore
2011-12,Back,1981-82,Gross Value Added,Annual,,Construction,,,,8272,115262,₹ Crore
2011-12,Back,1981-82,Gross Value Added,Annual,,"Trade, Repair, Hotels and Restaurants",Trade & Repair Services,,,11364,103713,₹ Crore
2011-12,Back,1981-82,Gross Value Added,Annual,,"Trade, Repair, Hotels and Restaurants",Hotels & Restaurants,,,912,8319,₹ Crore
2011-12,Back,1981-82,Gross Value Added,Annual,,"Trade, Repair, Hotels and Restaurants",,,,12320,112408,₹ Crore
2011-12,Back,1981-82,Gross Value Added,Annual,,"Transport, Storage, Communication & Services Related to Broadcasting",Railways,,,2154,14082,₹ Crore
2011-12,Back,1981-82,Gross Value Added,Annual,,"Transport, Storage, Communication & Services Related to Broadcasting",Storage,,,139,1334,₹ Crore
2011-12,Back,1981-82,Gross Value Added,Annual,,"Transport, Storage, Communication & Services Related to Broadcasting",Communication & Services Related to Broadcasting,,,1145,5145,₹ Crore
2011-12,Back,1981-82,Gross Value Added,Annual,,"Transport, Storage, Communication & Services Related to Broadcasting",Transport by Other Means,,,3302,37062,₹ Crore
2011-12,Back,1981-82,Gross Value Added,Annual,,"Transport, Storage, Communication & Services Related to Broadcasting",,,,6709,53157,₹ Crore
2011-12,Back,1981-82,Gross Value Added,Annual,,Financial Services,,,,4515,33226,₹ Crore
2011-12,Back,1981-82,Gross Value Added,Annual,,"Real Estate, Ownership of Dwelling & Professional Services",,,,18307,136293,₹ Crore
2011-12,Back,1981-82,Gross Value Added,Annual,,Public Administration and Defence,,,,7999,77220,₹ Crore
2011-12,Back,1981-82,Gross Value Added,Annual,,Other Services,,,,8669,60703,₹ Crore
2011-12,Back,1981-82,Gross Value Added,Annual,,Total Gross Value Added,,,,156592,1445465,₹ Crore
2011-12,Back,1981-82,Gross Value Added,Annual,,,,,,156592,1445465,₹ Crore
2011-12,Back,1980-81,Gross Value Added,Annual,,"Agriculture, Livestock, Forestry and Fishing",Crops,,,31620,375036,₹ Crore
2011-12,Back,1980-81,Gross Value Added,Annual,,"Agriculture, Livestock, Forestry and Fishing",Livestock,,,9098,106366,₹ Crore
2011-12,Back,1980-81,Gross Value Added,Annual,,"Agriculture, Livestock, Forestry and Fishing",Forestry and Logging,,,8983,114122,₹ Crore
2011-12,Back,1980-81,Gross Value Added,Annual,,"Agriculture, Livestock, Forestry and Fishing",Fishing and Aquaculture,,,899,15546,₹ Crore
2011-12,Back,1980-81,Gross Value Added,Annual,,"Agriculture, Livestock, Forestry and Fishing",,,,48615,581112,₹ Crore
2011-12,Back,1980-81,Gross Value Added,Annual,,Mining and Quarrying,,,,2573,57053,₹ Crore
2011-12,Back,1980-81,Gross Value Added,Annual,,Manufacturing,"Food Products, Beverages and Tobacco",,,1898,14693,₹ Crore
2011-12,Back,1980-81,Gross Value Added,Annual,,Manufacturing,"Textiles, Apparel and Leather Products",,,4750,28305,₹ Crore
2011-12,Back,1980-81,Gross Value Added,Annual,,Manufacturing,Metal Products,,,5432,51987,₹ Crore
2011-12,Back,1980-81,Gross Value Added,Annual,,Manufacturing,Machinery and Equipment,,,2762,16559,₹ Crore
2011-12,Back,1980-81,Gross Value Added,Annual,,Manufacturing,Other Manufactured Goods,,,7441,59895,₹ Crore
2011-12,Back,1980-81,Gross Value Added,Annual,,Manufacturing,,,,24636,194948,₹ Crore
2011-12,Back,1980-81,Gross Value Added,Annual,,"Electricity, Gas, Water Supply & Other Utility Services",,,,2808,21929,₹ Crore
2011-12,Back,1980-81,Gross Value Added,Annual,,Construction,,,,7240,109277,₹ Crore
2011-12,Back,1980-81,Gross Value Added,Annual,,"Trade, Repair, Hotels and Restaurants",Trade & Repair Services,,,9270,97527,₹ Crore
2011-12,Back,1980-81,Gross Value Added,Annual,,"Trade, Repair, Hotels and Restaurants",Hotels & Restaurants,,,776,8553,₹ Crore
2011-12,Back,1980-81,Gross Value Added,Annual,,"Trade, Repair, Hotels and Restaurants",,,,10078,106348,₹ Crore
2011-12,Back,1980-81,Gross Value Added,Annual,,"Transport, Storage, Communication & Services Related to Broadcasting",Railways,,,1540,12910,₹ Crore
2011-12,Back,1980-81,Gross Value Added,Annual,,"Transport, Storage, Communication & Services Related to Broadcasting",Storage,,,116,1241,₹ Crore
2011-12,Back,1980-81,Gross Value Added,Annual,,"Transport, Storage, Communication & Services Related to Broadcasting",Communication & Services Related to Broadcasting,,,997,4774,₹ Crore
2011-12,Back,1980-81,Gross Value Added,Annual,,"Transport, Storage, Communication & Services Related to Broadcasting",Transport by Other Means,,,2788,34981,₹ Crore
2011-12,Back,1980-81,Gross Value Added,Annual,,"Transport, Storage, Communication & Services Related to Broadcasting",,,,5422,49670,₹ Crore
2011-12,Back,1980-81,Gross Value Added,Annual,,Financial Services,,,,3553,30976,₹ Crore
2011-12,Back,1980-81,Gross Value Added,Annual,,"Real Estate, Ownership of Dwelling & Professional Services",,,,16020,125572,₹ Crore
2011-12,Back,1980-81,Gross Value Added,Annual,,Public Administration and Defence,,,,6956,75526,₹ Crore
2011-12,Back,1980-81,Gross Value Added,Annual,,Other Services,,,,7686,59505,₹ Crore
2011-12,Back,1980-81,Gross Value Added,Annual,,Total Gross Value Added,,,,133744,1368481,₹ Crore
2011-12,Back,1980-81,Gross Value Added,Annual,,,,,,133744,1368481,₹ Crore
2011-12,Back,1979-80,Gross Value Added,Annual,,"Agriculture, Livestock, Forestry and Fishing",Crops,,,25008,327717,₹ Crore
2011-12,Back,1979-80,Gross Value Added,Annual,,"Agriculture, Livestock, Forestry and Fishing",Livestock,,,7270,93534,₹ Crore
2011-12,Back,1979-80,Gross Value Added,Annual,,"Agriculture, Livestock, Forestry and Fishing",Forestry and Logging,,,7529,115802,₹ Crore
2011-12,Back,1979-80,Gross Value Added,Annual,,"Agriculture, Livestock, Forestry and Fishing",Fishing and Aquaculture,,,750,15275,₹ Crore
2011-12,Back,1979-80,Gross Value Added,Annual,,"Agriculture, Livestock, Forestry and Fishing",,,,38651,514768,₹ Crore
2011-12,Back,1979-80,Gross Value Added,Annual,,Mining and Quarrying,,,,2064,50854,₹ Crore
2011-12,Back,1979-80,Gross Value Added,Annual,,Manufacturing,"Food Products, Beverages and Tobacco",,,1831,16624,₹ Crore
2011-12,Back,1979-80,Gross Value Added,Annual,,Manufacturing,"Textiles, Apparel and Leather Products",,,4386,27284,₹ Crore
2011-12,Back,1979-80,Gross Value Added,Annual,,Manufacturing,Metal Products,,,4635,48529,₹ Crore
2011-12,Back,1979-80,Gross Value Added,Annual,,Manufacturing,Machinery and Equipment,,,2379,16066,₹ Crore
2011-12,Back,1979-80,Gross Value Added,Annual,,Manufacturing,Other Manufactured Goods,,,6772,64067,₹ Crore
2011-12,Back,1979-80,Gross Value Added,Annual,,Manufacturing,,,,22058,194569,₹ Crore
2011-12,Back,1979-80,Gross Value Added,Annual,,"Electricity, Gas, Water Supply & Other Utility Services",,,,2428,20737,₹ Crore
2011-12,Back,1979-80,Gross Value Added,Annual,,Construction,,,,5564,96551,₹ Crore
2011-12,Back,1979-80,Gross Value Added,Annual,,"Trade, Repair, Hotels and Restaurants",Trade & Repair Services,,,7546,92674,₹ Crore
2011-12,Back,1979-80,Gross Value Added,Annual,,"Trade, Repair, Hotels and Restaurants",Hotels & Restaurants,,,618,8089,₹ Crore
2011-12,Back,1979-80,Gross Value Added,Annual,,"Trade, Repair, Hotels and Restaurants",,,,8187,101086,₹ Crore
2011-12,Back,1979-80,Gross Value Added,Annual,,"Transport, Storage, Communication & Services Related to Broadcasting",Railways,,,1520,12565,₹ Crore
2011-12,Back,1979-80,Gross Value Added,Annual,,"Transport, Storage, Communication & Services Related to Broadcasting",Storage,,,98,1284,₹ Crore
2011-12,Back,1979-80,Gross Value Added,Annual,,"Transport, Storage, Communication & Services Related to Broadcasting",Communication & Services Related to Broadcasting,,,950,4457,₹ Crore
2011-12,Back,1979-80,Gross Value Added,Annual,,"Transport, Storage, Communication & Services Related to Broadcasting",Transport by Other Means,,,2534,32106,₹ Crore
2011-12,Back,1979-80,Gross Value Added,Annual,,"Transport, Storage, Communication & Services Related to Broadcasting",,,,5082,46546,₹ Crore
2011-12,Back,1979-80,Gross Value Added,Annual,,Financial Services,,,,2923,31013,₹ Crore
2011-12,Back,1979-80,Gross Value Added,Annual,,"Real Estate, Ownership of Dwelling & Professional Services",,,,14926,121897,₹ Crore
2011-12,Back,1979-80,Gross Value Added,Annual,,Public Administration and Defence,,,,6257,73715,₹ Crore
2011-12,Back,1979-80,Gross Value Added,Annual,,Other Services,,,,6512,58412,₹ Crore
2011-12,Back,1979-80,Gross Value Added,Annual,,Total Gross Value Added,,,,111911,1276924,₹ Crore
2011-12,Back,1979-80,Gross Value Added,Annual,,,,,,111911,1276923,₹ Crore
2011-12,Back,1978-79,Gross Value Added,Annual,,"Agriculture, Livestock, Forestry and Fishing",Crops,,,24434,378260,₹ Crore
2011-12,Back,1978-79,Gross Value Added,Annual,,"Agriculture, Livestock, Forestry and Fishing",Livestock,,,7132,107894,₹ Crore
2011-12,Back,1978-79,Gross Value Added,Annual,,"Agriculture, Livestock, Forestry and Fishing",Forestry and Logging,,,6328,127102,₹ Crore
2011-12,Back,1978-79,Gross Value Added,Annual,,"Agriculture, Livestock, Forestry and Fishing",Fishing and Aquaculture,,,720,15377,₹ Crore
2011-12,Back,1978-79,Gross Value Added,Annual,,"Agriculture, Livestock, Forestry and Fishing",,,,37361,590159,₹ Crore
2011-12,Back,1978-79,Gross Value Added,Annual,,Mining and Quarrying,,,,1654,50312,₹ Crore
2011-12,Back,1978-79,Gross Value Added,Annual,,Manufacturing,"Food Products, Beverages and Tobacco",,,1693,18932,₹ Crore
2011-12,Back,1978-79,Gross Value Added,Annual,,Manufacturing,"Textiles, Apparel and Leather Products",,,3564,26956,₹ Crore
2011-12,Back,1978-79,Gross Value Added,Annual,,Manufacturing,Metal Products,,,4098,51109,₹ Crore
2011-12,Back,1978-79,Gross Value Added,Annual,,Manufacturing,Machinery and Equipment,,,1992,16320,₹ Crore
2011-12,Back,1978-79,Gross Value Added,Annual,,Manufacturing,Other Manufactured Goods,,,5952,65268,₹ Crore
2011-12,Back,1978-79,Gross Value Added,Annual,,Manufacturing,,,,19262,201045,₹ Crore
2011-12,Back,1978-79,Gross Value Added,Annual,,"Electricity, Gas, Water Supply & Other Utility Services",,,,2101,20484,₹ Crore
2011-12,Back,1978-79,Gross Value Added,Annual,,Construction,,,,5513,101931,₹ Crore
2011-12,Back,1978-79,Gross Value Added,Annual,,"Trade, Repair, Hotels and Restaurants",Trade & Repair Services,,,6400,95869,₹ Crore
2011-12,Back,1978-79,Gross Value Added,Annual,,"Trade, Repair, Hotels and Restaurants",Hotels & Restaurants,,,518,8383,₹ Crore
2011-12,Back,1978-79,Gross Value Added,Annual,,"Trade, Repair, Hotels and Restaurants",,,,6943,104462,₹ Crore
2011-12,Back,1978-79,Gross Value Added,Annual,,"Transport, Storage, Communication & Services Related to Broadcasting",Railways,,,1493,12382,₹ Crore
2011-12,Back,1978-79,Gross Value Added,Annual,,"Transport, Storage, Communication & Services Related to Broadcasting",Storage,,,82,1179,₹ Crore
2011-12,Back,1978-79,Gross Value Added,Annual,,"Transport, Storage, Communication & Services Related to Broadcasting",Communication & Services Related to Broadcasting,,,874,4122,₹ Crore
2011-12,Back,1978-79,Gross Value Added,Annual,,"Transport, Storage, Communication & Services Related to Broadcasting",Transport by Other Means,,,2462,30033,₹ Crore
2011-12,Back,1978-79,Gross Value Added,Annual,,"Transport, Storage, Communication & Services Related to Broadcasting",,,,4615,44056,₹ Crore
2011-12,Back,1978-79,Gross Value Added,Annual,,Financial Services,,,,2634,32121,₹ Crore
2011-12,Back,1978-79,Gross Value Added,Annual,,"Real Estate, Ownership of Dwelling & Professional Services",,,,13775,117909,₹ Crore
2011-12,Back,1978-79,Gross Value Added,Annual,,Public Administration and Defence,,,,5524,68848,₹ Crore
2011-12,Back,1978-79,Gross Value Added,Annual,,Other Services,,,,5872,54337,₹ Crore
2011-12,Back,1978-79,Gross Value Added,Annual,,Total Gross Value Added,,,,102558,1346987,₹ Crore
2011-12,Back,1978-79,Gross Value Added,Annual,,,,,,102558,1346987,₹ Crore
2011-12,Back,1977-78,Gross Value Added,Annual,,"Agriculture, Livestock, Forestry and Fishing",Crops,,,24004,370868,₹ Crore
2011-12,Back,1977-78,Gross Value Added,Annual,,"Agriculture, Livestock, Forestry and Fishing",Livestock,,,7022,105903,₹ Crore
2011-12,Back,1977-78,Gross Value Added,Annual,,"Agriculture, Livestock, Forestry and Fishing",Forestry and Logging,,,5585,120560,₹ Crore
2011-12,Back,1977-78,Gross Value Added,Annual,,"Agriculture, Livestock, Forestry and Fishing",Fishing and Aquaculture,,,603,14669,₹ Crore
2011-12,Back,1977-78,Gross Value Added,Annual,,"Agriculture, Livestock, Forestry and Fishing",,,,36353,576876,₹ Crore
2011-12,Back,1977-78,Gross Value Added,Annual,,Mining and Quarrying,,,,1521,48983,₹ Crore
2011-12,Back,1977-78,Gross Value Added,Annual,,Manufacturing,"Food Products, Beverages and Tobacco",,,1707,16692,₹ Crore
2011-12,Back,1977-78,Gross Value Added,Annual,,Manufacturing,"Textiles, Apparel and Leather Products",,,3011,22660,₹ Crore
2011-12,Back,1977-78,Gross Value Added,Annual,,Manufacturing,Metal Products,,,3548,47846,₹ Crore
2011-12,Back,1977-78,Gross Value Added,Annual,,Manufacturing,Machinery and Equipment,,,1593,13857,₹ Crore
2011-12,Back,1977-78,Gross Value Added,Annual,,Manufacturing,Other Manufactured Goods,,,5315,62982,₹ Crore
2011-12,Back,1977-78,Gross Value Added,Annual,,Manufacturing,,,,16727,178942,₹ Crore
2011-12,Back,1977-78,Gross Value Added,Annual,,"Electricity, Gas, Water Supply & Other Utility Services",,,,1759,18387,₹ Crore
2011-12,Back,1977-78,Gross Value Added,Annual,,Construction,,,,5372,104256,₹ Crore
2011-12,Back,1977-78,Gross Value Added,Annual,,"Trade, Repair, Hotels and Restaurants",Trade & Repair Services,,,5989,88184,₹ Crore
2011-12,Back,1977-78,Gross Value Added,Annual,,"Trade, Repair, Hotels and Restaurants",Hotels & Restaurants,,,495,7716,₹ Crore
2011-12,Back,1977-78,Gross Value Added,Annual,,"Trade, Repair, Hotels and Restaurants",,,,6505,96084,₹ Crore
2011-12,Back,1977-78,Gross Value Added,Annual,,"Transport, Storage, Communication & Services Related to Broadcasting",Railways,,,1551,12473,₹ Crore
2011-12,Back,1977-78,Gross Value Added,Annual,,"Transport, Storage, Communication & Services Related to Broadcasting",Storage,,,76,1083,₹ Crore
2011-12,Back,1977-78,Gross Value Added,Annual,,"Transport, Storage, Communication & Services Related to Broadcasting",Communication & Services Related to Broadcasting,,,749,3865,₹ Crore
2011-12,Back,1977-78,Gross Value Added,Annual,,"Transport, Storage, Communication & Services Related to Broadcasting",Transport by Other Means,,,1942,27455,₹ Crore
2011-12,Back,1977-78,Gross Value Added,Annual,,"Transport, Storage, Communication & Services Related to Broadcasting",,,,3966,41226,₹ Crore
2011-12,Back,1977-78,Gross Value Added,Annual,,Financial Services,,,,2425,27749,₹ Crore
2011-12,Back,1977-78,Gross Value Added,Annual,,"Real Estate, Ownership of Dwelling & Professional Services",,,,12802,114162,₹ Crore
2011-12,Back,1977-78,Gross Value Added,Annual,,Public Administration and Defence,,,,5004,64114,₹ Crore
2011-12,Back,1977-78,Gross Value Added,Annual,,Other Services,,,,5352,53417,₹ Crore
2011-12,Back,1977-78,Gross Value Added,Annual,,Total Gross Value Added,,,,95425,1276734,₹ Crore
2011-12,Back,1977-78,Gross Value Added,Annual,,,,,,95425,1276733,₹ Crore
2011-12,Back,1976-77,Gross Value Added,Annual,,"Agriculture, Livestock, Forestry and Fishing",Crops,,,20182,329617,₹ Crore
2011-12,Back,1976-77,Gross Value Added,Annual,,"Agriculture, Livestock, Forestry and Fishing",Livestock,,,5893,94262,₹ Crore
2011-12,Back,1976-77,Gross Value Added,Annual,,"Agriculture, Livestock, Forestry and Fishing",Forestry and Logging,,,4838,136198,₹ Crore
2011-12,Back,1976-77,Gross Value Added,Annual,,"Agriculture, Livestock, Forestry and Fishing",Fishing and Aquaculture,,,586,14669,₹ Crore
2011-12,Back,1976-77,Gross Value Added,Annual,,"Agriculture, Livestock, Forestry and Fishing",,,,30704,524260,₹ Crore
2011-12,Back,1976-77,Gross Value Added,Annual,,Mining and Quarrying,,,,1376,47495,₹ Crore
2011-12,Back,1976-77,Gross Value Added,Annual,,Manufacturing,"Food Products, Beverages and Tobacco",,,1512,15418,₹ Crore
2011-12,Back,1976-77,Gross Value Added,Annual,,Manufacturing,"Textiles, Apparel and Leather Products",,,2538,20806,₹ Crore
2011-12,Back,1976-77,Gross Value Added,Annual,,Manufacturing,Metal Products,,,3424,47128,₹ Crore
2011-12,Back,1976-77,Gross Value Added,Annual,,Manufacturing,Machinery and Equipment,,,1495,13341,₹ Crore
2011-12,Back,1976-77,Gross Value Added,Annual,,Manufacturing,Other Manufactured Goods,,,4924,62567,₹ Crore
2011-12,Back,1976-77,Gross Value Added,Annual,,Manufacturing,,,,14933,168458,₹ Crore
2011-12,Back,1976-77,Gross Value Added,Annual,,"Electricity, Gas, Water Supply & Other Utility Services",,,,1540,17550,₹ Crore
2011-12,Back,1976-77,Gross Value Added,Annual,,Construction,,,,4625,94674,₹ Crore
2011-12,Back,1976-77,Gross Value Added,Annual,,"Trade, Repair, Hotels and Restaurants",Trade & Repair Services,,,5248,81446,₹ Crore
2011-12,Back,1976-77,Gross Value Added,Annual,,"Trade, Repair, Hotels and Restaurants",Hotels & Restaurants,,,433,7117,₹ Crore
2011-12,Back,1976-77,Gross Value Added,Annual,,"Trade, Repair, Hotels and Restaurants",,,,5699,88682,₹ Crore
2011-12,Back,1976-77,Gross Value Added,Annual,,"Transport, Storage, Communication & Services Related to Broadcasting",Railways,,,1529,11888,₹ Crore
2011-12,Back,1976-77,Gross Value Added,Annual,,"Transport, Storage, Communication & Services Related to Broadcasting",Storage,,,71,1085,₹ Crore
2011-12,Back,1976-77,Gross Value Added,Annual,,"Transport, Storage, Communication & Services Related to Broadcasting",Communication & Services Related to Broadcasting,,,680,3691,₹ Crore
2011-12,Back,1976-77,Gross Value Added,Annual,,"Transport, Storage, Communication & Services Related to Broadcasting",Transport by Other Means,,,1654,27112,₹ Crore
2011-12,Back,1976-77,Gross Value Added,Annual,,"Transport, Storage, Communication & Services Related to Broadcasting",,,,3641,40203,₹ Crore
2011-12,Back,1976-77,Gross Value Added,Annual,,Financial Services,,,,2194,25512,₹ Crore
2011-12,Back,1976-77,Gross Value Added,Annual,,"Real Estate, Ownership of Dwelling & Professional Services",,,,11801,110566,₹ Crore
2011-12,Back,1976-77,Gross Value Added,Annual,,Public Administration and Defence,,,,4665,61551,₹ Crore
2011-12,Back,1976-77,Gross Value Added,Annual,,Other Services,,,,4869,52607,₹ Crore
2011-12,Back,1976-77,Gross Value Added,Annual,,Total Gross Value Added,,,,83611,1187992,₹ Crore
2011-12,Back,1976-77,Gross Value Added,Annual,,,,,,83611,1187992,₹ Crore
2011-12,Back,1975-76,Gross Value Added,Annual,,"Agriculture, Livestock, Forestry and Fishing",Crops,,,19844,350962,₹ Crore
2011-12,Back,1975-76,Gross Value Added,Annual,,"Agriculture, Livestock, Forestry and Fishing",Livestock,,,5810,100429,₹ Crore
2011-12,Back,1975-76,Gross Value Added,Annual,,"Agriculture, Livestock, Forestry and Fishing",Forestry and Logging,,,4464,140886,₹ Crore
2011-12,Back,1975-76,Gross Value Added,Annual,,"Agriculture, Livestock, Forestry and Fishing",Fishing and Aquaculture,,,554,15176,₹ Crore
2011-12,Back,1975-76,Gross Value Added,Annual,,"Agriculture, Livestock, Forestry and Fishing",,,,30054,556410,₹ Crore
2011-12,Back,1975-76,Gross Value Added,Annual,,Mining and Quarrying,,,,1203,45867,₹ Crore
2011-12,Back,1975-76,Gross Value Added,Annual,,Manufacturing,"Food Products, Beverages and Tobacco",,,1315,13920,₹ Crore
2011-12,Back,1975-76,Gross Value Added,Annual,,Manufacturing,"Textiles, Apparel and Leather Products",,,2390,20589,₹ Crore
2011-12,Back,1975-76,Gross Value Added,Annual,,Manufacturing,Metal Products,,,2960,41901,₹ Crore
2011-12,Back,1975-76,Gross Value Added,Annual,,Manufacturing,Machinery and Equipment,,,1328,11487,₹ Crore
2011-12,Back,1975-76,Gross Value Added,Annual,,Manufacturing,Other Manufactured Goods,,,4403,55421,₹ Crore
2011-12,Back,1975-76,Gross Value Added,Annual,,Manufacturing,,,,13496,154875,₹ Crore
2011-12,Back,1975-76,Gross Value Added,Annual,,"Electricity, Gas, Water Supply & Other Utility Services",,,,1161,15743,₹ Crore
2011-12,Back,1975-76,Gross Value Added,Annual,,Construction,,,,3909,86239,₹ Crore
2011-12,Back,1975-76,Gross Value Added,Annual,,"Trade, Repair, Hotels and Restaurants",Trade & Repair Services,,,5040,78674,₹ Crore
2011-12,Back,1975-76,Gross Value Added,Annual,,"Trade, Repair, Hotels and Restaurants",Hotels & Restaurants,,,418,6862,₹ Crore
2011-12,Back,1975-76,Gross Value Added,Annual,,"Trade, Repair, Hotels and Restaurants",,,,5471,85769,₹ Crore
2011-12,Back,1975-76,Gross Value Added,Annual,,"Transport, Storage, Communication & Services Related to Broadcasting",Railways,,,1238,11105,₹ Crore
2011-12,Back,1975-76,Gross Value Added,Annual,,"Transport, Storage, Communication & Services Related to Broadcasting",Storage,,,51,798,₹ Crore
2011-12,Back,1975-76,Gross Value Added,Annual,,"Transport, Storage, Communication & Services Related to Broadcasting",Communication & Services Related to Broadcasting,,,511,3404,₹ Crore
2011-12,Back,1975-76,Gross Value Added,Annual,,"Transport, Storage, Communication & Services Related to Broadcasting",Transport by Other Means,,,1405,25612,₹ Crore
2011-12,Back,1975-76,Gross Value Added,Annual,,"Transport, Storage, Communication & Services Related to Broadcasting",,,,3070,37521,₹ Crore
2011-12,Back,1975-76,Gross Value Added,Annual,,Financial Services,,,,1852,21059,₹ Crore
2011-12,Back,1975-76,Gross Value Added,Annual,,"Real Estate, Ownership of Dwelling & Professional Services",,,,10862,107217,₹ Crore
2011-12,Back,1975-76,Gross Value Added,Annual,,Public Administration and Defence,,,,4363,59058,₹ Crore
2011-12,Back,1975-76,Gross Value Added,Annual,,Other Services,,,,4323,51816,₹ Crore
2011-12,Back,1975-76,Gross Value Added,Annual,,Total Gross Value Added,,,,77782,1173326,₹ Crore
2011-12,Back,1975-76,Gross Value Added,Annual,,,,,,77782,1173326,₹ Crore
2011-12,Back,1974-75,Gross Value Added,Annual,,"Agriculture, Livestock, Forestry and Fishing",Crops,,,20147,307334,₹ Crore
2011-12,Back,1974-75,Gross Value Added,Annual,,"Agriculture, Livestock, Forestry and Fishing",Livestock,,,5904,88065,₹ Crore
2011-12,Back,1974-75,Gross Value Added,Annual,,"Agriculture, Livestock, Forestry and Fishing",Forestry and Logging,,,4365,137108,₹ Crore
2011-12,Back,1974-75,Gross Value Added,Annual,,"Agriculture, Livestock, Forestry and Fishing",Fishing and Aquaculture,,,443,14299,₹ Crore
2011-12,Back,1974-75,Gross Value Added,Annual,,"Agriculture, Livestock, Forestry and Fishing",,,,30322,492879,₹ Crore
2011-12,Back,1974-75,Gross Value Added,Annual,,Mining and Quarrying,,,,946,40906,₹ Crore
2011-12,Back,1974-75,Gross Value Added,Annual,,Manufacturing,"Food Products, Beverages and Tobacco",,,1141,12197,₹ Crore
2011-12,Back,1974-75,Gross Value Added,Annual,,Manufacturing,"Textiles, Apparel and Leather Products",,,2572,20838,₹ Crore
2011-12,Back,1974-75,Gross Value Added,Annual,,Manufacturing,Metal Products,,,2707,41529,₹ Crore
2011-12,Back,1974-75,Gross Value Added,Annual,,Manufacturing,Machinery and Equipment,,,1278,12195,₹ Crore
2011-12,Back,1974-75,Gross Value Added,Annual,,Manufacturing,Other Manufactured Goods,,,4143,54247,₹ Crore
2011-12,Back,1974-75,Gross Value Added,Annual,,Manufacturing,,,,12975,151678,₹ Crore
2011-12,Back,1974-75,Gross Value Added,Annual,,"Electricity, Gas, Water Supply & Other Utility Services",,,,949,13753,₹ Crore
2011-12,Back,1974-75,Gross Value Added,Annual,,Construction,,,,3128,75479,₹ Crore
2011-12,Back,1974-75,Gross Value Added,Annual,,"Trade, Repair, Hotels and Restaurants",Trade & Repair Services,,,4419,71847,₹ Crore
2011-12,Back,1974-75,Gross Value Added,Annual,,"Trade, Repair, Hotels and Restaurants",Hotels & Restaurants,,,392,6266,₹ Crore
2011-12,Back,1974-75,Gross Value Added,Annual,,"Trade, Repair, Hotels and Restaurants",,,,4813,78433,₹ Crore
2011-12,Back,1974-75,Gross Value Added,Annual,,"Transport, Storage, Communication & Services Related to Broadcasting",Railways,,,1015,9887,₹ Crore
2011-12,Back,1974-75,Gross Value Added,Annual,,"Transport, Storage, Communication & Services Related to Broadcasting",Storage,,,37,555,₹ Crore
2011-12,Back,1974-75,Gross Value Added,Annual,,"Transport, Storage, Communication & Services Related to Broadcasting",Communication & Services Related to Broadcasting,,,446,3189,₹ Crore
2011-12,Back,1974-75,Gross Value Added,Annual,,"Transport, Storage, Communication & Services Related to Broadcasting",Transport by Other Means,,,1235,23893,₹ Crore
2011-12,Back,1974-75,Gross Value Added,Annual,,"Transport, Storage, Communication & Services Related to Broadcasting",,,,2723,34641,₹ Crore
2011-12,Back,1974-75,Gross Value Added,Annual,,Financial Services,,,,1437,17735,₹ Crore
2011-12,Back,1974-75,Gross Value Added,Annual,,"Real Estate, Ownership of Dwelling & Professional Services",,,,9987,103898,₹ Crore
2011-12,Back,1974-75,Gross Value Added,Annual,,Public Administration and Defence,,,,3847,56225,₹ Crore
2011-12,Back,1974-75,Gross Value Added,Annual,,Other Services,,,,3868,50676,₹ Crore
2011-12,Back,1974-75,Gross Value Added,Annual,,Total Gross Value Added,,,,73236,1076402,₹ Crore
2011-12,Back,1974-75,Gross Value Added,Annual,,,,,,73236,1076402,₹ Crore
2011-12,Back,1973-74,Gross Value Added,Annual,,"Agriculture, Livestock, Forestry and Fishing",Crops,,,18493,316042,₹ Crore
2011-12,Back,1973-74,Gross Value Added,Annual,,"Agriculture, Livestock, Forestry and Fishing",Livestock,,,5437,90517,₹ Crore
2011-12,Back,1973-74,Gross Value Added,Annual,,"Agriculture, Livestock, Forestry and Fishing",Forestry and Logging,,,3660,126122,₹ Crore
2011-12,Back,1973-74,Gross Value Added,Annual,,"Agriculture, Livestock, Forestry and Fishing",Fishing and Aquaculture,,,383,13284,₹ Crore
2011-12,Back,1973-74,Gross Value Added,Annual,,"Agriculture, Livestock, Forestry and Fishing",,,,27677,500504,₹ Crore
2011-12,Back,1973-74,Gross Value Added,Annual,,Mining and Quarrying,,,,663,38975,₹ Crore
2011-12,Back,1973-74,Gross Value Added,Annual,,Manufacturing,"Food Products, Beverages and Tobacco",,,914,11311,₹ Crore
2011-12,Back,1973-74,Gross Value Added,Annual,,Manufacturing,"Textiles, Apparel and Leather Products",,,2111,20019,₹ Crore
2011-12,Back,1973-74,Gross Value Added,Annual,,Manufacturing,Metal Products,,,1992,37701,₹ Crore
2011-12,Back,1973-74,Gross Value Added,Annual,,Manufacturing,Machinery and Equipment,,,1011,12316,₹ Crore
2011-12,Back,1973-74,Gross Value Added,Annual,,Manufacturing,Other Manufactured Goods,,,2901,52503,₹ Crore
2011-12,Back,1973-74,Gross Value Added,Annual,,Manufacturing,,,,10096,147382,₹ Crore
2011-12,Back,1973-74,Gross Value Added,Annual,,"Electricity, Gas, Water Supply & Other Utility Services",,,,738,13157,₹ Crore
2011-12,Back,1973-74,Gross Value Added,Annual,,Construction,,,,2856,77961,₹ Crore
2011-12,Back,1973-74,Gross Value Added,Annual,,"Trade, Repair, Hotels and Restaurants",Trade & Repair Services,,,3285,68662,₹ Crore
2011-12,Back,1973-74,Gross Value Added,Annual,,"Trade, Repair, Hotels and Restaurants",Hotels & Restaurants,,,289,5989,₹ Crore
2011-12,Back,1973-74,Gross Value Added,Annual,,"Trade, Repair, Hotels and Restaurants",,,,3577,75007,₹ Crore
2011-12,Back,1973-74,Gross Value Added,Annual,,"Transport, Storage, Communication & Services Related to Broadcasting",Railways,,,802,9439,₹ Crore
2011-12,Back,1973-74,Gross Value Added,Annual,,"Transport, Storage, Communication & Services Related to Broadcasting",Storage,,,32,515,₹ Crore
2011-12,Back,1973-74,Gross Value Added,Annual,,"Transport, Storage, Communication & Services Related to Broadcasting",Communication & Services Related to Broadcasting,,,391,3063,₹ Crore
2011-12,Back,1973-74,Gross Value Added,Annual,,"Transport, Storage, Communication & Services Related to Broadcasting",Transport by Other Means,,,1053,21416,₹ Crore
2011-12,Back,1973-74,Gross Value Added,Annual,,"Transport, Storage, Communication & Services Related to Broadcasting",,,,2156,31560,₹ Crore
2011-12,Back,1973-74,Gross Value Added,Annual,,Financial Services,,,,1147,19596,₹ Crore
2011-12,Back,1973-74,Gross Value Added,Annual,,"Real Estate, Ownership of Dwelling & Professional Services",,,,9137,100798,₹ Crore
2011-12,Back,1973-74,Gross Value Added,Annual,,Public Administration and Defence,,,,2999,54120,₹ Crore
2011-12,Back,1973-74,Gross Value Added,Annual,,Other Services,,,,3135,48130,₹ Crore
2011-12,Back,1973-74,Gross Value Added,Annual,,Total Gross Value Added,,,,62218,1064051,₹ Crore
2011-12,Back,1973-74,Gross Value Added,Annual,,,,,,62218,1064051,₹ Crore
2011-12,Back,1972-73,Gross Value Added,Annual,,"Agriculture, Livestock, Forestry and Fishing",Crops,,,13977,291482,₹ Crore
2011-12,Back,1972-73,Gross Value Added,Annual,,"Agriculture, Livestock, Forestry and Fishing",Livestock,,,4097,83522,₹ Crore
2011-12,Back,1972-73,Gross Value Added,Annual,,"Agriculture, Livestock, Forestry and Fishing",Forestry and Logging,,,2966,129761,₹ Crore
2011-12,Back,1972-73,Gross Value Added,Annual,,"Agriculture, Livestock, Forestry and Fishing",Fishing and Aquaculture,,,298,12914,₹ Crore
2011-12,Back,1972-73,Gross Value Added,Annual,,"Agriculture, Livestock, Forestry and Fishing",,,,21003,466879,₹ Crore
2011-12,Back,1972-73,Gross Value Added,Annual,,Mining and Quarrying,,,,580,38490,₹ Crore
2011-12,Back,1972-73,Gross Value Added,Annual,,Manufacturing,"Food Products, Beverages and Tobacco",,,894,12818,₹ Crore
2011-12,Back,1972-73,Gross Value Added,Annual,,Manufacturing,"Textiles, Apparel and Leather Products",,,1573,17796,₹ Crore
2011-12,Back,1972-73,Gross Value Added,Annual,,Manufacturing,Metal Products,,,1544,34098,₹ Crore
2011-12,Back,1972-73,Gross Value Added,Annual,,Manufacturing,Machinery and Equipment,,,984,13125,₹ Crore
2011-12,Back,1972-73,Gross Value Added,Annual,,Manufacturing,Other Manufactured Goods,,,2663,53345,₹ Crore
2011-12,Back,1972-73,Gross Value Added,Annual,,Manufacturing,,,,8343,141104,₹ Crore
2011-12,Back,1972-73,Gross Value Added,Annual,,"Electricity, Gas, Water Supply & Other Utility Services",,,,683,12868,₹ Crore
2011-12,Back,1972-73,Gross Value Added,Annual,,Construction,,,,2771,83377,₹ Crore
2011-12,Back,1972-73,Gross Value Added,Annual,,"Trade, Repair, Hotels and Restaurants",Trade & Repair Services,,,2651,65848,₹ Crore
2011-12,Back,1972-73,Gross Value Added,Annual,,"Trade, Repair, Hotels and Restaurants",Hotels & Restaurants,,,233,5743,₹ Crore
2011-12,Back,1972-73,Gross Value Added,Annual,,"Trade, Repair, Hotels and Restaurants",,,,2886,71964,₹ Crore
2011-12,Back,1972-73,Gross Value Added,Annual,,"Transport, Storage, Communication & Services Related to Broadcasting",Railways,,,901,10163,₹ Crore
2011-12,Back,1972-73,Gross Value Added,Annual,,"Transport, Storage, Communication & Services Related to Broadcasting",Storage,,,30,545,₹ Crore
2011-12,Back,1972-73,Gross Value Added,Annual,,"Transport, Storage, Communication & Services Related to Broadcasting",Communication & Services Related to Broadcasting,,,345,2854,₹ Crore
2011-12,Back,1972-73,Gross Value Added,Annual,,"Transport, Storage, Communication & Services Related to Broadcasting",Transport by Other Means,,,901,19733,₹ Crore
2011-12,Back,1972-73,Gross Value Added,Annual,,"Transport, Storage, Communication & Services Related to Broadcasting",,,,1944,30311,₹ Crore
2011-12,Back,1972-73,Gross Value Added,Annual,,Financial Services,,,,923,19469,₹ Crore
2011-12,Back,1972-73,Gross Value Added,Annual,,"Real Estate, Ownership of Dwelling & Professional Services",,,,8411,97720,₹ Crore
2011-12,Back,1972-73,Gross Value Added,Annual,,Public Administration and Defence,,,,2646,51598,₹ Crore
2011-12,Back,1972-73,Gross Value Added,Annual,,Other Services,,,,2810,47631,₹ Crore
2011-12,Back,1972-73,Gross Value Added,Annual,,Total Gross Value Added,,,,50769,1017729,₹ Crore
2011-12,Back,1972-73,Gross Value Added,Annual,,,,,,50769,1017729,₹ Crore
2011-12,Back,1971-72,Gross Value Added,Annual,,"Agriculture, Livestock, Forestry and Fishing",Crops,,,12736,308862,₹ Crore
2011-12,Back,1971-72,Gross Value Added,Annual,,"Agriculture, Livestock, Forestry and Fishing",Livestock,,,3739,88545,₹ Crore
2011-12,Back,1971-72,Gross Value Added,Annual,,"Agriculture, Livestock, Forestry and Fishing",Forestry and Logging,,,2630,130880,₹ Crore
2011-12,Back,1971-72,Gross Value Added,Annual,,"Agriculture, Livestock, Forestry and Fishing",Fishing and Aquaculture,,,257,12576,₹ Crore
2011-12,Back,1971-72,Gross Value Added,Annual,,"Agriculture, Livestock, Forestry and Fishing",,,,19095,491548,₹ Crore
2011-12,Back,1971-72,Gross Value Added,Annual,,Mining and Quarrying,,,,538,36343,₹ Crore
2011-12,Back,1971-72,Gross Value Added,Annual,,Manufacturing,"Food Products, Beverages and Tobacco",,,755,12400,₹ Crore
2011-12,Back,1971-72,Gross Value Added,Annual,,Manufacturing,"Textiles, Apparel and Leather Products",,,1386,16512,₹ Crore
2011-12,Back,1971-72,Gross Value Added,Annual,,Manufacturing,Metal Products,,,1482,36308,₹ Crore
2011-12,Back,1971-72,Gross Value Added,Annual,,Manufacturing,Machinery and Equipment,,,857,12304,₹ Crore
2011-12,Back,1971-72,Gross Value Added,Annual,,Manufacturing,Other Manufactured Goods,,,2493,52359,₹ Crore
2011-12,Back,1971-72,Gross Value Added,Annual,,Manufacturing,,,,7509,135780,₹ Crore
2011-12,Back,1971-72,Gross Value Added,Annual,,"Electricity, Gas, Water Supply & Other Utility Services",,,,632,12301,₹ Crore
2011-12,Back,1971-72,Gross Value Added,Annual,,Construction,,,,2542,81464,₹ Crore
2011-12,Back,1971-72,Gross Value Added,Annual,,"Trade, Repair, Hotels and Restaurants",Trade & Repair Services,,,2403,65633,₹ Crore
2011-12,Back,1971-72,Gross Value Added,Annual,,"Trade, Repair, Hotels and Restaurants",Hotels & Restaurants,,,202,5724,₹ Crore
2011-12,Back,1971-72,Gross Value Added,Annual,,"Trade, Repair, Hotels and Restaurants",,,,2609,71696,₹ Crore
2011-12,Back,1971-72,Gross Value Added,Annual,,"Transport, Storage, Communication & Services Related to Broadcasting",Railways,,,884,9761,₹ Crore
2011-12,Back,1971-72,Gross Value Added,Annual,,"Transport, Storage, Communication & Services Related to Broadcasting",Storage,,,28,525,₹ Crore
2011-12,Back,1971-72,Gross Value Added,Annual,,"Transport, Storage, Communication & Services Related to Broadcasting",Communication & Services Related to Broadcasting,,,330,2704,₹ Crore
2011-12,Back,1971-72,Gross Value Added,Annual,,"Transport, Storage, Communication & Services Related to Broadcasting",Transport by Other Means,,,739,18035,₹ Crore
2011-12,Back,1971-72,Gross Value Added,Annual,,"Transport, Storage, Communication & Services Related to Broadcasting",,,,1773,28254,₹ Crore
2011-12,Back,1971-72,Gross Value Added,Annual,,Financial Services,,,,803,18314,₹ Crore
2011-12,Back,1971-72,Gross Value Added,Annual,,"Real Estate, Ownership of Dwelling & Professional Services",,,,7770,94877,₹ Crore
2011-12,Back,1971-72,Gross Value Added,Annual,,Public Administration and Defence,,,,2438,49782,₹ Crore
2011-12,Back,1971-72,Gross Value Added,Annual,,Other Services,,,,2549,46229,₹ Crore
2011-12,Back,1971-72,Gross Value Added,Annual,,Total Gross Value Added,,,,46153,1020982,₹ Crore
2011-12,Back,1971-72,Gross Value Added,Annual,,,,,,46153,1020982,₹ Crore
2011-12,Back,1970-71,Gross Value Added,Annual,,"Agriculture, Livestock, Forestry and Fishing",Crops,,,12525,317314,₹ Crore
2011-12,Back,1970-71,Gross Value Added,Annual,,"Agriculture, Livestock, Forestry and Fishing",Livestock,,,3697,90942,₹ Crore
2011-12,Back,1970-71,Gross Value Added,Annual,,"Agriculture, Livestock, Forestry and Fishing",Forestry and Logging,,,2398,125388,₹ Crore
2011-12,Back,1970-71,Gross Value Added,Annual,,"Agriculture, Livestock, Forestry and Fishing",Fishing and Aquaculture,,,240,11817,₹ Crore
2011-12,Back,1970-71,Gross Value Added,Annual,,"Agriculture, Livestock, Forestry and Fishing",,,,18692,500952,₹ Crore
2011-12,Back,1970-71,Gross Value Added,Annual,,Mining and Quarrying,,,,513,35408,₹ Crore
2011-12,Back,1970-71,Gross Value Added,Annual,,Manufacturing,"Food Products, Beverages and Tobacco",,,712,13539,₹ Crore
2011-12,Back,1970-71,Gross Value Added,Annual,,Manufacturing,"Textiles, Apparel and Leather Products",,,1290,16464,₹ Crore
2011-12,Back,1970-71,Gross Value Added,Annual,,Manufacturing,Metal Products,,,1376,35440,₹ Crore
2011-12,Back,1970-71,Gross Value Added,Annual,,Manufacturing,Machinery and Equipment,,,716,11014,₹ Crore
2011-12,Back,1970-71,Gross Value Added,Annual,,Manufacturing,Other Manufactured Goods,,,2316,50384,₹ Crore
2011-12,Back,1970-71,Gross Value Added,Annual,,Manufacturing,,,,6768,131484,₹ Crore
2011-12,Back,1970-71,Gross Value Added,Annual,,"Electricity, Gas, Water Supply & Other Utility Services",,,,579,11376,₹ Crore
2011-12,Back,1970-71,Gross Value Added,Annual,,Construction,,,,2311,81110,₹ Crore
2011-12,Back,1970-71,Gross Value Added,Annual,,"Trade, Repair, Hotels and Restaurants",Trade & Repair Services,,,2212,64393,₹ Crore
2011-12,Back,1970-71,Gross Value Added,Annual,,"Trade, Repair, Hotels and Restaurants",Hotels & Restaurants,,,186,5607,₹ Crore
2011-12,Back,1970-71,Gross Value Added,Annual,,"Trade, Repair, Hotels and Restaurants",,,,2402,70323,₹ Crore
2011-12,Back,1970-71,Gross Value Added,Annual,,"Transport, Storage, Communication & Services Related to Broadcasting",Railways,,,820,9347,₹ Crore
2011-12,Back,1970-71,Gross Value Added,Annual,,"Transport, Storage, Communication & Services Related to Broadcasting",Storage,,,26,515,₹ Crore
2011-12,Back,1970-71,Gross Value Added,Annual,,"Transport, Storage, Communication & Services Related to Broadcasting",Communication & Services Related to Broadcasting,,,297,2554,₹ Crore
2011-12,Back,1970-71,Gross Value Added,Annual,,"Transport, Storage, Communication & Services Related to Broadcasting",Transport by Other Means,,,677,17641,₹ Crore
2011-12,Back,1970-71,Gross Value Added,Annual,,"Transport, Storage, Communication & Services Related to Broadcasting",,,,1641,27378,₹ Crore
2011-12,Back,1970-71,Gross Value Added,Annual,,Financial Services,,,,683,16523,₹ Crore
2011-12,Back,1970-71,Gross Value Added,Annual,,"Real Estate, Ownership of Dwelling & Professional Services",,,,7181,91785,₹ Crore
2011-12,Back,1970-71,Gross Value Added,Annual,,Public Administration and Defence,,,,2172,46527,₹ Crore
2011-12,Back,1970-71,Gross Value Added,Annual,,Other Services,,,,2326,45077,₹ Crore
2011-12,Back,1970-71,Gross Value Added,Annual,,Total Gross Value Added,,,,43378,1010777,₹ Crore
2011-12,Back,1970-71,Gross Value Added,Annual,,,,,,43378,1010776,₹ Crore
2011-12,Back,1969-70,Gross Value Added,Annual,,"Agriculture, Livestock, Forestry and Fishing",Crops,,,12180,295421,₹ Crore
2011-12,Back,1969-70,Gross Value Added,Annual,,"Agriculture, Livestock, Forestry and Fishing",Livestock,,,3589,84778,₹ Crore
2011-12,Back,1969-70,Gross Value Added,Annual,,"Agriculture, Livestock, Forestry and Fishing",Forestry and Logging,,,2236,119580,₹ Crore
2011-12,Back,1969-70,Gross Value Added,Annual,,"Agriculture, Livestock, Forestry and Fishing",Fishing and Aquaculture,,,222,11514,₹ Crore
2011-12,Back,1969-70,Gross Value Added,Annual,,"Agriculture, Livestock, Forestry and Fishing",,,,18129,467777,₹ Crore
2011-12,Back,1969-70,Gross Value Added,Annual,,Mining and Quarrying,,,,491,38012,₹ Crore
2011-12,Back,1969-70,Gross Value Added,Annual,,Manufacturing,"Food Products, Beverages and Tobacco",,,1064,16582,₹ Crore
2011-12,Back,1969-70,Gross Value Added,Annual,,Manufacturing,"Textiles, Apparel and Leather Products",,,1269,18220,₹ Crore
2011-12,Back,1969-70,Gross Value Added,Annual,,Manufacturing,Metal Products,,,1128,30663,₹ Crore
2011-12,Back,1969-70,Gross Value Added,Annual,,Manufacturing,Machinery and Equipment,,,667,11035,₹ Crore
2011-12,Back,1969-70,Gross Value Added,Annual,,Manufacturing,Other Manufactured Goods,,,2112,47655,₹ Crore
2011-12,Back,1969-70,Gross Value Added,Annual,,Manufacturing,,,,6201,128467,₹ Crore
2011-12,Back,1969-70,Gross Value Added,Annual,,"Electricity, Gas, Water Supply & Other Utility Services",,,,511,10710,₹ Crore
2011-12,Back,1969-70,Gross Value Added,Annual,,Construction,,,,2184,81289,₹ Crore
2011-12,Back,1969-70,Gross Value Added,Annual,,"Trade, Repair, Hotels and Restaurants",Trade & Repair Services,,,1991,61113,₹ Crore
2011-12,Back,1969-70,Gross Value Added,Annual,,"Trade, Repair, Hotels and Restaurants",Hotels & Restaurants,,,172,5314,₹ Crore
2011-12,Back,1969-70,Gross Value Added,Annual,,"Trade, Repair, Hotels and Restaurants",,,,2165,66738,₹ Crore
2011-12,Back,1969-70,Gross Value Added,Annual,,"Transport, Storage, Communication & Services Related to Broadcasting",Railways,,,784,9071,₹ Crore
2011-12,Back,1969-70,Gross Value Added,Annual,,"Transport, Storage, Communication & Services Related to Broadcasting",Storage,,,22,545,₹ Crore
2011-12,Back,1969-70,Gross Value Added,Annual,,"Transport, Storage, Communication & Services Related to Broadcasting",Communication & Services Related to Broadcasting,,,253,2357,₹ Crore
2011-12,Back,1969-70,Gross Value Added,Annual,,"Transport, Storage, Communication & Services Related to Broadcasting",Transport by Other Means,,,639,17133,₹ Crore
2011-12,Back,1969-70,Gross Value Added,Annual,,"Transport, Storage, Communication & Services Related to Broadcasting",,,,1510,26440,₹ Crore
2011-12,Back,1969-70,Gross Value Added,Annual,,Financial Services,,,,570,15160,₹ Crore
2011-12,Back,1969-70,Gross Value Added,Annual,,"Real Estate, Ownership of Dwelling & Professional Services",,,,6706,89517,₹ Crore
2011-12,Back,1969-70,Gross Value Added,Annual,,Public Administration and Defence,,,,1990,42906,₹ Crore
2011-12,Back,1969-70,Gross Value Added,Annual,,Other Services,,,,2093,43415,₹ Crore
2011-12,Back,1969-70,Gross Value Added,Annual,,Total Gross Value Added,,,,40778,962522,₹ Crore
2011-12,Back,1969-70,Gross Value Added,Annual,,,,,,40778,962521,₹ Crore
2011-12,Back,1968-69,Gross Value Added,Annual,,"Agriculture, Livestock, Forestry and Fishing",Crops,,,11101,275453,₹ Crore
2011-12,Back,1968-69,Gross Value Added,Annual,,"Agriculture, Livestock, Forestry and Fishing",Livestock,,,3271,79080,₹ Crore
2011-12,Back,1968-69,Gross Value Added,Annual,,"Agriculture, Livestock, Forestry and Fishing",Forestry and Logging,,,2183,119895,₹ Crore
2011-12,Back,1968-69,Gross Value Added,Annual,,"Agriculture, Livestock, Forestry and Fishing",Fishing and Aquaculture,,,199,11242,₹ Crore
2011-12,Back,1968-69,Gross Value Added,Annual,,"Agriculture, Livestock, Forestry and Fishing",,,,16576,439526,₹ Crore
2011-12,Back,1968-69,Gross Value Added,Annual,,Mining and Quarrying,,,,441,36222,₹ Crore
2011-12,Back,1968-69,Gross Value Added,Annual,,Manufacturing,"Food Products, Beverages and Tobacco",,,883,12372,₹ Crore
2011-12,Back,1968-69,Gross Value Added,Annual,,Manufacturing,"Textiles, Apparel and Leather Products",,,1126,16907,₹ Crore
2011-12,Back,1968-69,Gross Value Added,Annual,,Manufacturing,Metal Products,,,930,27938,₹ Crore
2011-12,Back,1968-69,Gross Value Added,Annual,,Manufacturing,Machinery and Equipment,,,583,9729,₹ Crore
2011-12,Back,1968-69,Gross Value Added,Annual,,Manufacturing,Other Manufactured Goods,,,1790,42810,₹ Crore
2011-12,Back,1968-69,Gross Value Added,Annual,,Manufacturing,,,,5383,116019,₹ Crore
2011-12,Back,1968-69,Gross Value Added,Annual,,"Electricity, Gas, Water Supply & Other Utility Services",,,,430,9827,₹ Crore
2011-12,Back,1968-69,Gross Value Added,Annual,,Construction,,,,1956,78839,₹ Crore
2011-12,Back,1968-69,Gross Value Added,Annual,,"Trade, Repair, Hotels and Restaurants",Trade & Repair Services,,,1850,57982,₹ Crore
2011-12,Back,1968-69,Gross Value Added,Annual,,"Trade, Repair, Hotels and Restaurants",Hotels & Restaurants,,,154,5068,₹ Crore
2011-12,Back,1968-69,Gross Value Added,Annual,,"Trade, Repair, Hotels and Restaurants",,,,2007,63355,₹ Crore
2011-12,Back,1968-69,Gross Value Added,Annual,,"Transport, Storage, Communication & Services Related to Broadcasting",Railways,,,753,8760,₹ Crore
2011-12,Back,1968-69,Gross Value Added,Annual,,"Transport, Storage, Communication & Services Related to Broadcasting",Storage,,,20,535,₹ Crore
2011-12,Back,1968-69,Gross Value Added,Annual,,"Transport, Storage, Communication & Services Related to Broadcasting",Communication & Services Related to Broadcasting,,,224,2237,₹ Crore
2011-12,Back,1968-69,Gross Value Added,Annual,,"Transport, Storage, Communication & Services Related to Broadcasting",Transport by Other Means,,,584,16044,₹ Crore
2011-12,Back,1968-69,Gross Value Added,Annual,,"Transport, Storage, Communication & Services Related to Broadcasting",,,,1399,25035,₹ Crore
2011-12,Back,1968-69,Gross Value Added,Annual,,Financial Services,,,,506,13878,₹ Crore
2011-12,Back,1968-69,Gross Value Added,Annual,,"Real Estate, Ownership of Dwelling & Professional Services",,,,6299,87100,₹ Crore
2011-12,Back,1968-69,Gross Value Added,Annual,,Public Administration and Defence,,,,1810,39463,₹ Crore
2011-12,Back,1968-69,Gross Value Added,Annual,,Other Services,,,,1933,41913,₹ Crore
2011-12,Back,1968-69,Gross Value Added,Annual,,Total Gross Value Added,,,,37080,903636,₹ Crore
2011-12,Back,1968-69,Gross Value Added,Annual,,,,,,37080,903636,₹ Crore
2011-12,Back,1967-68,Gross Value Added,Annual,,"Agriculture, Livestock, Forestry and Fishing",Crops,,,10855,276406,₹ Crore
2011-12,Back,1967-68,Gross Value Added,Annual,,"Agriculture, Livestock, Forestry and Fishing",Livestock,,,3201,79414,₹ Crore
2011-12,Back,1967-68,Gross Value Added,Annual,,"Agriculture, Livestock, Forestry and Fishing",Forestry and Logging,,,1836,119405,₹ Crore
2011-12,Back,1967-68,Gross Value Added,Annual,,"Agriculture, Livestock, Forestry and Fishing",Fishing and Aquaculture,,,181,10601,₹ Crore
2011-12,Back,1967-68,Gross Value Added,Annual,,"Agriculture, Livestock, Forestry and Fishing",,,,16081,440223,₹ Crore
2011-12,Back,1967-68,Gross Value Added,Annual,,Mining and Quarrying,,,,413,35226,₹ Crore
2011-12,Back,1967-68,Gross Value Added,Annual,,Manufacturing,"Food Products, Beverages and Tobacco",,,790,11736,₹ Crore
2011-12,Back,1967-68,Gross Value Added,Annual,,Manufacturing,"Textiles, Apparel and Leather Products",,,1088,16416,₹ Crore
2011-12,Back,1967-68,Gross Value Added,Annual,,Manufacturing,Metal Products,,,868,26856,₹ Crore
2011-12,Back,1967-68,Gross Value Added,Annual,,Manufacturing,Machinery and Equipment,,,577,9648,₹ Crore
2011-12,Back,1967-68,Gross Value Added,Annual,,Manufacturing,Other Manufactured Goods,,,1578,39654,₹ Crore
2011-12,Back,1967-68,Gross Value Added,Annual,,Manufacturing,,,,4975,109930,₹ Crore
2011-12,Back,1967-68,Gross Value Added,Annual,,"Electricity, Gas, Water Supply & Other Utility Services",,,,360,8706,₹ Crore
2011-12,Back,1967-68,Gross Value Added,Annual,,Construction,,,,1804,76174,₹ Crore
2011-12,Back,1967-68,Gross Value Added,Annual,,"Trade, Repair, Hotels and Restaurants",Trade & Repair Services,,,1794,55574,₹ Crore
2011-12,Back,1967-68,Gross Value Added,Annual,,"Trade, Repair, Hotels and Restaurants",Hotels & Restaurants,,,156,4863,₹ Crore
2011-12,Back,1967-68,Gross Value Added,Annual,,"Trade, Repair, Hotels and Restaurants",,,,1951,60731,₹ Crore
2011-12,Back,1967-68,Gross Value Added,Annual,,"Transport, Storage, Communication & Services Related to Broadcasting",Railways,,,685,8462,₹ Crore
2011-12,Back,1967-68,Gross Value Added,Annual,,"Transport, Storage, Communication & Services Related to Broadcasting",Storage,,,17,484,₹ Crore
2011-12,Back,1967-68,Gross Value Added,Annual,,"Transport, Storage, Communication & Services Related to Broadcasting",Communication & Services Related to Broadcasting,,,185,2171,₹ Crore
2011-12,Back,1967-68,Gross Value Added,Annual,,"Transport, Storage, Communication & Services Related to Broadcasting",Transport by Other Means,,,499,15105,₹ Crore
2011-12,Back,1967-68,Gross Value Added,Annual,,"Transport, Storage, Communication & Services Related to Broadcasting",,,,1220,23811,₹ Crore
2011-12,Back,1967-68,Gross Value Added,Annual,,Financial Services,,,,462,12224,₹ Crore
2011-12,Back,1967-68,Gross Value Added,Annual,,"Real Estate, Ownership of Dwelling & Professional Services",,,,5907,84847,₹ Crore
2011-12,Back,1967-68,Gross Value Added,Annual,,Public Administration and Defence,,,,1655,37155,₹ Crore
2011-12,Back,1967-68,Gross Value Added,Annual,,Other Services,,,,1816,40523,₹ Crore
2011-12,Back,1967-68,Gross Value Added,Annual,,Total Gross Value Added,,,,35162,880654,₹ Crore
2011-12,Back,1967-68,Gross Value Added,Annual,,,,,,35162,880654,₹ Crore
2011-12,Back,1966-67,Gross Value Added,Annual,,"Agriculture, Livestock, Forestry and Fishing",Crops,,,8618,236100,₹ Crore
2011-12,Back,1966-67,Gross Value Added,Annual,,"Agriculture, Livestock, Forestry and Fishing",Livestock,,,2534,67847,₹ Crore
2011-12,Back,1966-67,Gross Value Added,Annual,,"Agriculture, Livestock, Forestry and Fishing",Forestry and Logging,,,1646,119930,₹ Crore
2011-12,Back,1966-67,Gross Value Added,Annual,,"Agriculture, Livestock, Forestry and Fishing",Fishing and Aquaculture,,,155,10161,₹ Crore
2011-12,Back,1966-67,Gross Value Added,Annual,,"Agriculture, Livestock, Forestry and Fishing",,,,12850,383233,₹ Crore
2011-12,Back,1966-67,Gross Value Added,Annual,,Mining and Quarrying,,,,355,34190,₹ Crore
2011-12,Back,1966-67,Gross Value Added,Annual,,Manufacturing,"Food Products, Beverages and Tobacco",,,645,13114,₹ Crore
2011-12,Back,1966-67,Gross Value Added,Annual,,Manufacturing,"Textiles, Apparel and Leather Products",,,1034,16140,₹ Crore
2011-12,Back,1966-67,Gross Value Added,Annual,,Manufacturing,Metal Products,,,878,29765,₹ Crore
2011-12,Back,1966-67,Gross Value Added,Annual,,Manufacturing,Machinery and Equipment,,,540,9512,₹ Crore
2011-12,Back,1966-67,Gross Value Added,Annual,,Manufacturing,Other Manufactured Goods,,,1488,38165,₹ Crore
2011-12,Back,1966-67,Gross Value Added,Annual,,Manufacturing,,,,4656,109507,₹ Crore
2011-12,Back,1966-67,Gross Value Added,Annual,,"Electricity, Gas, Water Supply & Other Utility Services",,,,312,7838,₹ Crore
2011-12,Back,1966-67,Gross Value Added,Annual,,Construction,,,,1542,71062,₹ Crore
2011-12,Back,1966-67,Gross Value Added,Annual,,"Trade, Repair, Hotels and Restaurants",Trade & Repair Services,,,1557,53639,₹ Crore
2011-12,Back,1966-67,Gross Value Added,Annual,,"Trade, Repair, Hotels and Restaurants",Hotels & Restaurants,,,127,4667,₹ Crore
2011-12,Back,1966-67,Gross Value Added,Annual,,"Trade, Repair, Hotels and Restaurants",,,,1687,58599,₹ Crore
2011-12,Back,1966-67,Gross Value Added,Annual,,"Transport, Storage, Communication & Services Related to Broadcasting",Railways,,,676,8220,₹ Crore
2011-12,Back,1966-67,Gross Value Added,Annual,,"Transport, Storage, Communication & Services Related to Broadcasting",Storage,,,16,464,₹ Crore
2011-12,Back,1966-67,Gross Value Added,Annual,,"Transport, Storage, Communication & Services Related to Broadcasting",Communication & Services Related to Broadcasting,,,170,2064,₹ Crore
2011-12,Back,1966-67,Gross Value Added,Annual,,"Transport, Storage, Communication & Services Related to Broadcasting",Transport by Other Means,,,402,13985,₹ Crore
2011-12,Back,1966-67,Gross Value Added,Annual,,"Transport, Storage, Communication & Services Related to Broadcasting",,,,1096,22431,₹ Crore
2011-12,Back,1966-67,Gross Value Added,Annual,,Financial Services,,,,401,11905,₹ Crore
2011-12,Back,1966-67,Gross Value Added,Annual,,"Real Estate, Ownership of Dwelling & Professional Services",,,,5423,82480,₹ Crore
2011-12,Back,1966-67,Gross Value Added,Annual,,Public Administration and Defence,,,,1459,35583,₹ Crore
2011-12,Back,1966-67,Gross Value Added,Annual,,Other Services,,,,1637,39104,₹ Crore
2011-12,Back,1966-67,Gross Value Added,Annual,,Total Gross Value Added,,,,29920,814380,₹ Crore
2011-12,Back,1966-67,Gross Value Added,Annual,,,,,,29920,814380,₹ Crore
2011-12,Back,1965-66,Gross Value Added,Annual,,"Agriculture, Livestock, Forestry and Fishing",Crops,,,7399,241628,₹ Crore
2011-12,Back,1965-66,Gross Value Added,Annual,,"Agriculture, Livestock, Forestry and Fishing",Livestock,,,2175,69417,₹ Crore
2011-12,Back,1965-66,Gross Value Added,Annual,,"Agriculture, Livestock, Forestry and Fishing",Forestry and Logging,,,1467,114297,₹ Crore
2011-12,Back,1965-66,Gross Value Added,Annual,,"Agriculture, Livestock, Forestry and Fishing",Fishing and Aquaculture,,,126,9807,₹ Crore
2011-12,Back,1965-66,Gross Value Added,Annual,,"Agriculture, Livestock, Forestry and Fishing",,,,11046,388763,₹ Crore
2011-12,Back,1965-66,Gross Value Added,Annual,,Mining and Quarrying,,,,327,33402,₹ Crore
2011-12,Back,1965-66,Gross Value Added,Annual,,Manufacturing,"Food Products, Beverages and Tobacco",,,578,13346,₹ Crore
2011-12,Back,1965-66,Gross Value Added,Annual,,Manufacturing,"Textiles, Apparel and Leather Products",,,971,16006,₹ Crore
2011-12,Back,1965-66,Gross Value Added,Annual,,Manufacturing,Metal Products,,,852,30984,₹ Crore
2011-12,Back,1965-66,Gross Value Added,Annual,,Manufacturing,Machinery and Equipment,,,480,9287,₹ Crore
2011-12,Back,1965-66,Gross Value Added,Annual,,Manufacturing,Other Manufactured Goods,,,1310,36700,₹ Crore
2011-12,Back,1965-66,Gross Value Added,Annual,,Manufacturing,,,,4257,108651,₹ Crore
2011-12,Back,1965-66,Gross Value Added,Annual,,"Electricity, Gas, Water Supply & Other Utility Services",,,,248,7210,₹ Crore
2011-12,Back,1965-66,Gross Value Added,Annual,,Construction,,,,1308,65665,₹ Crore
2011-12,Back,1965-66,Gross Value Added,Annual,,"Trade, Repair, Hotels and Restaurants",Trade & Repair Services,,,1313,52344,₹ Crore
2011-12,Back,1965-66,Gross Value Added,Annual,,"Trade, Repair, Hotels and Restaurants",Hotels & Restaurants,,,106,4569,₹ Crore
2011-12,Back,1965-66,Gross Value Added,Annual,,"Trade, Repair, Hotels and Restaurants",,,,1422,57204,₹ Crore
2011-12,Back,1965-66,Gross Value Added,Annual,,"Transport, Storage, Communication & Services Related to Broadcasting",Railways,,,636,8094,₹ Crore
2011-12,Back,1965-66,Gross Value Added,Annual,,"Transport, Storage, Communication & Services Related to Broadcasting",Storage,,,13,444,₹ Crore
2011-12,Back,1965-66,Gross Value Added,Annual,,"Transport, Storage, Communication & Services Related to Broadcasting",Communication & Services Related to Broadcasting,,,147,1950,₹ Crore
2011-12,Back,1965-66,Gross Value Added,Annual,,"Transport, Storage, Communication & Services Related to Broadcasting",Transport by Other Means,,,346,13527,₹ Crore
2011-12,Back,1965-66,Gross Value Added,Annual,,"Transport, Storage, Communication & Services Related to Broadcasting",,,,983,21745,₹ Crore
2011-12,Back,1965-66,Gross Value Added,Annual,,Financial Services,,,,367,12063,₹ Crore
2011-12,Back,1965-66,Gross Value Added,Annual,,"Real Estate, Ownership of Dwelling & Professional Services",,,,5079,80283,₹ Crore
2011-12,Back,1965-66,Gross Value Added,Annual,,Public Administration and Defence,,,,1303,33453,₹ Crore
2011-12,Back,1965-66,Gross Value Added,Annual,,Other Services,,,,1464,37751,₹ Crore
2011-12,Back,1965-66,Gross Value Added,Annual,,Total Gross Value Added,,,,26287,806176,₹ Crore
2011-12,Back,1965-66,Gross Value Added,Annual,,,,,,26287,806175,₹ Crore
2011-12,Back,1964-65,Gross Value Added,Annual,,"Agriculture, Livestock, Forestry and Fishing",Crops,,,7468,279241,₹ Crore
2011-12,Back,1964-65,Gross Value Added,Annual,,"Agriculture, Livestock, Forestry and Fishing",Livestock,,,2202,80191,₹ Crore
2011-12,Back,1964-65,Gross Value Added,Annual,,"Agriculture, Livestock, Forestry and Fishing",Forestry and Logging,,,1335,100828,₹ Crore
2011-12,Back,1964-65,Gross Value Added,Annual,,"Agriculture, Livestock, Forestry and Fishing",Fishing and Aquaculture,,,112,9807,₹ Crore
2011-12,Back,1964-65,Gross Value Added,Annual,,"Agriculture, Livestock, Forestry and Fishing",,,,11077,437020,₹ Crore
2011-12,Back,1964-65,Gross Value Added,Annual,,Mining and Quarrying,,,,282,29889,₹ Crore
2011-12,Back,1964-65,Gross Value Added,Annual,,Manufacturing,"Food Products, Beverages and Tobacco",,,555,12624,₹ Crore
2011-12,Back,1964-65,Gross Value Added,Annual,,Manufacturing,"Textiles, Apparel and Leather Products",,,943,16290,₹ Crore
2011-12,Back,1964-65,Gross Value Added,Annual,,Manufacturing,Metal Products,,,796,32056,₹ Crore
2011-12,Back,1964-65,Gross Value Added,Annual,,Manufacturing,Machinery and Equipment,,,450,9103,₹ Crore
2011-12,Back,1964-65,Gross Value Added,Annual,,Manufacturing,Other Manufactured Goods,,,1194,35178,₹ Crore
2011-12,Back,1964-65,Gross Value Added,Annual,,Manufacturing,,,,3994,107652,₹ Crore
2011-12,Back,1964-65,Gross Value Added,Annual,,"Electricity, Gas, Water Supply & Other Utility Services",,,,219,6525,₹ Crore
2011-12,Back,1964-65,Gross Value Added,Annual,,Construction,,,,1139,61557,₹ Crore
2011-12,Back,1964-65,Gross Value Added,Annual,,"Trade, Repair, Hotels and Restaurants",Trade & Repair Services,,,1207,52023,₹ Crore
2011-12,Back,1964-65,Gross Value Added,Annual,,"Trade, Repair, Hotels and Restaurants",Hotels & Restaurants,,,105,4519,₹ Crore
2011-12,Back,1964-65,Gross Value Added,Annual,,"Trade, Repair, Hotels and Restaurants",,,,1312,56842,₹ Crore
2011-12,Back,1964-65,Gross Value Added,Annual,,"Transport, Storage, Communication & Services Related to Broadcasting",Railways,,,575,7518,₹ Crore
2011-12,Back,1964-65,Gross Value Added,Annual,,"Transport, Storage, Communication & Services Related to Broadcasting",Storage,,,12,414,₹ Crore
2011-12,Back,1964-65,Gross Value Added,Annual,,"Transport, Storage, Communication & Services Related to Broadcasting",Communication & Services Related to Broadcasting,,,133,1836,₹ Crore
2011-12,Back,1964-65,Gross Value Added,Annual,,"Transport, Storage, Communication & Services Related to Broadcasting",Transport by Other Means,,,331,13032,₹ Crore
2011-12,Back,1964-65,Gross Value Added,Annual,,"Transport, Storage, Communication & Services Related to Broadcasting",,,,905,20652,₹ Crore
2011-12,Back,1964-65,Gross Value Added,Annual,,Financial Services,,,,310,11551,₹ Crore
2011-12,Back,1964-65,Gross Value Added,Annual,,"Real Estate, Ownership of Dwelling & Professional Services",,,,4754,78101,₹ Crore
2011-12,Back,1964-65,Gross Value Added,Annual,,Public Administration and Defence,,,,1169,32303,₹ Crore
2011-12,Back,1964-65,Gross Value Added,Annual,,Other Services,,,,1320,36238,₹ Crore
2011-12,Back,1964-65,Gross Value Added,Annual,,Total Gross Value Added,,,,25105,836758,₹ Crore
2011-12,Back,1964-65,Gross Value Added,Annual,,,,,,25105,836758,₹ Crore
2011-12,Back,1963-64,Gross Value Added,Annual,,"Agriculture, Livestock, Forestry and Fishing",Crops,,,6072,253091,₹ Crore
2011-12,Back,1963-64,Gross Value Added,Annual,,"Agriculture, Livestock, Forestry and Fishing",Livestock,,,1786,72733,₹ Crore
2011-12,Back,1963-64,Gross Value Added,Annual,,"Agriculture, Livestock, Forestry and Fishing",Forestry and Logging,,,1225,102612,₹ Crore
2011-12,Back,1963-64,Gross Value Added,Annual,,"Agriculture, Livestock, Forestry and Fishing",Fishing and Aquaculture,,,98,8914,₹ Crore
2011-12,Back,1963-64,Gross Value Added,Annual,,"Agriculture, Livestock, Forestry and Fishing",,,,9066,400112,₹ Crore
2011-12,Back,1963-64,Gross Value Added,Annual,,Mining and Quarrying,,,,268,29465,₹ Crore
2011-12,Back,1963-64,Gross Value Added,Annual,,Manufacturing,"Food Products, Beverages and Tobacco",,,474,11861,₹ Crore
2011-12,Back,1963-64,Gross Value Added,Annual,,Manufacturing,"Textiles, Apparel and Leather Products",,,881,15347,₹ Crore
2011-12,Back,1963-64,Gross Value Added,Annual,,Manufacturing,Metal Products,,,643,27135,₹ Crore
2011-12,Back,1963-64,Gross Value Added,Annual,,Manufacturing,Machinery and Equipment,,,412,8526,₹ Crore
2011-12,Back,1963-64,Gross Value Added,Annual,,Manufacturing,Other Manufactured Goods,,,1143,34163,₹ Crore
2011-12,Back,1963-64,Gross Value Added,Annual,,Manufacturing,,,,3632,100689,₹ Crore
2011-12,Back,1963-64,Gross Value Added,Annual,,"Electricity, Gas, Water Supply & Other Utility Services",,,,184,5978,₹ Crore
2011-12,Back,1963-64,Gross Value Added,Annual,,Construction,,,,959,56979,₹ Crore
2011-12,Back,1963-64,Gross Value Added,Annual,,"Trade, Repair, Hotels and Restaurants",Trade & Repair Services,,,996,48454,₹ Crore
2011-12,Back,1963-64,Gross Value Added,Annual,,"Trade, Repair, Hotels and Restaurants",Hotels & Restaurants,,,77,4226,₹ Crore
2011-12,Back,1963-64,Gross Value Added,Annual,,"Trade, Repair, Hotels and Restaurants",,,,1076,52953,₹ Crore
2011-12,Back,1963-64,Gross Value Added,Annual,,"Transport, Storage, Communication & Services Related to Broadcasting",Railways,,,559,7416,₹ Crore
2011-12,Back,1963-64,Gross Value Added,Annual,,"Transport, Storage, Communication & Services Related to Broadcasting",Storage,,,11,414,₹ Crore
2011-12,Back,1963-64,Gross Value Added,Annual,,"Transport, Storage, Communication & Services Related to Broadcasting",Communication & Services Related to Broadcasting,,,116,1699,₹ Crore
2011-12,Back,1963-64,Gross Value Added,Annual,,"Transport, Storage, Communication & Services Related to Broadcasting",Transport by Other Means,,,286,12222,₹ Crore
2011-12,Back,1963-64,Gross Value Added,Annual,,"Transport, Storage, Communication & Services Related to Broadcasting",,,,831,19662,₹ Crore
2011-12,Back,1963-64,Gross Value Added,Annual,,Financial Services,,,,265,11125,₹ Crore
2011-12,Back,1963-64,Gross Value Added,Annual,,"Real Estate, Ownership of Dwelling & Professional Services",,,,4416,76075,₹ Crore
2011-12,Back,1963-64,Gross Value Added,Annual,,Public Administration and Defence,,,,1020,29170,₹ Crore
2011-12,Back,1963-64,Gross Value Added,Annual,,Other Services,,,,1173,34727,₹ Crore
2011-12,Back,1963-64,Gross Value Added,Annual,,Total Gross Value Added,,,,21489,777772,₹ Crore
2011-12,Back,1963-64,Gross Value Added,Annual,,,,,,21489,777772,₹ Crore
2011-12,Back,1962-63,Gross Value Added,Annual,,"Agriculture, Livestock, Forestry and Fishing",Crops,,,5137,248437,₹ Crore
2011-12,Back,1962-63,Gross Value Added,Annual,,"Agriculture, Livestock, Forestry and Fishing",Livestock,,,1508,71459,₹ Crore
2011-12,Back,1962-63,Gross Value Added,Annual,,"Agriculture, Livestock, Forestry and Fishing",Forestry and Logging,,,1109,96944,₹ Crore
2011-12,Back,1962-63,Gross Value Added,Annual,,"Agriculture, Livestock, Forestry and Fishing",Fishing and Aquaculture,,,87,8154,₹ Crore
2011-12,Back,1962-63,Gross Value Added,Annual,,"Agriculture, Livestock, Forestry and Fishing",,,,7703,390967,₹ Crore
2011-12,Back,1962-63,Gross Value Added,Annual,,Mining and Quarrying,,,,247,28617,₹ Crore
2011-12,Back,1962-63,Gross Value Added,Annual,,Manufacturing,"Food Products, Beverages and Tobacco",,,445,12410,₹ Crore
2011-12,Back,1962-63,Gross Value Added,Annual,,Manufacturing,"Textiles, Apparel and Leather Products",,,815,14536,₹ Crore
2011-12,Back,1962-63,Gross Value Added,Annual,,Manufacturing,Metal Products,,,493,21546,₹ Crore
2011-12,Back,1962-63,Gross Value Added,Annual,,Manufacturing,Machinery and Equipment,,,301,6704,₹ Crore
2011-12,Back,1962-63,Gross Value Added,Annual,,Manufacturing,Other Manufactured Goods,,,1019,31861,₹ Crore
2011-12,Back,1962-63,Gross Value Added,Annual,,Manufacturing,,,,3184,91988,₹ Crore
2011-12,Back,1962-63,Gross Value Added,Annual,,"Electricity, Gas, Water Supply & Other Utility Services",,,,156,5057,₹ Crore
2011-12,Back,1962-63,Gross Value Added,Annual,,Construction,,,,838,50779,₹ Crore
2011-12,Back,1962-63,Gross Value Added,Annual,,"Trade, Repair, Hotels and Restaurants",Trade & Repair Services,,,877,45154,₹ Crore
2011-12,Back,1962-63,Gross Value Added,Annual,,"Trade, Repair, Hotels and Restaurants",Hotels & Restaurants,,,66,3932,₹ Crore
2011-12,Back,1962-63,Gross Value Added,Annual,,"Trade, Repair, Hotels and Restaurants",,,,946,49339,₹ Crore
2011-12,Back,1962-63,Gross Value Added,Annual,,"Transport, Storage, Communication & Services Related to Broadcasting",Railways,,,507,7002,₹ Crore
2011-12,Back,1962-63,Gross Value Added,Annual,,"Transport, Storage, Communication & Services Related to Broadcasting",Storage,,,10,414,₹ Crore
2011-12,Back,1962-63,Gross Value Added,Annual,,"Transport, Storage, Communication & Services Related to Broadcasting",Communication & Services Related to Broadcasting,,,101,1519,₹ Crore
2011-12,Back,1962-63,Gross Value Added,Annual,,"Transport, Storage, Communication & Services Related to Broadcasting",Transport by Other Means,,,271,11554,₹ Crore
2011-12,Back,1962-63,Gross Value Added,Annual,,"Transport, Storage, Communication & Services Related to Broadcasting",,,,764,18483,₹ Crore
2011-12,Back,1962-63,Gross Value Added,Annual,,Financial Services,,,,239,10626,₹ Crore
2011-12,Back,1962-63,Gross Value Added,Annual,,"Real Estate, Ownership of Dwelling & Professional Services",,,,4092,73992,₹ Crore
2011-12,Back,1962-63,Gross Value Added,Annual,,Public Administration and Defence,,,,878,26241,₹ Crore
2011-12,Back,1962-63,Gross Value Added,Annual,,Other Services,,,,1096,33336,₹ Crore
2011-12,Back,1962-63,Gross Value Added,Annual,,Total Gross Value Added,,,,18803,740293,₹ Crore
2011-12,Back,1962-63,Gross Value Added,Annual,,,,,,18803,740293,₹ Crore
2011-12,Back,1961-62,Gross Value Added,Annual,,"Agriculture, Livestock, Forestry and Fishing",Crops,,,5032,253886,₹ Crore
2011-12,Back,1961-62,Gross Value Added,Annual,,"Agriculture, Livestock, Forestry and Fishing",Livestock,,,1479,72991,₹ Crore
2011-12,Back,1961-62,Gross Value Added,Annual,,"Agriculture, Livestock, Forestry and Fishing",Forestry and Logging,,,1076,96734,₹ Crore
2011-12,Back,1961-62,Gross Value Added,Annual,,"Agriculture, Livestock, Forestry and Fishing",Fishing and Aquaculture,,,88,8591,₹ Crore
2011-12,Back,1961-62,Gross Value Added,Annual,,"Agriculture, Livestock, Forestry and Fishing",,,,7545,398901,₹ Crore
2011-12,Back,1961-62,Gross Value Added,Annual,,Mining and Quarrying,,,,207,25581,₹ Crore
2011-12,Back,1961-62,Gross Value Added,Annual,,Manufacturing,"Food Products, Beverages and Tobacco",,,425,12534,₹ Crore
2011-12,Back,1961-62,Gross Value Added,Annual,,Manufacturing,"Textiles, Apparel and Leather Products",,,741,13569,₹ Crore
2011-12,Back,1961-62,Gross Value Added,Annual,,Manufacturing,Metal Products,,,415,19149,₹ Crore
2011-12,Back,1961-62,Gross Value Added,Annual,,Manufacturing,Machinery and Equipment,,,267,6051,₹ Crore
2011-12,Back,1961-62,Gross Value Added,Annual,,Manufacturing,Other Manufactured Goods,,,890,29364,₹ Crore
2011-12,Back,1961-62,Gross Value Added,Annual,,Manufacturing,,,,2868,85746,₹ Crore
2011-12,Back,1961-62,Gross Value Added,Annual,,"Electricity, Gas, Water Supply & Other Utility Services",,,,132,4503,₹ Crore
2011-12,Back,1961-62,Gross Value Added,Annual,,Construction,,,,795,48956,₹ Crore
2011-12,Back,1961-62,Gross Value Added,Annual,,"Trade, Repair, Hotels and Restaurants",Trade & Repair Services,,,815,42890,₹ Crore
2011-12,Back,1961-62,Gross Value Added,Annual,,"Trade, Repair, Hotels and Restaurants",Hotels & Restaurants,,,60,3737,₹ Crore
2011-12,Back,1961-62,Gross Value Added,Annual,,"Trade, Repair, Hotels and Restaurants",,,,878,46882,₹ Crore
2011-12,Back,1961-62,Gross Value Added,Annual,,"Transport, Storage, Communication & Services Related to Broadcasting",Railways,,,448,6484,₹ Crore
2011-12,Back,1961-62,Gross Value Added,Annual,,"Transport, Storage, Communication & Services Related to Broadcasting",Storage,,,9,404,₹ Crore
2011-12,Back,1961-62,Gross Value Added,Annual,,"Transport, Storage, Communication & Services Related to Broadcasting",Communication & Services Related to Broadcasting,,,92,1382,₹ Crore
2011-12,Back,1961-62,Gross Value Added,Annual,,"Transport, Storage, Communication & Services Related to Broadcasting",Transport by Other Means,,,234,10768,₹ Crore
2011-12,Back,1961-62,Gross Value Added,Annual,,"Transport, Storage, Communication & Services Related to Broadcasting",,,,678,17147,₹ Crore
2011-12,Back,1961-62,Gross Value Added,Annual,,Financial Services,,,,195,9980,₹ Crore
2011-12,Back,1961-62,Gross Value Added,Annual,,"Real Estate, Ownership of Dwelling & Professional Services",,,,3595,71988,₹ Crore
2011-12,Back,1961-62,Gross Value Added,Annual,,Public Administration and Defence,,,,779,23230,₹ Crore
2011-12,Back,1961-62,Gross Value Added,Annual,,Other Services,,,,1032,31946,₹ Crore
2011-12,Back,1961-62,Gross Value Added,Annual,,Total Gross Value Added,,,,17585,724957,₹ Crore
2011-12,Back,1961-62,Gross Value Added,Annual,,,,,,17585,724956,₹ Crore
2011-12,Back,1960-61,Gross Value Added,Annual,,"Agriculture, Livestock, Forestry and Fishing",Crops,,,4885,254708,₹ Crore
2011-12,Back,1960-61,Gross Value Added,Annual,,"Agriculture, Livestock, Forestry and Fishing",Livestock,,,1438,73243,₹ Crore
2011-12,Back,1960-61,Gross Value Added,Annual,,"Agriculture, Livestock, Forestry and Fishing",Forestry and Logging,,,955,93026,₹ Crore
2011-12,Back,1960-61,Gross Value Added,Annual,,"Agriculture, Livestock, Forestry and Fishing",Fishing and Aquaculture,,,80,8355,₹ Crore
2011-12,Back,1960-61,Gross Value Added,Annual,,"Agriculture, Livestock, Forestry and Fishing",,,,7284,398566,₹ Crore
2011-12,Back,1960-61,Gross Value Added,Annual,,Mining and Quarrying,,,,195,24188,₹ Crore
2011-12,Back,1960-61,Gross Value Added,Annual,,Manufacturing,"Food Products, Beverages and Tobacco",,,413,11918,₹ Crore
2011-12,Back,1960-61,Gross Value Added,Annual,,Manufacturing,"Textiles, Apparel and Leather Products",,,694,12875,₹ Crore
2011-12,Back,1960-61,Gross Value Added,Annual,,Manufacturing,Metal Products,,,345,16255,₹ Crore
2011-12,Back,1960-61,Gross Value Added,Annual,,Manufacturing,Machinery and Equipment,,,256,5940,₹ Crore
2011-12,Back,1960-61,Gross Value Added,Annual,,Manufacturing,Other Manufactured Goods,,,784,27244,₹ Crore
2011-12,Back,1960-61,Gross Value Added,Annual,,Manufacturing,,,,2600,79000,₹ Crore
2011-12,Back,1960-61,Gross Value Added,Annual,,"Electricity, Gas, Water Supply & Other Utility Services",,,,118,3939,₹ Crore
2011-12,Back,1960-61,Gross Value Added,Annual,,Construction,,,,758,47294,₹ Crore
2011-12,Back,1960-61,Gross Value Added,Annual,,"Trade, Repair, Hotels and Restaurants",Trade & Repair Services,,,764,40290,₹ Crore
2011-12,Back,1960-61,Gross Value Added,Annual,,"Trade, Repair, Hotels and Restaurants",Hotels & Restaurants,,,58,3541,₹ Crore
2011-12,Back,1960-61,Gross Value Added,Annual,,"Trade, Repair, Hotels and Restaurants",,,,825,44063,₹ Crore
2011-12,Back,1960-61,Gross Value Added,Annual,,"Transport, Storage, Communication & Services Related to Broadcasting",Railways,,,412,6197,₹ Crore
2011-12,Back,1960-61,Gross Value Added,Annual,,"Transport, Storage, Communication & Services Related to Broadcasting",Storage,,,8,394,₹ Crore
2011-12,Back,1960-61,Gross Value Added,Annual,,"Transport, Storage, Communication & Services Related to Broadcasting",Communication & Services Related to Broadcasting,,,81,1268,₹ Crore
2011-12,Back,1960-61,Gross Value Added,Annual,,"Transport, Storage, Communication & Services Related to Broadcasting",Transport by Other Means,,,206,9906,₹ Crore
2011-12,Back,1960-61,Gross Value Added,Annual,,"Transport, Storage, Communication & Services Related to Broadcasting",,,,610,16044,₹ Crore
2011-12,Back,1960-61,Gross Value Added,Annual,,Financial Services,,,,169,8835,₹ Crore
2011-12,Back,1960-61,Gross Value Added,Annual,,"Real Estate, Ownership of Dwelling & Professional Services",,,,3560,70253,₹ Crore
2011-12,Back,1960-61,Gross Value Added,Annual,,Public Administration and Defence,,,,705,21832,₹ Crore
2011-12,Back,1960-61,Gross Value Added,Annual,,Other Services,,,,967,30746,₹ Crore
2011-12,Back,1960-61,Gross Value Added,Annual,,Total Gross Value Added,,,,16664,703137,₹ Crore
2011-12,Back,1960-61,Gross Value Added,Annual,,,,,,16664,703137,₹ Crore
2011-12,Back,1959-60,Gross Value Added,Annual,,"Agriculture, Livestock, Forestry and Fishing",Crops,,,4657,237416,₹ Crore
2011-12,Back,1959-60,Gross Value Added,Annual,,"Agriculture, Livestock, Forestry and Fishing",Livestock,,,1371,68258,₹ Crore
2011-12,Back,1959-60,Gross Value Added,Annual,,"Agriculture, Livestock, Forestry and Fishing",Forestry and Logging,,,859,92046,₹ Crore
2011-12,Back,1959-60,Gross Value Added,Annual,,"Agriculture, Livestock, Forestry and Fishing",Fishing and Aquaculture,,,71,7816,₹ Crore
2011-12,Back,1959-60,Gross Value Added,Annual,,"Agriculture, Livestock, Forestry and Fishing",,,,6919,373416,₹ Crore
2011-12,Back,1959-60,Gross Value Added,Annual,,Mining and Quarrying,,,,165,21039,₹ Crore
2011-12,Back,1959-60,Gross Value Added,Annual,,Manufacturing,"Food Products, Beverages and Tobacco",,,269,10930,₹ Crore
2011-12,Back,1959-60,Gross Value Added,Annual,,Manufacturing,"Textiles, Apparel and Leather Products",,,593,12353,₹ Crore
2011-12,Back,1959-60,Gross Value Added,Annual,,Manufacturing,Metal Products,,,246,12810,₹ Crore
2011-12,Back,1959-60,Gross Value Added,Annual,,Manufacturing,Machinery and Equipment,,,236,5563,₹ Crore
2011-12,Back,1959-60,Gross Value Added,Annual,,Manufacturing,Other Manufactured Goods,,,716,25001,₹ Crore
2011-12,Back,1959-60,Gross Value Added,Annual,,Manufacturing,,,,2233,72947,₹ Crore
2011-12,Back,1959-60,Gross Value Added,Annual,,"Electricity, Gas, Water Supply & Other Utility Services",,,,103,3641,₹ Crore
2011-12,Back,1959-60,Gross Value Added,Annual,,Construction,,,,586,40893,₹ Crore
2011-12,Back,1959-60,Gross Value Added,Annual,,"Trade, Repair, Hotels and Restaurants",Trade & Repair Services,,,678,36916,₹ Crore
2011-12,Back,1959-60,Gross Value Added,Annual,,"Trade, Repair, Hotels and Restaurants",Hotels & Restaurants,,,51,3188,₹ Crore
2011-12,Back,1959-60,Gross Value Added,Annual,,"Trade, Repair, Hotels and Restaurants",,,,737,40369,₹ Crore
2011-12,Back,1959-60,Gross Value Added,Annual,,"Transport, Storage, Communication & Services Related to Broadcasting",Railways,,,392,5967,₹ Crore
2011-12,Back,1959-60,Gross Value Added,Annual,,"Transport, Storage, Communication & Services Related to Broadcasting",Storage,,,8,373,₹ Crore
2011-12,Back,1959-60,Gross Value Added,Annual,,"Transport, Storage, Communication & Services Related to Broadcasting",Communication & Services Related to Broadcasting,,,80,1227,₹ Crore
2011-12,Back,1959-60,Gross Value Added,Annual,,"Transport, Storage, Communication & Services Related to Broadcasting",Transport by Other Means,,,183,9240,₹ Crore
2011-12,Back,1959-60,Gross Value Added,Annual,,"Transport, Storage, Communication & Services Related to Broadcasting",,,,569,15012,₹ Crore
2011-12,Back,1959-60,Gross Value Added,Annual,,Financial Services,,,,149,8752,₹ Crore
2011-12,Back,1959-60,Gross Value Added,Annual,,"Real Estate, Ownership of Dwelling & Professional Services",,,,3318,68490,₹ Crore
2011-12,Back,1959-60,Gross Value Added,Annual,,Public Administration and Defence,,,,618,20490,₹ Crore
2011-12,Back,1959-60,Gross Value Added,Annual,,Other Services,,,,861,29537,₹ Crore
2011-12,Back,1959-60,Gross Value Added,Annual,,Total Gross Value Added,,,,15222,656648,₹ Crore
2011-12,Back,1959-60,Gross Value Added,Annual,,,,,,15222,656648,₹ Crore
2011-12,Back,1958-59,Gross Value Added,Annual,,"Agriculture, Livestock, Forestry and Fishing",Crops,,,4656,240931,₹ Crore
2011-12,Back,1958-59,Gross Value Added,Annual,,"Agriculture, Livestock, Forestry and Fishing",Livestock,,,1371,69268,₹ Crore
2011-12,Back,1958-59,Gross Value Added,Annual,,"Agriculture, Livestock, Forestry and Fishing",Forestry and Logging,,,790,88898,₹ Crore
2011-12,Back,1958-59,Gross Value Added,Annual,,"Agriculture, Livestock, Forestry and Fishing",Fishing and Aquaculture,,,66,7749,₹ Crore
2011-12,Back,1958-59,Gross Value Added,Annual,,"Agriculture, Livestock, Forestry and Fishing",,,,6887,377214,₹ Crore
2011-12,Back,1958-59,Gross Value Added,Annual,,Mining and Quarrying,,,,155,20009,₹ Crore
2011-12,Back,1958-59,Gross Value Added,Annual,,Manufacturing,"Food Products, Beverages and Tobacco",,,240,10635,₹ Crore
2011-12,Back,1958-59,Gross Value Added,Annual,,Manufacturing,"Textiles, Apparel and Leather Products",,,541,12246,₹ Crore
2011-12,Back,1958-59,Gross Value Added,Annual,,Manufacturing,Metal Products,,,190,10227,₹ Crore
2011-12,Back,1958-59,Gross Value Added,Annual,,Manufacturing,Machinery and Equipment,,,210,5086,₹ Crore
2011-12,Back,1958-59,Gross Value Added,Annual,,Manufacturing,Other Manufactured Goods,,,637,22390,₹ Crore
2011-12,Back,1958-59,Gross Value Added,Annual,,Manufacturing,,,,1994,68309,₹ Crore
2011-12,Back,1958-59,Gross Value Added,Annual,,"Electricity, Gas, Water Supply & Other Utility Services",,,,86,3160,₹ Crore
2011-12,Back,1958-59,Gross Value Added,Annual,,Construction,,,,526,38268,₹ Crore
2011-12,Back,1958-59,Gross Value Added,Annual,,"Trade, Repair, Hotels and Restaurants",Trade & Repair Services,,,612,34753,₹ Crore
2011-12,Back,1958-59,Gross Value Added,Annual,,"Trade, Repair, Hotels and Restaurants",Hotels & Restaurants,,,47,3040,₹ Crore
2011-12,Back,1958-59,Gross Value Added,Annual,,"Trade, Repair, Hotels and Restaurants",,,,665,37977,₹ Crore
2011-12,Back,1958-59,Gross Value Added,Annual,,"Transport, Storage, Communication & Services Related to Broadcasting",Railways,,,406,5553,₹ Crore
2011-12,Back,1958-59,Gross Value Added,Annual,,"Transport, Storage, Communication & Services Related to Broadcasting",Storage,,,7,363,₹ Crore
2011-12,Back,1958-59,Gross Value Added,Annual,,"Transport, Storage, Communication & Services Related to Broadcasting",Communication & Services Related to Broadcasting,,,76,1143,₹ Crore
2011-12,Back,1958-59,Gross Value Added,Annual,,"Transport, Storage, Communication & Services Related to Broadcasting",Transport by Other Means,,,164,8764,₹ Crore
2011-12,Back,1958-59,Gross Value Added,Annual,,"Transport, Storage, Communication & Services Related to Broadcasting",,,,550,14144,₹ Crore
2011-12,Back,1958-59,Gross Value Added,Annual,,Financial Services,,,,137,7861,₹ Crore
2011-12,Back,1958-59,Gross Value Added,Annual,,"Real Estate, Ownership of Dwelling & Professional Services",,,,3095,66948,₹ Crore
2011-12,Back,1958-59,Gross Value Added,Annual,,Public Administration and Defence,,,,569,19243,₹ Crore
2011-12,Back,1958-59,Gross Value Added,Annual,,Other Services,,,,774,28579,₹ Crore
2011-12,Back,1958-59,Gross Value Added,Annual,,Total Gross Value Added,,,,14492,642586,₹ Crore
2011-12,Back,1958-59,Gross Value Added,Annual,,,,,,14492,642586,₹ Crore
2011-12,Back,1957-58,Gross Value Added,Annual,,"Agriculture, Livestock, Forestry and Fishing",Crops,,,3991,216573,₹ Crore
2011-12,Back,1957-58,Gross Value Added,Annual,,"Agriculture, Livestock, Forestry and Fishing",Livestock,,,1174,62309,₹ Crore
2011-12,Back,1957-58,Gross Value Added,Annual,,"Agriculture, Livestock, Forestry and Fishing",Forestry and Logging,,,765,89108,₹ Crore
2011-12,Back,1957-58,Gross Value Added,Annual,,"Agriculture, Livestock, Forestry and Fishing",Fishing and Aquaculture,,,57,7427,₹ Crore
2011-12,Back,1957-58,Gross Value Added,Annual,,"Agriculture, Livestock, Forestry and Fishing",,,,5936,342685,₹ Crore
2011-12,Back,1957-58,Gross Value Added,Annual,,Mining and Quarrying,,,,144,19403,₹ Crore
2011-12,Back,1957-58,Gross Value Added,Annual,,Manufacturing,"Food Products, Beverages and Tobacco",,,212,9932,₹ Crore
2011-12,Back,1957-58,Gross Value Added,Annual,,Manufacturing,"Textiles, Apparel and Leather Products",,,538,12162,₹ Crore
2011-12,Back,1957-58,Gross Value Added,Annual,,Manufacturing,Metal Products,,,171,9394,₹ Crore
2011-12,Back,1957-58,Gross Value Added,Annual,,Manufacturing,Machinery and Equipment,,,231,5791,₹ Crore
2011-12,Back,1957-58,Gross Value Added,Annual,,Manufacturing,Other Manufactured Goods,,,573,20742,₹ Crore
2011-12,Back,1957-58,Gross Value Added,Annual,,Manufacturing,,,,1867,65084,₹ Crore
2011-12,Back,1957-58,Gross Value Added,Annual,,"Electricity, Gas, Water Supply & Other Utility Services",,,,74,2803,₹ Crore
2011-12,Back,1957-58,Gross Value Added,Annual,,Construction,,,,456,34245,₹ Crore
2011-12,Back,1957-58,Gross Value Added,Annual,,"Trade, Repair, Hotels and Restaurants",Trade & Repair Services,,,563,33422,₹ Crore
2011-12,Back,1957-58,Gross Value Added,Annual,,"Trade, Repair, Hotels and Restaurants",Hotels & Restaurants,,,42,2898,₹ Crore
2011-12,Back,1957-58,Gross Value Added,Annual,,"Trade, Repair, Hotels and Restaurants",,,,611,36451,₹ Crore
2011-12,Back,1957-58,Gross Value Added,Annual,,"Transport, Storage, Communication & Services Related to Broadcasting",Railways,,,377,5505,₹ Crore
2011-12,Back,1957-58,Gross Value Added,Annual,,"Transport, Storage, Communication & Services Related to Broadcasting",Storage,,,7,353,₹ Crore
2011-12,Back,1957-58,Gross Value Added,Annual,,"Transport, Storage, Communication & Services Related to Broadcasting",Communication & Services Related to Broadcasting,,,68,1047,₹ Crore
2011-12,Back,1957-58,Gross Value Added,Annual,,"Transport, Storage, Communication & Services Related to Broadcasting",Transport by Other Means,,,145,7899,₹ Crore
2011-12,Back,1957-58,Gross Value Added,Annual,,"Transport, Storage, Communication & Services Related to Broadcasting",,,,501,13164,₹ Crore
2011-12,Back,1957-58,Gross Value Added,Annual,,Financial Services,,,,127,7426,₹ Crore
2011-12,Back,1957-58,Gross Value Added,Annual,,"Real Estate, Ownership of Dwelling & Professional Services",,,,2891,65483,₹ Crore
2011-12,Back,1957-58,Gross Value Added,Annual,,Public Administration and Defence,,,,517,18129,₹ Crore
2011-12,Back,1957-58,Gross Value Added,Annual,,Other Services,,,,746,27682,₹ Crore
2011-12,Back,1957-58,Gross Value Added,Annual,,Total Gross Value Added,,,,12955,597260,₹ Crore
2011-12,Back,1957-58,Gross Value Added,Annual,,,,,,12955,597260,₹ Crore
2011-12,Back,1956-57,Gross Value Added,Annual,,"Agriculture, Livestock, Forestry and Fishing",Crops,,,4086,228169,₹ Crore
2011-12,Back,1956-57,Gross Value Added,Annual,,"Agriculture, Livestock, Forestry and Fishing",Livestock,,,1203,65659,₹ Crore
2011-12,Back,1956-57,Gross Value Added,Annual,,"Agriculture, Livestock, Forestry and Fishing",Forestry and Logging,,,746,88793,₹ Crore
2011-12,Back,1956-57,Gross Value Added,Annual,,"Agriculture, Livestock, Forestry and Fishing",Fishing and Aquaculture,,,56,7257,₹ Crore
2011-12,Back,1956-57,Gross Value Added,Annual,,"Agriculture, Livestock, Forestry and Fishing",,,,6062,358802,₹ Crore
2011-12,Back,1956-57,Gross Value Added,Annual,,Mining and Quarrying,,,,124,18219,₹ Crore
2011-12,Back,1956-57,Gross Value Added,Annual,,Manufacturing,"Food Products, Beverages and Tobacco",,,195,9491,₹ Crore
2011-12,Back,1956-57,Gross Value Added,Annual,,Manufacturing,"Textiles, Apparel and Leather Products",,,527,12023,₹ Crore
2011-12,Back,1956-57,Gross Value Added,Annual,,Manufacturing,Metal Products,,,158,9080,₹ Crore
2011-12,Back,1956-57,Gross Value Added,Annual,,Manufacturing,Machinery and Equipment,,,216,5582,₹ Crore
2011-12,Back,1956-57,Gross Value Added,Annual,,Manufacturing,Other Manufactured Goods,,,517,19246,₹ Crore
2011-12,Back,1956-57,Gross Value Added,Annual,,Manufacturing,,,,1754,62670,₹ Crore
2011-12,Back,1956-57,Gross Value Added,Annual,,"Electricity, Gas, Water Supply & Other Utility Services",,,,61,2429,₹ Crore
2011-12,Back,1956-57,Gross Value Added,Annual,,Construction,,,,496,39016,₹ Crore
2011-12,Back,1956-57,Gross Value Added,Annual,,"Trade, Repair, Hotels and Restaurants",Trade & Repair Services,,,522,32780,₹ Crore
2011-12,Back,1956-57,Gross Value Added,Annual,,"Trade, Repair, Hotels and Restaurants",Hotels & Restaurants,,,40,2847,₹ Crore
2011-12,Back,1956-57,Gross Value Added,Annual,,"Trade, Repair, Hotels and Restaurants",,,,566,35692,₹ Crore
2011-12,Back,1956-57,Gross Value Added,Annual,,"Transport, Storage, Communication & Services Related to Broadcasting",Railways,,,311,5001,₹ Crore
2011-12,Back,1956-57,Gross Value Added,Annual,,"Transport, Storage, Communication & Services Related to Broadcasting",Storage,,,6,353,₹ Crore
2011-12,Back,1956-57,Gross Value Added,Annual,,"Transport, Storage, Communication & Services Related to Broadcasting",Communication & Services Related to Broadcasting,,,65,1029,₹ Crore
2011-12,Back,1956-57,Gross Value Added,Annual,,"Transport, Storage, Communication & Services Related to Broadcasting",Transport by Other Means,,,129,7490,₹ Crore
2011-12,Back,1956-57,Gross Value Added,Annual,,"Transport, Storage, Communication & Services Related to Broadcasting",,,,432,12383,₹ Crore
2011-12,Back,1956-57,Gross Value Added,Annual,,Financial Services,,,,116,6625,₹ Crore
2011-12,Back,1956-57,Gross Value Added,Annual,,"Real Estate, Ownership of Dwelling & Professional Services",,,,2703,64012,₹ Crore
2011-12,Back,1956-57,Gross Value Added,Annual,,Public Administration and Defence,,,,479,16817,₹ Crore
2011-12,Back,1956-57,Gross Value Added,Annual,,Other Services,,,,720,26824,₹ Crore
2011-12,Back,1956-57,Gross Value Added,Annual,,Total Gross Value Added,,,,12672,604570,₹ Crore
2011-12,Back,1956-57,Gross Value Added,Annual,,,,,,12672,604570,₹ Crore
2011-12,Back,1955-56,Gross Value Added,Annual,,"Agriculture, Livestock, Forestry and Fishing",Crops,,,3193,215284,₹ Crore
2011-12,Back,1955-56,Gross Value Added,Annual,,"Agriculture, Livestock, Forestry and Fishing",Livestock,,,939,61976,₹ Crore
2011-12,Back,1955-56,Gross Value Added,Annual,,"Agriculture, Livestock, Forestry and Fishing",Forestry and Logging,,,652,89387,₹ Crore
2011-12,Back,1955-56,Gross Value Added,Annual,,"Agriculture, Livestock, Forestry and Fishing",Fishing and Aquaculture,,,52,6534,₹ Crore
2011-12,Back,1955-56,Gross Value Added,Annual,,"Agriculture, Livestock, Forestry and Fishing",,,,4771,340302,₹ Crore
2011-12,Back,1955-56,Gross Value Added,Annual,,Mining and Quarrying,,,,103,17337,₹ Crore
2011-12,Back,1955-56,Gross Value Added,Annual,,Manufacturing,"Food Products, Beverages and Tobacco",,,162,8885,₹ Crore
2011-12,Back,1955-56,Gross Value Added,Annual,,Manufacturing,"Textiles, Apparel and Leather Products",,,422,11190,₹ Crore
2011-12,Back,1955-56,Gross Value Added,Annual,,Manufacturing,Metal Products,,,135,8556,₹ Crore
2011-12,Back,1955-56,Gross Value Added,Annual,,Manufacturing,Machinery and Equipment,,,163,4319,₹ Crore
2011-12,Back,1955-56,Gross Value Added,Annual,,Manufacturing,Other Manufactured Goods,,,463,17748,₹ Crore
2011-12,Back,1955-56,Gross Value Added,Annual,,Manufacturing,,,,1472,58293,₹ Crore
2011-12,Back,1955-56,Gross Value Added,Annual,,"Electricity, Gas, Water Supply & Other Utility Services",,,,51,2227,₹ Crore
2011-12,Back,1955-56,Gross Value Added,Annual,,Construction,,,,440,34993,₹ Crore
2011-12,Back,1955-56,Gross Value Added,Annual,,"Trade, Repair, Hotels and Restaurants",Trade & Repair Services,,,447,30643,₹ Crore
2011-12,Back,1955-56,Gross Value Added,Annual,,"Trade, Repair, Hotels and Restaurants",Hotels & Restaurants,,,34,2658,₹ Crore
2011-12,Back,1955-56,Gross Value Added,Annual,,"Trade, Repair, Hotels and Restaurants",,,,483,33336,₹ Crore
2011-12,Back,1955-56,Gross Value Added,Annual,,"Transport, Storage, Communication & Services Related to Broadcasting",Railways,,,282,4587,₹ Crore
2011-12,Back,1955-56,Gross Value Added,Annual,,"Transport, Storage, Communication & Services Related to Broadcasting",Storage,,,5,333,₹ Crore
2011-12,Back,1955-56,Gross Value Added,Annual,,"Transport, Storage, Communication & Services Related to Broadcasting",Communication & Services Related to Broadcasting,,,60,945,₹ Crore
2011-12,Back,1955-56,Gross Value Added,Annual,,"Transport, Storage, Communication & Services Related to Broadcasting",Transport by Other Means,,,110,6982,₹ Crore
2011-12,Back,1955-56,Gross Value Added,Annual,,"Transport, Storage, Communication & Services Related to Broadcasting",,,,383,11446,₹ Crore
2011-12,Back,1955-56,Gross Value Added,Annual,,Financial Services,,,,95,6709,₹ Crore
2011-12,Back,1955-56,Gross Value Added,Annual,,"Real Estate, Ownership of Dwelling & Professional Services",,,,2519,62597,₹ Crore
2011-12,Back,1955-56,Gross Value Added,Annual,,Public Administration and Defence,,,,447,15688,₹ Crore
2011-12,Back,1955-56,Gross Value Added,Annual,,Other Services,,,,693,26155,₹ Crore
2011-12,Back,1955-56,Gross Value Added,Annual,,Total Gross Value Added,,,,10615,572009,₹ Crore
2011-12,Back,1955-56,Gross Value Added,Annual,,,,,,10615,572009,₹ Crore
2011-12,Back,1954-55,Gross Value Added,Annual,,"Agriculture, Livestock, Forestry and Fishing",Crops,,,3304,218516,₹ Crore
2011-12,Back,1954-55,Gross Value Added,Annual,,"Agriculture, Livestock, Forestry and Fishing",Livestock,,,972,62895,₹ Crore
2011-12,Back,1954-55,Gross Value Added,Annual,,"Agriculture, Livestock, Forestry and Fishing",Forestry and Logging,,,655,85924,₹ Crore
2011-12,Back,1954-55,Gross Value Added,Annual,,"Agriculture, Livestock, Forestry and Fishing",Fishing and Aquaculture,,,45,6042,₹ Crore
2011-12,Back,1954-55,Gross Value Added,Annual,,"Agriculture, Livestock, Forestry and Fishing",,,,4920,343268,₹ Crore
2011-12,Back,1954-55,Gross Value Added,Annual,,Mining and Quarrying,,,,100,17068,₹ Crore
2011-12,Back,1954-55,Gross Value Added,Annual,,Manufacturing,"Food Products, Beverages and Tobacco",,,197,8416,₹ Crore
2011-12,Back,1954-55,Gross Value Added,Annual,,Manufacturing,"Textiles, Apparel and Leather Products",,,437,10774,₹ Crore
2011-12,Back,1954-55,Gross Value Added,Annual,,Manufacturing,Metal Products,,,115,8004,₹ Crore
2011-12,Back,1954-55,Gross Value Added,Annual,,Manufacturing,Machinery and Equipment,,,115,3002,₹ Crore
2011-12,Back,1954-55,Gross Value Added,Annual,,Manufacturing,Other Manufactured Goods,,,406,15800,₹ Crore
2011-12,Back,1954-55,Gross Value Added,Annual,,Manufacturing,,,,1433,54060,₹ Crore
2011-12,Back,1954-55,Gross Value Added,Annual,,"Electricity, Gas, Water Supply & Other Utility Services",,,,44,2003,₹ Crore
2011-12,Back,1954-55,Gross Value Added,Annual,,Construction,,,,352,29421,₹ Crore
2011-12,Back,1954-55,Gross Value Added,Annual,,"Trade, Repair, Hotels and Restaurants",Trade & Repair Services,,,438,28579,₹ Crore
2011-12,Back,1954-55,Gross Value Added,Annual,,"Trade, Repair, Hotels and Restaurants",Hotels & Restaurants,,,33,2463,₹ Crore
2011-12,Back,1954-55,Gross Value Added,Annual,,"Trade, Repair, Hotels and Restaurants",,,,473,31045,₹ Crore
2011-12,Back,1954-55,Gross Value Added,Annual,,"Transport, Storage, Communication & Services Related to Broadcasting",Railways,,,256,4150,₹ Crore
2011-12,Back,1954-55,Gross Value Added,Annual,,"Transport, Storage, Communication & Services Related to Broadcasting",Storage,,,6,333,₹ Crore
2011-12,Back,1954-55,Gross Value Added,Annual,,"Transport, Storage, Communication & Services Related to Broadcasting",Communication & Services Related to Broadcasting,,,55,868,₹ Crore
2011-12,Back,1954-55,Gross Value Added,Annual,,"Transport, Storage, Communication & Services Related to Broadcasting",Transport by Other Means,,,109,6576,₹ Crore
2011-12,Back,1954-55,Gross Value Added,Annual,,"Transport, Storage, Communication & Services Related to Broadcasting",,,,361,10691,₹ Crore
2011-12,Back,1954-55,Gross Value Added,Annual,,Financial Services,,,,84,5872,₹ Crore
2011-12,Back,1954-55,Gross Value Added,Annual,,"Real Estate, Ownership of Dwelling & Professional Services",,,,2357,61161,₹ Crore
2011-12,Back,1954-55,Gross Value Added,Annual,,Public Administration and Defence,,,,404,15093,₹ Crore
2011-12,Back,1954-55,Gross Value Added,Annual,,Other Services,,,,667,25461,₹ Crore
2011-12,Back,1954-55,Gross Value Added,Annual,,Total Gross Value Added,,,,10447,557723,₹ Crore
2011-12,Back,1954-55,Gross Value Added,Annual,,,,,,10447,557723,₹ Crore
2011-12,Back,1953-54,Gross Value Added,Annual,,"Agriculture, Livestock, Forestry and Fishing",Crops,,,3939,212573,₹ Crore
2011-12,Back,1953-54,Gross Value Added,Annual,,"Agriculture, Livestock, Forestry and Fishing",Livestock,,,1159,61206,₹ Crore
2011-12,Back,1953-54,Gross Value Added,Annual,,"Agriculture, Livestock, Forestry and Fishing",Forestry and Logging,,,603,82810,₹ Crore
2011-12,Back,1953-54,Gross Value Added,Annual,,"Agriculture, Livestock, Forestry and Fishing",Fishing and Aquaculture,,,41,5621,₹ Crore
2011-12,Back,1953-54,Gross Value Added,Annual,,"Agriculture, Livestock, Forestry and Fishing",,,,5784,333466,₹ Crore
2011-12,Back,1953-54,Gross Value Added,Annual,,Mining and Quarrying,,,,96,16368,₹ Crore
2011-12,Back,1953-54,Gross Value Added,Annual,,Manufacturing,"Food Products, Beverages and Tobacco",,,176,7950,₹ Crore
2011-12,Back,1953-54,Gross Value Added,Annual,,Manufacturing,"Textiles, Apparel and Leather Products",,,452,10419,₹ Crore
2011-12,Back,1953-54,Gross Value Added,Annual,,Manufacturing,Metal Products,,,97,6837,₹ Crore
2011-12,Back,1953-54,Gross Value Added,Annual,,Manufacturing,Machinery and Equipment,,,85,2140,₹ Crore
2011-12,Back,1953-54,Gross Value Added,Annual,,Manufacturing,Other Manufactured Goods,,,379,14549,₹ Crore
2011-12,Back,1953-54,Gross Value Added,Annual,,Manufacturing,,,,1381,50520,₹ Crore
2011-12,Back,1953-54,Gross Value Added,Annual,,"Electricity, Gas, Water Supply & Other Utility Services",,,,40,1844,₹ Crore
2011-12,Back,1953-54,Gross Value Added,Annual,,Construction,,,,317,26182,₹ Crore
2011-12,Back,1953-54,Gross Value Added,Annual,,"Trade, Repair, Hotels and Restaurants",Trade & Repair Services,,,431,26729,₹ Crore
2011-12,Back,1953-54,Gross Value Added,Annual,,"Trade, Repair, Hotels and Restaurants",Hotels & Restaurants,,,33,2318,₹ Crore
2011-12,Back,1953-54,Gross Value Added,Annual,,"Trade, Repair, Hotels and Restaurants",,,,465,29021,₹ Crore
2011-12,Back,1953-54,Gross Value Added,Annual,,"Transport, Storage, Communication & Services Related to Broadcasting",Railways,,,233,3954,₹ Crore
2011-12,Back,1953-54,Gross Value Added,Annual,,"Transport, Storage, Communication & Services Related to Broadcasting",Storage,,,6,333,₹ Crore
2011-12,Back,1953-54,Gross Value Added,Annual,,"Transport, Storage, Communication & Services Related to Broadcasting",Communication & Services Related to Broadcasting,,,52,807,₹ Crore
2011-12,Back,1953-54,Gross Value Added,Annual,,"Transport, Storage, Communication & Services Related to Broadcasting",Transport by Other Means,,,111,6263,₹ Crore
2011-12,Back,1953-54,Gross Value Added,Annual,,"Transport, Storage, Communication & Services Related to Broadcasting",,,,345,10179,₹ Crore
2011-12,Back,1953-54,Gross Value Added,Annual,,Financial Services,,,,84,5199,₹ Crore
2011-12,Back,1953-54,Gross Value Added,Annual,,"Real Estate, Ownership of Dwelling & Professional Services",,,,2191,59818,₹ Crore
2011-12,Back,1953-54,Gross Value Added,Annual,,Public Administration and Defence,,,,382,14294,₹ Crore
2011-12,Back,1953-54,Gross Value Added,Annual,,Other Services,,,,661,24756,₹ Crore
2011-12,Back,1953-54,Gross Value Added,Annual,,Total Gross Value Added,,,,11121,535010,₹ Crore
2011-12,Back,1953-54,Gross Value Added,Annual,,,,,,11121,535010,₹ Crore
2011-12,Back,1952-53,Gross Value Added,Annual,,"Agriculture, Livestock, Forestry and Fishing",Crops,,,3552,195033,₹ Crore
2011-12,Back,1952-53,Gross Value Added,Annual,,"Agriculture, Livestock, Forestry and Fishing",Livestock,,,1045,56188,₹ Crore
2011-12,Back,1952-53,Gross Value Added,Annual,,"Agriculture, Livestock, Forestry and Fishing",Forestry and Logging,,,611,85539,₹ Crore
2011-12,Back,1952-53,Gross Value Added,Annual,,"Agriculture, Livestock, Forestry and Fishing",Fishing and Aquaculture,,,44,5503,₹ Crore
2011-12,Back,1952-53,Gross Value Added,Annual,,"Agriculture, Livestock, Forestry and Fishing",,,,5250,309622,₹ Crore
2011-12,Back,1952-53,Gross Value Added,Annual,,Mining and Quarrying,,,,95,16125,₹ Crore
2011-12,Back,1952-53,Gross Value Added,Annual,,Manufacturing,"Food Products, Beverages and Tobacco",,,130,7699,₹ Crore
2011-12,Back,1952-53,Gross Value Added,Annual,,Manufacturing,"Textiles, Apparel and Leather Products",,,400,9615,₹ Crore
2011-12,Back,1952-53,Gross Value Added,Annual,,Manufacturing,Metal Products,,,86,6535,₹ Crore
2011-12,Back,1952-53,Gross Value Added,Annual,,Manufacturing,Machinery and Equipment,,,76,1900,₹ Crore
2011-12,Back,1952-53,Gross Value Added,Annual,,Manufacturing,Other Manufactured Goods,,,388,13848,₹ Crore
2011-12,Back,1952-53,Gross Value Added,Annual,,Manufacturing,,,,1225,46890,₹ Crore
2011-12,Back,1952-53,Gross Value Added,Annual,,"Electricity, Gas, Water Supply & Other Utility Services",,,,37,1710,₹ Crore
2011-12,Back,1952-53,Gross Value Added,Annual,,Construction,,,,316,25398,₹ Crore
2011-12,Back,1952-53,Gross Value Added,Annual,,"Trade, Repair, Hotels and Restaurants",Trade & Repair Services,,,404,25776,₹ Crore
2011-12,Back,1952-53,Gross Value Added,Annual,,"Trade, Repair, Hotels and Restaurants",Hotels & Restaurants,,,30,2220,₹ Crore
2011-12,Back,1952-53,Gross Value Added,Annual,,"Trade, Repair, Hotels and Restaurants",,,,434,27958,₹ Crore
2011-12,Back,1952-53,Gross Value Added,Annual,,"Transport, Storage, Communication & Services Related to Broadcasting",Railways,,,230,3920,₹ Crore
2011-12,Back,1952-53,Gross Value Added,Annual,,"Transport, Storage, Communication & Services Related to Broadcasting",Storage,,,5,323,₹ Crore
2011-12,Back,1952-53,Gross Value Added,Annual,,"Transport, Storage, Communication & Services Related to Broadcasting",Communication & Services Related to Broadcasting,,,51,766,₹ Crore
2011-12,Back,1952-53,Gross Value Added,Annual,,"Transport, Storage, Communication & Services Related to Broadcasting",Transport by Other Means,,,101,5989,₹ Crore
2011-12,Back,1952-53,Gross Value Added,Annual,,"Transport, Storage, Communication & Services Related to Broadcasting",,,,329,9831,₹ Crore
2011-12,Back,1952-53,Gross Value Added,Annual,,Financial Services,,,,73,5380,₹ Crore
2011-12,Back,1952-53,Gross Value Added,Annual,,"Real Estate, Ownership of Dwelling & Professional Services",,,,2041,58467,₹ Crore
2011-12,Back,1952-53,Gross Value Added,Annual,,Public Administration and Defence,,,,358,13695,₹ Crore
2011-12,Back,1952-53,Gross Value Added,Annual,,Other Services,,,,642,24123,₹ Crore
2011-12,Back,1952-53,Gross Value Added,Annual,,Total Gross Value Added,,,,10213,504315,₹ Crore
2011-12,Back,1952-53,Gross Value Added,Annual,,,,,,10213,504315,₹ Crore
2011-12,Back,1951-52,Gross Value Added,Annual,,"Agriculture, Livestock, Forestry and Fishing",Crops,,,3612,187244,₹ Crore
2011-12,Back,1951-52,Gross Value Added,Annual,,"Agriculture, Livestock, Forestry and Fishing",Livestock,,,1063,53934,₹ Crore
2011-12,Back,1951-52,Gross Value Added,Annual,,"Agriculture, Livestock, Forestry and Fishing",Forestry and Logging,,,762,90402,₹ Crore
2011-12,Back,1951-52,Gross Value Added,Annual,,"Agriculture, Livestock, Forestry and Fishing",Fishing and Aquaculture,,,42,5216,₹ Crore
2011-12,Back,1951-52,Gross Value Added,Annual,,"Agriculture, Livestock, Forestry and Fishing",,,,5389,300155,₹ Crore
2011-12,Back,1951-52,Gross Value Added,Annual,,Mining and Quarrying,,,,92,15762,₹ Crore
2011-12,Back,1951-52,Gross Value Added,Annual,,Manufacturing,"Food Products, Beverages and Tobacco",,,165,7530,₹ Crore
2011-12,Back,1951-52,Gross Value Added,Annual,,Manufacturing,"Textiles, Apparel and Leather Products",,,445,8952,₹ Crore
2011-12,Back,1951-52,Gross Value Added,Annual,,Manufacturing,Metal Products,,,81,6645,₹ Crore
2011-12,Back,1951-52,Gross Value Added,Annual,,Manufacturing,Machinery and Equipment,,,97,2516,₹ Crore
2011-12,Back,1951-52,Gross Value Added,Annual,,Manufacturing,Other Manufactured Goods,,,343,13589,₹ Crore
2011-12,Back,1951-52,Gross Value Added,Annual,,Manufacturing,,,,1302,45314,₹ Crore
2011-12,Back,1951-52,Gross Value Added,Annual,,"Electricity, Gas, Water Supply & Other Utility Services",,,,36,1635,₹ Crore
2011-12,Back,1951-52,Gross Value Added,Annual,,Construction,,,,340,27383,₹ Crore
2011-12,Back,1951-52,Gross Value Added,Annual,,"Trade, Repair, Hotels and Restaurants",Trade & Repair Services,,,396,24806,₹ Crore
2011-12,Back,1951-52,Gross Value Added,Annual,,"Trade, Repair, Hotels and Restaurants",Hotels & Restaurants,,,32,2270,₹ Crore
2011-12,Back,1951-52,Gross Value Added,Annual,,"Trade, Repair, Hotels and Restaurants",,,,428,27011,₹ Crore
2011-12,Back,1951-52,Gross Value Added,Annual,,"Transport, Storage, Communication & Services Related to Broadcasting",Railways,,,240,3989,₹ Crore
2011-12,Back,1951-52,Gross Value Added,Annual,,"Transport, Storage, Communication & Services Related to Broadcasting",Storage,,,5,323,₹ Crore
2011-12,Back,1951-52,Gross Value Added,Annual,,"Transport, Storage, Communication & Services Related to Broadcasting",Communication & Services Related to Broadcasting,,,50,724,₹ Crore
2011-12,Back,1951-52,Gross Value Added,Annual,,"Transport, Storage, Communication & Services Related to Broadcasting",Transport by Other Means,,,99,5737,₹ Crore
2011-12,Back,1951-52,Gross Value Added,Annual,,"Transport, Storage, Communication & Services Related to Broadcasting",,,,333,9589,₹ Crore
2011-12,Back,1951-52,Gross Value Added,Annual,,Financial Services,,,,84,4600,₹ Crore
2011-12,Back,1951-52,Gross Value Added,Annual,,"Real Estate, Ownership of Dwelling & Professional Services",,,,1904,57117,₹ Crore
2011-12,Back,1951-52,Gross Value Added,Annual,,Public Administration and Defence,,,,349,13561,₹ Crore
2011-12,Back,1951-52,Gross Value Added,Annual,,Other Services,,,,618,23549,₹ Crore
2011-12,Back,1951-52,Gross Value Added,Annual,,Total Gross Value Added,,,,10356,490398,₹ Crore
2011-12,Back,1951-52,Gross Value Added,Annual,,,,,,10356,490398,₹ Crore
2011-12,Back,1950-51,Gross Value Added,Annual,,"Agriculture, Livestock, Forestry and Fishing",Crops,,,3492,184224,₹ Crore
2011-12,Back,1950-51,Gross Value Added,Annual,,"Agriculture, Livestock, Forestry and Fishing",Livestock,,,1027,53082,₹ Crore
2011-12,Back,1950-51,Gross Value Added,Annual,,"Agriculture, Livestock, Forestry and Fishing",Forestry and Logging,,,768,90612,₹ Crore
2011-12,Back,1950-51,Gross Value Added,Annual,,"Agriculture, Livestock, Forestry and Fishing",Fishing and Aquaculture,,,39,4913,₹ Crore
2011-12,Back,1950-51,Gross Value Added,Annual,,"Agriculture, Livestock, Forestry and Fishing",,,,5219,295745,₹ Crore
2011-12,Back,1950-51,Gross Value Added,Annual,,Mining and Quarrying,,,,82,14032,₹ Crore
2011-12,Back,1950-51,Gross Value Added,Annual,,Manufacturing,"Food Products, Beverages and Tobacco",,,177,7420,₹ Crore
2011-12,Back,1950-51,Gross Value Added,Annual,,Manufacturing,"Textiles, Apparel and Leather Products",,,387,8643,₹ Crore
2011-12,Back,1950-51,Gross Value Added,Annual,,Manufacturing,Metal Products,,,72,6491,₹ Crore
2011-12,Back,1950-51,Gross Value Added,Annual,,Manufacturing,Machinery and Equipment,,,77,2458,₹ Crore
2011-12,Back,1950-51,Gross Value Added,Annual,,Manufacturing,Other Manufactured Goods,,,311,13270,₹ Crore
2011-12,Back,1950-51,Gross Value Added,Annual,,Manufacturing,,,,1173,43927,₹ Crore
2011-12,Back,1950-51,Gross Value Added,Annual,,"Electricity, Gas, Water Supply & Other Utility Services",,,,29,1465,₹ Crore
2011-12,Back,1950-51,Gross Value Added,Annual,,Construction,,,,298,25631,₹ Crore
2011-12,Back,1950-51,Gross Value Added,Annual,,"Trade, Repair, Hotels and Restaurants",Trade & Repair Services,,,374,24323,₹ Crore
2011-12,Back,1950-51,Gross Value Added,Annual,,"Trade, Repair, Hotels and Restaurants",Hotels & Restaurants,,,28,2122,₹ Crore
2011-12,Back,1950-51,Gross Value Added,Annual,,"Trade, Repair, Hotels and Restaurants",,,,402,26404,₹ Crore
2011-12,Back,1950-51,Gross Value Added,Annual,,"Transport, Storage, Communication & Services Related to Broadcasting",Railways,,,208,3930,₹ Crore
2011-12,Back,1950-51,Gross Value Added,Annual,,"Transport, Storage, Communication & Services Related to Broadcasting",Storage,,,5,303,₹ Crore
2011-12,Back,1950-51,Gross Value Added,Annual,,"Transport, Storage, Communication & Services Related to Broadcasting",Communication & Services Related to Broadcasting,,,45,682,₹ Crore
2011-12,Back,1950-51,Gross Value Added,Annual,,"Transport, Storage, Communication & Services Related to Broadcasting",Transport by Other Means,,,91,5490,₹ Crore
2011-12,Back,1950-51,Gross Value Added,Annual,,"Transport, Storage, Communication & Services Related to Broadcasting",,,,297,9241,₹ Crore
2011-12,Back,1950-51,Gross Value Added,Annual,,Financial Services,,,,73,4463,₹ Crore
2011-12,Back,1950-51,Gross Value Added,Annual,,"Real Estate, Ownership of Dwelling & Professional Services",,,,1780,55844,₹ Crore
2011-12,Back,1950-51,Gross Value Added,Annual,,Public Administration and Defence,,,,333,13247,₹ Crore
2011-12,Back,1950-51,Gross Value Added,Annual,,Other Services,,,,594,22814,₹ Crore
2011-12,Back,1950-51,Gross Value Added,Annual,,Total Gross Value Added,,,,9809,479209,₹ Crore
2011-12,Back,1950-51,Gross Value Added,Annual,,,,,,9809,479209,₹ Crore
